Using pre-set license
Built from '2022.3/staging' branch; Version is '2022.3.50f1 (c3db7f8bf9b1) revision 12835711'; Using compiler version '192829333'; Build Type 'Release'
OS: 'Windows 11  (10.0.26100) 64bit Core' Language: 'en' Physical Memory: 16058 MB
BatchMode: 1, IsHumanControllingUs: 0, StartBugReporterOnCrash: 0, Is64bit: 1, IsPro: 1

COMMAND LINE ARGUMENTS:
C:\Program Files\Unity\Hub\Editor\2022.3.50f1\Editor\Unity.exe
-adb2
-batchMode
-noUpm
-name
AssetImportWorker1
-projectPath
C:/Users/willi/Documents/Coursework/Year 2/Software engineering/SoftEng/software-engineering-group24-25-05/Game
-logFile
Logs/AssetImportWorker1.log
-srvPort
57018
Successfully changed project path to: C:/Users/willi/Documents/Coursework/Year 2/Software engineering/SoftEng/software-engineering-group24-25-05/Game
C:/Users/willi/Documents/Coursework/Year 2/Software engineering/SoftEng/software-engineering-group24-25-05/Game
[UnityMemory] Configuration Parameters - Can be set up in boot.config
    "memorysetup-bucket-allocator-granularity=16"
    "memorysetup-bucket-allocator-bucket-count=8"
    "memorysetup-bucket-allocator-block-size=33554432"
    "memorysetup-bucket-allocator-block-count=8"
    "memorysetup-main-allocator-block-size=16777216"
    "memorysetup-thread-allocator-block-size=16777216"
    "memorysetup-gfx-main-allocator-block-size=16777216"
    "memorysetup-gfx-thread-allocator-block-size=16777216"
    "memorysetup-cache-allocator-block-size=4194304"
    "memorysetup-typetree-allocator-block-size=2097152"
    "memorysetup-profiler-bucket-allocator-granularity=16"
    "memorysetup-profiler-bucket-allocator-bucket-count=8"
    "memorysetup-profiler-bucket-allocator-block-size=33554432"
    "memorysetup-profiler-bucket-allocator-block-count=8"
    "memorysetup-profiler-allocator-block-size=16777216"
    "memorysetup-profiler-editor-allocator-block-size=1048576"
    "memorysetup-temp-allocator-size-main=16777216"
    "memorysetup-job-temp-allocator-block-size=2097152"
    "memorysetup-job-temp-allocator-block-size-background=1048576"
    "memorysetup-job-temp-allocator-reduction-small-platforms=262144"
    "memorysetup-allocator-temp-initial-block-size-main=262144"
    "memorysetup-allocator-temp-initial-block-size-worker=262144"
    "memorysetup-temp-allocator-size-background-worker=32768"
    "memorysetup-temp-allocator-size-job-worker=262144"
    "memorysetup-temp-allocator-size-preload-manager=33554432"
    "memorysetup-temp-allocator-size-nav-mesh-worker=65536"
    "memorysetup-temp-allocator-size-audio-worker=65536"
    "memorysetup-temp-allocator-size-cloud-worker=32768"
    "memorysetup-temp-allocator-size-gi-baking-worker=262144"
    "memorysetup-temp-allocator-size-gfx=262144"
Player connection [10468]  Target information:

Player connection [10468]  * "[IP] 192.168.56.1 [Port] 0 [Flags] 2 [Guid] 2564944906 [EditorId] 2564944906 [Version] 1048832 [Id] WindowsEditor(7,WillsLaptop) [Debug] 1 [PackageName] WindowsEditor [ProjectName] Editor" 

Player connection [10468]  * "[IP] 172.21.176.1 [Port] 0 [Flags] 2 [Guid] 2564944906 [EditorId] 2564944906 [Version] 1048832 [Id] WindowsEditor(7,WillsLaptop) [Debug] 1 [PackageName] WindowsEditor [ProjectName] Editor" 

Player connection [10468]  * "[IP] 10.247.21.237 [Port] 0 [Flags] 2 [Guid] 2564944906 [EditorId] 2564944906 [Version] 1048832 [Id] WindowsEditor(7,WillsLaptop) [Debug] 1 [PackageName] WindowsEditor [ProjectName] Editor" 

Player connection [10468] Host joined multi-casting on [225.0.0.222:54997]...
Player connection [10468] Host joined alternative multi-casting on [225.0.0.222:34997]...
[PhysX] Initialized MultithreadedTaskDispatcher with 12 workers.
Refreshing native plugins compatible for Editor in 43.45 ms, found 4 plugins.
Preloading 0 native plugins for Editor in 0.00 ms.
Initialize engine version: 2022.3.50f1 (c3db7f8bf9b1)
[Subsystems] Discovering subsystems at path C:/Program Files/Unity/Hub/Editor/2022.3.50f1/Editor/Data/Resources/UnitySubsystems
[Subsystems] Discovering subsystems at path C:/Users/willi/Documents/Coursework/Year 2/Software engineering/SoftEng/software-engineering-group24-25-05/Game/Assets
GfxDevice: creating device client; threaded=0; jobified=0
Direct3D:
    Version:  Direct3D 11.0 [level 11.1]
    Renderer: NVIDIA GeForce RTX 2050 (ID=0x25a9)
    Vendor:   NVIDIA
    VRAM:     3965 MB
    Driver:   32.0.15.5597
Initialize mono
Mono path[0] = 'C:/Program Files/Unity/Hub/Editor/2022.3.50f1/Editor/Data/Managed'
Mono path[1] = 'C:/Program Files/Unity/Hub/Editor/2022.3.50f1/Editor/Data/MonoBleedingEdge/lib/mono/unityjit-win32'
Mono config path = 'C:/Program Files/Unity/Hub/Editor/2022.3.50f1/Editor/Data/MonoBleedingEdge/etc'
Using monoOptions --debugger-agent=transport=dt_socket,embedding=1,server=y,suspend=n,address=127.0.0.1:56020
Begin MonoManager ReloadAssembly
Registering precompiled unity dll's ...
Register platform support module: C:/Program Files/Unity/Hub/Editor/2022.3.50f1/Editor/Data/PlaybackEngines/WebGLSupport/UnityEditor.WebGL.Extensions.dll
Register platform support module: C:/Program Files/Unity/Hub/Editor/2022.3.50f1/Editor/Data/PlaybackEngines/WindowsStandaloneSupport/UnityEditor.WindowsStandalone.Extensions.dll
Registered in 0.054593 seconds.
- Loaded All Assemblies, in  0.869 seconds
Native extension for WindowsStandalone target not found
Native extension for WebGL target not found
Mono: successfully reloaded assembly
- Finished resetting the current domain, in  0.698 seconds
Domain Reload Profiling: 1563ms
	BeginReloadAssembly (326ms)
		ExecutionOrderSort (0ms)
		DisableScriptedObjects (0ms)
		BackupInstance (0ms)
		ReleaseScriptingObjects (0ms)
		CreateAndSetChildDomain (2ms)
	RebuildCommonClasses (62ms)
	RebuildNativeTypeToScriptingClass (17ms)
	initialDomainReloadingComplete (156ms)
	LoadAllAssembliesAndSetupDomain (303ms)
		LoadAssemblies (318ms)
		RebuildTransferFunctionScriptingTraits (0ms)
		AnalyzeDomain (299ms)
			TypeCache.Refresh (295ms)
				TypeCache.ScanAssembly (272ms)
			ScanForSourceGeneratedMonoScriptInfo (1ms)
			ResolveRequiredComponents (2ms)
	FinalizeReload (699ms)
		ReleaseScriptCaches (0ms)
		RebuildScriptCaches (0ms)
		SetupLoadedEditorAssemblies (590ms)
			LogAssemblyErrors (0ms)
			InitializePlatformSupportModulesInManaged (26ms)
			SetLoadedEditorAssemblies (14ms)
			RefreshPlugins (0ms)
			BeforeProcessingInitializeOnLoad (7ms)
			ProcessInitializeOnLoadAttributes (395ms)
			ProcessInitializeOnLoadMethodAttributes (148ms)
			AfterProcessingInitializeOnLoad (0ms)
			EditorAssembliesLoaded (0ms)
		ExecutionOrderSort2 (0ms)
		AwakeInstancesAfterBackupRestoration (0ms)
========================================================================
Worker process is ready to serve import requests
Caller must complete domain reload
Begin MonoManager ReloadAssembly
- Loaded All Assemblies, in  1.146 seconds
Native extension for WindowsStandalone target not found
Native extension for WebGL target not found
Mono: successfully reloaded assembly
- Finished resetting the current domain, in  1.348 seconds
Domain Reload Profiling: 2490ms
	BeginReloadAssembly (219ms)
		ExecutionOrderSort (0ms)
		DisableScriptedObjects (7ms)
		BackupInstance (0ms)
		ReleaseScriptingObjects (0ms)
		CreateAndSetChildDomain (28ms)
	RebuildCommonClasses (55ms)
	RebuildNativeTypeToScriptingClass (13ms)
	initialDomainReloadingComplete (58ms)
	LoadAllAssembliesAndSetupDomain (796ms)
		LoadAssemblies (658ms)
		RebuildTransferFunctionScriptingTraits (0ms)
		AnalyzeDomain (269ms)
			TypeCache.Refresh (227ms)
				TypeCache.ScanAssembly (206ms)
			ScanForSourceGeneratedMonoScriptInfo (28ms)
			ResolveRequiredComponents (11ms)
	FinalizeReload (1350ms)
		ReleaseScriptCaches (0ms)
		RebuildScriptCaches (0ms)
		SetupLoadedEditorAssemblies (1090ms)
			LogAssemblyErrors (0ms)
			InitializePlatformSupportModulesInManaged (10ms)
			SetLoadedEditorAssemblies (6ms)
			RefreshPlugins (0ms)
			BeforeProcessingInitializeOnLoad (112ms)
			ProcessInitializeOnLoadAttributes (847ms)
			ProcessInitializeOnLoadMethodAttributes (94ms)
			AfterProcessingInitializeOnLoad (20ms)
			EditorAssembliesLoaded (1ms)
		ExecutionOrderSort2 (0ms)
		AwakeInstancesAfterBackupRestoration (17ms)
Launched and connected shader compiler UnityShaderCompiler.exe after 0.10 seconds
Refreshing native plugins compatible for Editor in 18.51 ms, found 4 plugins.
Preloading 0 native plugins for Editor in 0.00 ms.
Unloading 4364 Unused Serialized files (Serialized files now loaded: 0)
Unloading 40 unused Assets / (241.2 KB). Loaded Objects now: 4830.
Memory consumption went from 147.3 MB to 147.1 MB.
Total: 9.546600 ms (FindLiveObjects: 1.306100 ms CreateObjectMapping: 0.375400 ms MarkObjects: 7.346700 ms  DeleteObjects: 0.514800 ms)

AssetImportParameters requested are different than current active one (requested -> active):
  custom:container-demuxer-ogg: 62fdf1f143b41e24485cea50d1cbac27 -> 
  custom:video-decoder-ogg-theora: a1e56fd34408186e4bbccfd4996cb3dc -> 
  custom:framework-win-MediaFoundation: 216162199b28c13a410421893ffa2e32 -> 
  custom:CustomObjectIndexerAttribute: 9a22284fe3817be447336de3de66b15e -> 
  custom:container-demuxer-webm: 4f35f7cbe854078d1ac9338744f61a02 -> 
  custom:container-muxer-webm: aa71ff27fc2769a1b78a27578f13a17b -> 
  custom:video-decoder-webm-vp8: 9c59270c3fd7afecdb556c50c9e8de78 -> 
  custom:SearchIndexIgnoredProperties: e643bd26f0fe6173181afceb89e7c659 -> 
  custom:AudioImporter_EditorPlatform: d09bf68614088b80899f8185d706f6e7 -> 
  custom:video-encoder-webm-vp8: eb34c28f22e8b96e1ab97ce403110664 -> 
  custom:audio-decoder-ogg-vorbis: bf7c407c2cedff20999df2af8eb42d56 -> 
  custom:audio-encoder-webm-vorbis: bf7c407c2cedff20999df2af8eb42d56 -> 
========================================================================
Received Prepare
Caller must complete domain reload
Begin MonoManager ReloadAssembly
- Loaded All Assemblies, in  2.471 seconds
Native extension for WindowsStandalone target not found
Native extension for WebGL target not found
Mono: successfully reloaded assembly
- Finished resetting the current domain, in  1.953 seconds
Domain Reload Profiling: 4416ms
	BeginReloadAssembly (1548ms)
		ExecutionOrderSort (0ms)
		DisableScriptedObjects (1136ms)
		BackupInstance (0ms)
		ReleaseScriptingObjects (0ms)
		CreateAndSetChildDomain (89ms)
	RebuildCommonClasses (89ms)
	RebuildNativeTypeToScriptingClass (26ms)
	initialDomainReloadingComplete (98ms)
	LoadAllAssembliesAndSetupDomain (700ms)
		LoadAssemblies (915ms)
		RebuildTransferFunctionScriptingTraits (0ms)
		AnalyzeDomain (35ms)
			TypeCache.Refresh (13ms)
				TypeCache.ScanAssembly (0ms)
			ScanForSourceGeneratedMonoScriptInfo (0ms)
			ResolveRequiredComponents (18ms)
	FinalizeReload (1955ms)
		ReleaseScriptCaches (0ms)
		RebuildScriptCaches (0ms)
		SetupLoadedEditorAssemblies (1460ms)
			LogAssemblyErrors (0ms)
			InitializePlatformSupportModulesInManaged (20ms)
			SetLoadedEditorAssemblies (13ms)
			RefreshPlugins (0ms)
			BeforeProcessingInitializeOnLoad (198ms)
			ProcessInitializeOnLoadAttributes (1122ms)
			ProcessInitializeOnLoadMethodAttributes (85ms)
			AfterProcessingInitializeOnLoad (21ms)
			EditorAssembliesLoaded (1ms)
		ExecutionOrderSort2 (0ms)
		AwakeInstancesAfterBackupRestoration (35ms)
Refreshing native plugins compatible for Editor in 21.34 ms, found 4 plugins.
Preloading 0 native plugins for Editor in 0.00 ms.
Unloading 4359 Unused Serialized files (Serialized files now loaded: 0)
Unloading 25 unused Assets / (213.2 KB). Loaded Objects now: 4835.
Memory consumption went from 146.5 MB to 146.3 MB.
Total: 7.765700 ms (FindLiveObjects: 0.506500 ms CreateObjectMapping: 0.495400 ms MarkObjects: 6.419900 ms  DeleteObjects: 0.340500 ms)

Prepare: number of updated asset objects reloaded= 0
AssetImportParameters requested are different than current active one (requested -> active):
  custom:container-demuxer-ogg: 62fdf1f143b41e24485cea50d1cbac27 -> 
  custom:video-decoder-ogg-theora: a1e56fd34408186e4bbccfd4996cb3dc -> 
  custom:framework-win-MediaFoundation: 216162199b28c13a410421893ffa2e32 -> 
  custom:CustomObjectIndexerAttribute: 9a22284fe3817be447336de3de66b15e -> 
  custom:container-demuxer-webm: 4f35f7cbe854078d1ac9338744f61a02 -> 
  custom:container-muxer-webm: aa71ff27fc2769a1b78a27578f13a17b -> 
  custom:video-decoder-webm-vp8: 9c59270c3fd7afecdb556c50c9e8de78 -> 
  custom:SearchIndexIgnoredProperties: e643bd26f0fe6173181afceb89e7c659 -> 
  custom:AudioImporter_EditorPlatform: d09bf68614088b80899f8185d706f6e7 -> 
  custom:video-encoder-webm-vp8: eb34c28f22e8b96e1ab97ce403110664 -> 
  custom:audio-decoder-ogg-vorbis: bf7c407c2cedff20999df2af8eb42d56 -> 
  custom:audio-encoder-webm-vorbis: bf7c407c2cedff20999df2af8eb42d56 -> 
========================================================================
Received Import Request.
  Time since last request: 545529.859428 seconds.
  path: Assets/MainMenuStyle.uss
  artifactKey: Guid(807a2b5bfa39f4b479fbe2a51d82c27d) Importer(815301076,1909f56bfc062723c751e8b465ee728b)
Start importing Assets/MainMenuStyle.uss using Guid(807a2b5bfa39f4b479fbe2a51d82c27d) Importer(815301076,1909f56bfc062723c751e8b465ee728b) [PhysX] Initialized MultithreadedTaskDispatcher with 12 workers.
 -> (artifact id: 'd9ab30c5d117d205137c52e14065d678') in 0.387326 seconds
Number of updated asset objects reloaded before import = 0
Number of asset objects unloaded after import = 1
========================================================================
Received Prepare
Caller must complete domain reload
Begin MonoManager ReloadAssembly
- Loaded All Assemblies, in  0.684 seconds
Native extension for WindowsStandalone target not found
Native extension for WebGL target not found
Mono: successfully reloaded assembly
- Finished resetting the current domain, in  1.832 seconds
Domain Reload Profiling: 2510ms
	BeginReloadAssembly (227ms)
		ExecutionOrderSort (0ms)
		DisableScriptedObjects (20ms)
		BackupInstance (0ms)
		ReleaseScriptingObjects (0ms)
		CreateAndSetChildDomain (45ms)
	RebuildCommonClasses (42ms)
	RebuildNativeTypeToScriptingClass (16ms)
	initialDomainReloadingComplete (44ms)
	LoadAllAssembliesAndSetupDomain (350ms)
		LoadAssemblies (454ms)
		RebuildTransferFunctionScriptingTraits (0ms)
		AnalyzeDomain (17ms)
			TypeCache.Refresh (8ms)
				TypeCache.ScanAssembly (0ms)
			ScanForSourceGeneratedMonoScriptInfo (0ms)
			ResolveRequiredComponents (7ms)
	FinalizeReload (1833ms)
		ReleaseScriptCaches (0ms)
		RebuildScriptCaches (0ms)
		SetupLoadedEditorAssemblies (935ms)
			LogAssemblyErrors (0ms)
			InitializePlatformSupportModulesInManaged (11ms)
			SetLoadedEditorAssemblies (8ms)
			RefreshPlugins (0ms)
			BeforeProcessingInitializeOnLoad (128ms)
			ProcessInitializeOnLoadAttributes (704ms)
			ProcessInitializeOnLoadMethodAttributes (62ms)
			AfterProcessingInitializeOnLoad (21ms)
			EditorAssembliesLoaded (1ms)
		ExecutionOrderSort2 (0ms)
		AwakeInstancesAfterBackupRestoration (30ms)
Refreshing native plugins compatible for Editor in 18.00 ms, found 4 plugins.
Preloading 0 native plugins for Editor in 0.00 ms.
Unloading 4358 Unused Serialized files (Serialized files now loaded: 0)
Unloading 25 unused Assets / (213.3 KB). Loaded Objects now: 4842.
Memory consumption went from 146.3 MB to 146.1 MB.
Total: 7.549800 ms (FindLiveObjects: 0.441700 ms CreateObjectMapping: 0.236700 ms MarkObjects: 6.531000 ms  DeleteObjects: 0.338400 ms)

Prepare: number of updated asset objects reloaded= 0
AssetImportParameters requested are different than current active one (requested -> active):
  custom:container-demuxer-ogg: 62fdf1f143b41e24485cea50d1cbac27 -> 
  custom:video-decoder-ogg-theora: a1e56fd34408186e4bbccfd4996cb3dc -> 
  custom:framework-win-MediaFoundation: 216162199b28c13a410421893ffa2e32 -> 
  custom:CustomObjectIndexerAttribute: 9a22284fe3817be447336de3de66b15e -> 
  custom:container-demuxer-webm: 4f35f7cbe854078d1ac9338744f61a02 -> 
  custom:container-muxer-webm: aa71ff27fc2769a1b78a27578f13a17b -> 
  custom:video-decoder-webm-vp8: 9c59270c3fd7afecdb556c50c9e8de78 -> 
  custom:SearchIndexIgnoredProperties: e643bd26f0fe6173181afceb89e7c659 -> 
  custom:AudioImporter_EditorPlatform: d09bf68614088b80899f8185d706f6e7 -> 
  custom:video-encoder-webm-vp8: eb34c28f22e8b96e1ab97ce403110664 -> 
  custom:audio-decoder-ogg-vorbis: bf7c407c2cedff20999df2af8eb42d56 -> 
  custom:audio-encoder-webm-vorbis: bf7c407c2cedff20999df2af8eb42d56 -> 
========================================================================
Received Prepare
Caller must complete domain reload
Begin MonoManager ReloadAssembly
- Loaded All Assemblies, in  0.719 seconds
Native extension for WindowsStandalone target not found
Native extension for WebGL target not found
Mono: successfully reloaded assembly
- Finished resetting the current domain, in  1.944 seconds
Domain Reload Profiling: 2658ms
	BeginReloadAssembly (227ms)
		ExecutionOrderSort (0ms)
		DisableScriptedObjects (14ms)
		BackupInstance (0ms)
		ReleaseScriptingObjects (0ms)
		CreateAndSetChildDomain (53ms)
	RebuildCommonClasses (45ms)
	RebuildNativeTypeToScriptingClass (14ms)
	initialDomainReloadingComplete (44ms)
	LoadAllAssembliesAndSetupDomain (381ms)
		LoadAssemblies (478ms)
		RebuildTransferFunctionScriptingTraits (0ms)
		AnalyzeDomain (21ms)
			TypeCache.Refresh (8ms)
				TypeCache.ScanAssembly (0ms)
			ScanForSourceGeneratedMonoScriptInfo (0ms)
			ResolveRequiredComponents (11ms)
	FinalizeReload (1946ms)
		ReleaseScriptCaches (0ms)
		RebuildScriptCaches (0ms)
		SetupLoadedEditorAssemblies (1022ms)
			LogAssemblyErrors (0ms)
			InitializePlatformSupportModulesInManaged (14ms)
			SetLoadedEditorAssemblies (9ms)
			RefreshPlugins (0ms)
			BeforeProcessingInitializeOnLoad (139ms)
			ProcessInitializeOnLoadAttributes (783ms)
			ProcessInitializeOnLoadMethodAttributes (61ms)
			AfterProcessingInitializeOnLoad (16ms)
			EditorAssembliesLoaded (0ms)
		ExecutionOrderSort2 (0ms)
		AwakeInstancesAfterBackupRestoration (26ms)
Refreshing native plugins compatible for Editor in 17.94 ms, found 4 plugins.
Preloading 0 native plugins for Editor in 0.00 ms.
Unloading 4359 Unused Serialized files (Serialized files now loaded: 0)
Unloading 25 unused Assets / (213.5 KB). Loaded Objects now: 4846.
Memory consumption went from 146.6 MB to 146.4 MB.
Total: 7.863900 ms (FindLiveObjects: 0.633100 ms CreateObjectMapping: 0.647000 ms MarkObjects: 6.273700 ms  DeleteObjects: 0.306900 ms)

Prepare: number of updated asset objects reloaded= 0
AssetImportParameters requested are different than current active one (requested -> active):
  custom:container-demuxer-ogg: 62fdf1f143b41e24485cea50d1cbac27 -> 
  custom:video-decoder-ogg-theora: a1e56fd34408186e4bbccfd4996cb3dc -> 
  custom:framework-win-MediaFoundation: 216162199b28c13a410421893ffa2e32 -> 
  custom:CustomObjectIndexerAttribute: 9a22284fe3817be447336de3de66b15e -> 
  custom:container-demuxer-webm: 4f35f7cbe854078d1ac9338744f61a02 -> 
  custom:container-muxer-webm: aa71ff27fc2769a1b78a27578f13a17b -> 
  custom:video-decoder-webm-vp8: 9c59270c3fd7afecdb556c50c9e8de78 -> 
  custom:SearchIndexIgnoredProperties: e643bd26f0fe6173181afceb89e7c659 -> 
  custom:AudioImporter_EditorPlatform: d09bf68614088b80899f8185d706f6e7 -> 
  custom:video-encoder-webm-vp8: eb34c28f22e8b96e1ab97ce403110664 -> 
  custom:audio-decoder-ogg-vorbis: bf7c407c2cedff20999df2af8eb42d56 -> 
  custom:audio-encoder-webm-vorbis: bf7c407c2cedff20999df2af8eb42d56 -> 
========================================================================
Received Prepare
Caller must complete domain reload
Begin MonoManager ReloadAssembly
- Loaded All Assemblies, in  0.770 seconds
Native extension for WindowsStandalone target not found
Native extension for WebGL target not found
Mono: successfully reloaded assembly
- Finished resetting the current domain, in  1.992 seconds
Domain Reload Profiling: 2757ms
	BeginReloadAssembly (259ms)
		ExecutionOrderSort (0ms)
		DisableScriptedObjects (18ms)
		BackupInstance (0ms)
		ReleaseScriptingObjects (0ms)
		CreateAndSetChildDomain (46ms)
	RebuildCommonClasses (55ms)
	RebuildNativeTypeToScriptingClass (22ms)
	initialDomainReloadingComplete (46ms)
	LoadAllAssembliesAndSetupDomain (382ms)
		LoadAssemblies (516ms)
		RebuildTransferFunctionScriptingTraits (0ms)
		AnalyzeDomain (21ms)
			TypeCache.Refresh (10ms)
				TypeCache.ScanAssembly (0ms)
			ScanForSourceGeneratedMonoScriptInfo (0ms)
			ResolveRequiredComponents (9ms)
	FinalizeReload (1993ms)
		ReleaseScriptCaches (0ms)
		RebuildScriptCaches (0ms)
		SetupLoadedEditorAssemblies (993ms)
			LogAssemblyErrors (0ms)
			InitializePlatformSupportModulesInManaged (11ms)
			SetLoadedEditorAssemblies (7ms)
			RefreshPlugins (0ms)
			BeforeProcessingInitializeOnLoad (127ms)
			ProcessInitializeOnLoadAttributes (775ms)
			ProcessInitializeOnLoadMethodAttributes (58ms)
			AfterProcessingInitializeOnLoad (15ms)
			EditorAssembliesLoaded (0ms)
		ExecutionOrderSort2 (0ms)
		AwakeInstancesAfterBackupRestoration (26ms)
Refreshing native plugins compatible for Editor in 16.50 ms, found 4 plugins.
Preloading 0 native plugins for Editor in 0.00 ms.
Unloading 4359 Unused Serialized files (Serialized files now loaded: 0)
Unloading 25 unused Assets / (213.5 KB). Loaded Objects now: 4850.
Memory consumption went from 146.6 MB to 146.4 MB.
Total: 6.131500 ms (FindLiveObjects: 0.423200 ms CreateObjectMapping: 0.207200 ms MarkObjects: 5.038900 ms  DeleteObjects: 0.459500 ms)

Prepare: number of updated asset objects reloaded= 0
AssetImportParameters requested are different than current active one (requested -> active):
  custom:container-demuxer-ogg: 62fdf1f143b41e24485cea50d1cbac27 -> 
  custom:video-decoder-ogg-theora: a1e56fd34408186e4bbccfd4996cb3dc -> 
  custom:framework-win-MediaFoundation: 216162199b28c13a410421893ffa2e32 -> 
  custom:CustomObjectIndexerAttribute: 9a22284fe3817be447336de3de66b15e -> 
  custom:container-demuxer-webm: 4f35f7cbe854078d1ac9338744f61a02 -> 
  custom:container-muxer-webm: aa71ff27fc2769a1b78a27578f13a17b -> 
  custom:video-decoder-webm-vp8: 9c59270c3fd7afecdb556c50c9e8de78 -> 
  custom:SearchIndexIgnoredProperties: e643bd26f0fe6173181afceb89e7c659 -> 
  custom:AudioImporter_EditorPlatform: d09bf68614088b80899f8185d706f6e7 -> 
  custom:video-encoder-webm-vp8: eb34c28f22e8b96e1ab97ce403110664 -> 
  custom:audio-decoder-ogg-vorbis: bf7c407c2cedff20999df2af8eb42d56 -> 
  custom:audio-encoder-webm-vorbis: bf7c407c2cedff20999df2af8eb42d56 -> 
========================================================================
Received Prepare
Caller must complete domain reload
Begin MonoManager ReloadAssembly
- Loaded All Assemblies, in  0.701 seconds
Native extension for WindowsStandalone target not found
Native extension for WebGL target not found
Mono: successfully reloaded assembly
- Finished resetting the current domain, in  1.886 seconds
Domain Reload Profiling: 2581ms
	BeginReloadAssembly (228ms)
		ExecutionOrderSort (0ms)
		DisableScriptedObjects (16ms)
		BackupInstance (0ms)
		ReleaseScriptingObjects (0ms)
		CreateAndSetChildDomain (48ms)
	RebuildCommonClasses (43ms)
	RebuildNativeTypeToScriptingClass (13ms)
	initialDomainReloadingComplete (46ms)
	LoadAllAssembliesAndSetupDomain (364ms)
		LoadAssemblies (458ms)
		RebuildTransferFunctionScriptingTraits (0ms)
		AnalyzeDomain (18ms)
			TypeCache.Refresh (8ms)
				TypeCache.ScanAssembly (0ms)
			ScanForSourceGeneratedMonoScriptInfo (0ms)
			ResolveRequiredComponents (8ms)
	FinalizeReload (1887ms)
		ReleaseScriptCaches (0ms)
		RebuildScriptCaches (0ms)
		SetupLoadedEditorAssemblies (935ms)
			LogAssemblyErrors (0ms)
			InitializePlatformSupportModulesInManaged (12ms)
			SetLoadedEditorAssemblies (8ms)
			RefreshPlugins (0ms)
			BeforeProcessingInitializeOnLoad (132ms)
			ProcessInitializeOnLoadAttributes (710ms)
			ProcessInitializeOnLoadMethodAttributes (59ms)
			AfterProcessingInitializeOnLoad (14ms)
			EditorAssembliesLoaded (1ms)
		ExecutionOrderSort2 (0ms)
		AwakeInstancesAfterBackupRestoration (30ms)
Refreshing native plugins compatible for Editor in 15.83 ms, found 4 plugins.
Preloading 0 native plugins for Editor in 0.00 ms.
Unloading 4359 Unused Serialized files (Serialized files now loaded: 0)
Unloading 25 unused Assets / (213.4 KB). Loaded Objects now: 4854.
Memory consumption went from 146.6 MB to 146.4 MB.
Total: 7.245000 ms (FindLiveObjects: 0.485100 ms CreateObjectMapping: 0.258500 ms MarkObjects: 6.093400 ms  DeleteObjects: 0.402500 ms)

Prepare: number of updated asset objects reloaded= 0
AssetImportParameters requested are different than current active one (requested -> active):
  custom:container-demuxer-ogg: 62fdf1f143b41e24485cea50d1cbac27 -> 
  custom:video-decoder-ogg-theora: a1e56fd34408186e4bbccfd4996cb3dc -> 
  custom:framework-win-MediaFoundation: 216162199b28c13a410421893ffa2e32 -> 
  custom:CustomObjectIndexerAttribute: 9a22284fe3817be447336de3de66b15e -> 
  custom:container-demuxer-webm: 4f35f7cbe854078d1ac9338744f61a02 -> 
  custom:container-muxer-webm: aa71ff27fc2769a1b78a27578f13a17b -> 
  custom:video-decoder-webm-vp8: 9c59270c3fd7afecdb556c50c9e8de78 -> 
  custom:SearchIndexIgnoredProperties: e643bd26f0fe6173181afceb89e7c659 -> 
  custom:AudioImporter_EditorPlatform: d09bf68614088b80899f8185d706f6e7 -> 
  custom:video-encoder-webm-vp8: eb34c28f22e8b96e1ab97ce403110664 -> 
  custom:audio-decoder-ogg-vorbis: bf7c407c2cedff20999df2af8eb42d56 -> 
  custom:audio-encoder-webm-vorbis: bf7c407c2cedff20999df2af8eb42d56 -> 
========================================================================
Received Prepare
Caller must complete domain reload
Begin MonoManager ReloadAssembly
- Loaded All Assemblies, in  0.653 seconds
Native extension for WindowsStandalone target not found
Native extension for WebGL target not found
Mono: successfully reloaded assembly
- Finished resetting the current domain, in  1.961 seconds
Domain Reload Profiling: 2609ms
	BeginReloadAssembly (202ms)
		ExecutionOrderSort (0ms)
		DisableScriptedObjects (13ms)
		BackupInstance (0ms)
		ReleaseScriptingObjects (0ms)
		CreateAndSetChildDomain (40ms)
	RebuildCommonClasses (42ms)
	RebuildNativeTypeToScriptingClass (13ms)
	initialDomainReloadingComplete (42ms)
	LoadAllAssembliesAndSetupDomain (347ms)
		LoadAssemblies (437ms)
		RebuildTransferFunctionScriptingTraits (0ms)
		AnalyzeDomain (21ms)
			TypeCache.Refresh (10ms)
				TypeCache.ScanAssembly (0ms)
			ScanForSourceGeneratedMonoScriptInfo (0ms)
			ResolveRequiredComponents (8ms)
	FinalizeReload (1962ms)
		ReleaseScriptCaches (0ms)
		RebuildScriptCaches (0ms)
		SetupLoadedEditorAssemblies (1020ms)
			LogAssemblyErrors (0ms)
			InitializePlatformSupportModulesInManaged (12ms)
			SetLoadedEditorAssemblies (8ms)
			RefreshPlugins (0ms)
			BeforeProcessingInitializeOnLoad (160ms)
			ProcessInitializeOnLoadAttributes (776ms)
			ProcessInitializeOnLoadMethodAttributes (47ms)
			AfterProcessingInitializeOnLoad (16ms)
			EditorAssembliesLoaded (1ms)
		ExecutionOrderSort2 (0ms)
		AwakeInstancesAfterBackupRestoration (27ms)
Refreshing native plugins compatible for Editor in 12.43 ms, found 4 plugins.
Preloading 0 native plugins for Editor in 0.00 ms.
Unloading 4359 Unused Serialized files (Serialized files now loaded: 0)
Unloading 25 unused Assets / (213.3 KB). Loaded Objects now: 4858.
Memory consumption went from 146.6 MB to 146.4 MB.
Total: 5.812000 ms (FindLiveObjects: 0.441100 ms CreateObjectMapping: 0.186600 ms MarkObjects: 4.874600 ms  DeleteObjects: 0.306800 ms)

Prepare: number of updated asset objects reloaded= 0
AssetImportParameters requested are different than current active one (requested -> active):
  custom:container-demuxer-ogg: 62fdf1f143b41e24485cea50d1cbac27 -> 
  custom:video-decoder-ogg-theora: a1e56fd34408186e4bbccfd4996cb3dc -> 
  custom:framework-win-MediaFoundation: 216162199b28c13a410421893ffa2e32 -> 
  custom:CustomObjectIndexerAttribute: 9a22284fe3817be447336de3de66b15e -> 
  custom:container-demuxer-webm: 4f35f7cbe854078d1ac9338744f61a02 -> 
  custom:container-muxer-webm: aa71ff27fc2769a1b78a27578f13a17b -> 
  custom:video-decoder-webm-vp8: 9c59270c3fd7afecdb556c50c9e8de78 -> 
  custom:SearchIndexIgnoredProperties: e643bd26f0fe6173181afceb89e7c659 -> 
  custom:AudioImporter_EditorPlatform: d09bf68614088b80899f8185d706f6e7 -> 
  custom:video-encoder-webm-vp8: eb34c28f22e8b96e1ab97ce403110664 -> 
  custom:audio-decoder-ogg-vorbis: bf7c407c2cedff20999df2af8eb42d56 -> 
  custom:audio-encoder-webm-vorbis: bf7c407c2cedff20999df2af8eb42d56 -> 
========================================================================
Received Prepare
Caller must complete domain reload
Begin MonoManager ReloadAssembly
- Loaded All Assemblies, in  0.740 seconds
Native extension for WindowsStandalone target not found
Native extension for WebGL target not found
Mono: successfully reloaded assembly
- Finished resetting the current domain, in  1.966 seconds
Domain Reload Profiling: 2700ms
	BeginReloadAssembly (214ms)
		ExecutionOrderSort (0ms)
		DisableScriptedObjects (14ms)
		BackupInstance (0ms)
		ReleaseScriptingObjects (0ms)
		CreateAndSetChildDomain (43ms)
	RebuildCommonClasses (51ms)
	RebuildNativeTypeToScriptingClass (14ms)
	initialDomainReloadingComplete (50ms)
	LoadAllAssembliesAndSetupDomain (405ms)
		LoadAssemblies (469ms)
		RebuildTransferFunctionScriptingTraits (0ms)
		AnalyzeDomain (56ms)
			TypeCache.Refresh (14ms)
				TypeCache.ScanAssembly (1ms)
			ScanForSourceGeneratedMonoScriptInfo (27ms)
			ResolveRequiredComponents (12ms)
	FinalizeReload (1967ms)
		ReleaseScriptCaches (0ms)
		RebuildScriptCaches (0ms)
		SetupLoadedEditorAssemblies (880ms)
			LogAssemblyErrors (0ms)
			InitializePlatformSupportModulesInManaged (12ms)
			SetLoadedEditorAssemblies (8ms)
			RefreshPlugins (0ms)
			BeforeProcessingInitializeOnLoad (135ms)
			ProcessInitializeOnLoadAttributes (662ms)
			ProcessInitializeOnLoadMethodAttributes (47ms)
			AfterProcessingInitializeOnLoad (16ms)
			EditorAssembliesLoaded (0ms)
		ExecutionOrderSort2 (0ms)
		AwakeInstancesAfterBackupRestoration (26ms)
Refreshing native plugins compatible for Editor in 8.91 ms, found 4 plugins.
Preloading 0 native plugins for Editor in 0.00 ms.
Unloading 4359 Unused Serialized files (Serialized files now loaded: 0)
Unloading 25 unused Assets / (213.3 KB). Loaded Objects now: 4862.
Memory consumption went from 146.6 MB to 146.4 MB.
Total: 5.072000 ms (FindLiveObjects: 0.474500 ms CreateObjectMapping: 0.151500 ms MarkObjects: 4.178200 ms  DeleteObjects: 0.266400 ms)

Prepare: number of updated asset objects reloaded= 0
AssetImportParameters requested are different than current active one (requested -> active):
  custom:container-demuxer-ogg: 62fdf1f143b41e24485cea50d1cbac27 -> 
  custom:video-decoder-ogg-theora: a1e56fd34408186e4bbccfd4996cb3dc -> 
  custom:framework-win-MediaFoundation: 216162199b28c13a410421893ffa2e32 -> 
  custom:CustomObjectIndexerAttribute: 9a22284fe3817be447336de3de66b15e -> 
  custom:container-demuxer-webm: 4f35f7cbe854078d1ac9338744f61a02 -> 
  custom:container-muxer-webm: aa71ff27fc2769a1b78a27578f13a17b -> 
  custom:video-decoder-webm-vp8: 9c59270c3fd7afecdb556c50c9e8de78 -> 
  custom:SearchIndexIgnoredProperties: e643bd26f0fe6173181afceb89e7c659 -> 
  custom:AudioImporter_EditorPlatform: d09bf68614088b80899f8185d706f6e7 -> 
  custom:video-encoder-webm-vp8: eb34c28f22e8b96e1ab97ce403110664 -> 
  custom:audio-decoder-ogg-vorbis: bf7c407c2cedff20999df2af8eb42d56 -> 
  custom:audio-encoder-webm-vorbis: bf7c407c2cedff20999df2af8eb42d56 -> 
========================================================================
Received Prepare
Caller must complete domain reload
Begin MonoManager ReloadAssembly
- Loaded All Assemblies, in  0.678 seconds
Native extension for WindowsStandalone target not found
Native extension for WebGL target not found
Mono: successfully reloaded assembly
- Finished resetting the current domain, in  1.988 seconds
Domain Reload Profiling: 2661ms
	BeginReloadAssembly (203ms)
		ExecutionOrderSort (0ms)
		DisableScriptedObjects (13ms)
		BackupInstance (0ms)
		ReleaseScriptingObjects (0ms)
		CreateAndSetChildDomain (40ms)
	RebuildCommonClasses (45ms)
	RebuildNativeTypeToScriptingClass (16ms)
	initialDomainReloadingComplete (45ms)
	LoadAllAssembliesAndSetupDomain (363ms)
		LoadAssemblies (456ms)
		RebuildTransferFunctionScriptingTraits (0ms)
		AnalyzeDomain (18ms)
			TypeCache.Refresh (8ms)
				TypeCache.ScanAssembly (0ms)
			ScanForSourceGeneratedMonoScriptInfo (0ms)
			ResolveRequiredComponents (7ms)
	FinalizeReload (1989ms)
		ReleaseScriptCaches (0ms)
		RebuildScriptCaches (0ms)
		SetupLoadedEditorAssemblies (1003ms)
			LogAssemblyErrors (0ms)
			InitializePlatformSupportModulesInManaged (13ms)
			SetLoadedEditorAssemblies (10ms)
			RefreshPlugins (0ms)
			BeforeProcessingInitializeOnLoad (134ms)
			ProcessInitializeOnLoadAttributes (775ms)
			ProcessInitializeOnLoadMethodAttributes (57ms)
			AfterProcessingInitializeOnLoad (14ms)
			EditorAssembliesLoaded (0ms)
		ExecutionOrderSort2 (0ms)
		AwakeInstancesAfterBackupRestoration (19ms)
Refreshing native plugins compatible for Editor in 16.50 ms, found 4 plugins.
Preloading 0 native plugins for Editor in 0.00 ms.
Unloading 4359 Unused Serialized files (Serialized files now loaded: 0)
Unloading 25 unused Assets / (213.3 KB). Loaded Objects now: 4866.
Memory consumption went from 146.6 MB to 146.4 MB.
Total: 6.508900 ms (FindLiveObjects: 0.466100 ms CreateObjectMapping: 0.276300 ms MarkObjects: 5.455300 ms  DeleteObjects: 0.309000 ms)

Prepare: number of updated asset objects reloaded= 0
AssetImportParameters requested are different than current active one (requested -> active):
  custom:container-demuxer-ogg: 62fdf1f143b41e24485cea50d1cbac27 -> 
  custom:video-decoder-ogg-theora: a1e56fd34408186e4bbccfd4996cb3dc -> 
  custom:framework-win-MediaFoundation: 216162199b28c13a410421893ffa2e32 -> 
  custom:CustomObjectIndexerAttribute: 9a22284fe3817be447336de3de66b15e -> 
  custom:container-demuxer-webm: 4f35f7cbe854078d1ac9338744f61a02 -> 
  custom:container-muxer-webm: aa71ff27fc2769a1b78a27578f13a17b -> 
  custom:video-decoder-webm-vp8: 9c59270c3fd7afecdb556c50c9e8de78 -> 
  custom:SearchIndexIgnoredProperties: e643bd26f0fe6173181afceb89e7c659 -> 
  custom:AudioImporter_EditorPlatform: d09bf68614088b80899f8185d706f6e7 -> 
  custom:video-encoder-webm-vp8: eb34c28f22e8b96e1ab97ce403110664 -> 
  custom:audio-decoder-ogg-vorbis: bf7c407c2cedff20999df2af8eb42d56 -> 
  custom:audio-encoder-webm-vorbis: bf7c407c2cedff20999df2af8eb42d56 -> 
========================================================================
Received Prepare
Caller must complete domain reload
Begin MonoManager ReloadAssembly
- Loaded All Assemblies, in  0.671 seconds
Native extension for WindowsStandalone target not found
Native extension for WebGL target not found
Mono: successfully reloaded assembly
- Finished resetting the current domain, in  1.901 seconds
Domain Reload Profiling: 2566ms
	BeginReloadAssembly (213ms)
		ExecutionOrderSort (0ms)
		DisableScriptedObjects (14ms)
		BackupInstance (0ms)
		ReleaseScriptingObjects (0ms)
		CreateAndSetChildDomain (41ms)
	RebuildCommonClasses (42ms)
	RebuildNativeTypeToScriptingClass (13ms)
	initialDomainReloadingComplete (49ms)
	LoadAllAssembliesAndSetupDomain (348ms)
		LoadAssemblies (447ms)
		RebuildTransferFunctionScriptingTraits (0ms)
		AnalyzeDomain (20ms)
			TypeCache.Refresh (9ms)
				TypeCache.ScanAssembly (0ms)
			ScanForSourceGeneratedMonoScriptInfo (0ms)
			ResolveRequiredComponents (8ms)
	FinalizeReload (1902ms)
		ReleaseScriptCaches (0ms)
		RebuildScriptCaches (0ms)
		SetupLoadedEditorAssemblies (905ms)
			LogAssemblyErrors (0ms)
			InitializePlatformSupportModulesInManaged (15ms)
			SetLoadedEditorAssemblies (9ms)
			RefreshPlugins (0ms)
			BeforeProcessingInitializeOnLoad (125ms)
			ProcessInitializeOnLoadAttributes (692ms)
			ProcessInitializeOnLoadMethodAttributes (53ms)
			AfterProcessingInitializeOnLoad (12ms)
			EditorAssembliesLoaded (0ms)
		ExecutionOrderSort2 (0ms)
		AwakeInstancesAfterBackupRestoration (19ms)
Refreshing native plugins compatible for Editor in 16.60 ms, found 4 plugins.
Preloading 0 native plugins for Editor in 0.00 ms.
Unloading 4359 Unused Serialized files (Serialized files now loaded: 0)
Unloading 25 unused Assets / (213.3 KB). Loaded Objects now: 4870.
Memory consumption went from 146.6 MB to 146.4 MB.
Total: 7.650800 ms (FindLiveObjects: 0.451100 ms CreateObjectMapping: 0.232700 ms MarkObjects: 6.650700 ms  DeleteObjects: 0.313500 ms)

Prepare: number of updated asset objects reloaded= 0
AssetImportParameters requested are different than current active one (requested -> active):
  custom:container-demuxer-ogg: 62fdf1f143b41e24485cea50d1cbac27 -> 
  custom:video-decoder-ogg-theora: a1e56fd34408186e4bbccfd4996cb3dc -> 
  custom:framework-win-MediaFoundation: 216162199b28c13a410421893ffa2e32 -> 
  custom:CustomObjectIndexerAttribute: 9a22284fe3817be447336de3de66b15e -> 
  custom:container-demuxer-webm: 4f35f7cbe854078d1ac9338744f61a02 -> 
  custom:container-muxer-webm: aa71ff27fc2769a1b78a27578f13a17b -> 
  custom:video-decoder-webm-vp8: 9c59270c3fd7afecdb556c50c9e8de78 -> 
  custom:SearchIndexIgnoredProperties: e643bd26f0fe6173181afceb89e7c659 -> 
  custom:AudioImporter_EditorPlatform: d09bf68614088b80899f8185d706f6e7 -> 
  custom:video-encoder-webm-vp8: eb34c28f22e8b96e1ab97ce403110664 -> 
  custom:audio-decoder-ogg-vorbis: bf7c407c2cedff20999df2af8eb42d56 -> 
  custom:audio-encoder-webm-vorbis: bf7c407c2cedff20999df2af8eb42d56 -> 
========================================================================
Received Prepare
Caller must complete domain reload
Begin MonoManager ReloadAssembly
- Loaded All Assemblies, in  0.708 seconds
Native extension for WindowsStandalone target not found
Native extension for WebGL target not found
Mono: successfully reloaded assembly
- Finished resetting the current domain, in  2.013 seconds
Domain Reload Profiling: 2716ms
	BeginReloadAssembly (221ms)
		ExecutionOrderSort (0ms)
		DisableScriptedObjects (14ms)
		BackupInstance (0ms)
		ReleaseScriptingObjects (0ms)
		CreateAndSetChildDomain (45ms)
	RebuildCommonClasses (42ms)
	RebuildNativeTypeToScriptingClass (21ms)
	initialDomainReloadingComplete (40ms)
	LoadAllAssembliesAndSetupDomain (377ms)
		LoadAssemblies (482ms)
		RebuildTransferFunctionScriptingTraits (0ms)
		AnalyzeDomain (19ms)
			TypeCache.Refresh (8ms)
				TypeCache.ScanAssembly (0ms)
			ScanForSourceGeneratedMonoScriptInfo (0ms)
			ResolveRequiredComponents (8ms)
	FinalizeReload (2014ms)
		ReleaseScriptCaches (0ms)
		RebuildScriptCaches (0ms)
		SetupLoadedEditorAssemblies (1054ms)
			LogAssemblyErrors (0ms)
			InitializePlatformSupportModulesInManaged (13ms)
			SetLoadedEditorAssemblies (10ms)
			RefreshPlugins (0ms)
			BeforeProcessingInitializeOnLoad (136ms)
			ProcessInitializeOnLoadAttributes (813ms)
			ProcessInitializeOnLoadMethodAttributes (65ms)
			AfterProcessingInitializeOnLoad (17ms)
			EditorAssembliesLoaded (0ms)
		ExecutionOrderSort2 (0ms)
		AwakeInstancesAfterBackupRestoration (30ms)
Refreshing native plugins compatible for Editor in 8.83 ms, found 4 plugins.
Preloading 0 native plugins for Editor in 0.00 ms.
Unloading 4359 Unused Serialized files (Serialized files now loaded: 0)
Unloading 25 unused Assets / (213.4 KB). Loaded Objects now: 4874.
Memory consumption went from 146.6 MB to 146.4 MB.
Total: 6.536100 ms (FindLiveObjects: 0.558100 ms CreateObjectMapping: 0.736700 ms MarkObjects: 4.931200 ms  DeleteObjects: 0.308000 ms)

Prepare: number of updated asset objects reloaded= 0
AssetImportParameters requested are different than current active one (requested -> active):
  custom:container-demuxer-ogg: 62fdf1f143b41e24485cea50d1cbac27 -> 
  custom:video-decoder-ogg-theora: a1e56fd34408186e4bbccfd4996cb3dc -> 
  custom:framework-win-MediaFoundation: 216162199b28c13a410421893ffa2e32 -> 
  custom:CustomObjectIndexerAttribute: 9a22284fe3817be447336de3de66b15e -> 
  custom:container-demuxer-webm: 4f35f7cbe854078d1ac9338744f61a02 -> 
  custom:container-muxer-webm: aa71ff27fc2769a1b78a27578f13a17b -> 
  custom:video-decoder-webm-vp8: 9c59270c3fd7afecdb556c50c9e8de78 -> 
  custom:SearchIndexIgnoredProperties: e643bd26f0fe6173181afceb89e7c659 -> 
  custom:AudioImporter_EditorPlatform: d09bf68614088b80899f8185d706f6e7 -> 
  custom:video-encoder-webm-vp8: eb34c28f22e8b96e1ab97ce403110664 -> 
  custom:audio-decoder-ogg-vorbis: bf7c407c2cedff20999df2af8eb42d56 -> 
  custom:audio-encoder-webm-vorbis: bf7c407c2cedff20999df2af8eb42d56 -> 
========================================================================
Received Prepare
Caller must complete domain reload
Begin MonoManager ReloadAssembly
- Loaded All Assemblies, in  0.743 seconds
Native extension for WindowsStandalone target not found
Native extension for WebGL target not found
Mono: successfully reloaded assembly
- Finished resetting the current domain, in  2.018 seconds
Domain Reload Profiling: 2755ms
	BeginReloadAssembly (237ms)
		ExecutionOrderSort (0ms)
		DisableScriptedObjects (19ms)
		BackupInstance (0ms)
		ReleaseScriptingObjects (0ms)
		CreateAndSetChildDomain (52ms)
	RebuildCommonClasses (45ms)
	RebuildNativeTypeToScriptingClass (18ms)
	initialDomainReloadingComplete (52ms)
	LoadAllAssembliesAndSetupDomain (384ms)
		LoadAssemblies (488ms)
		RebuildTransferFunctionScriptingTraits (0ms)
		AnalyzeDomain (24ms)
			TypeCache.Refresh (8ms)
				TypeCache.ScanAssembly (0ms)
			ScanForSourceGeneratedMonoScriptInfo (0ms)
			ResolveRequiredComponents (12ms)
	FinalizeReload (2019ms)
		ReleaseScriptCaches (0ms)
		RebuildScriptCaches (0ms)
		SetupLoadedEditorAssemblies (1043ms)
			LogAssemblyErrors (0ms)
			InitializePlatformSupportModulesInManaged (15ms)
			SetLoadedEditorAssemblies (10ms)
			RefreshPlugins (0ms)
			BeforeProcessingInitializeOnLoad (146ms)
			ProcessInitializeOnLoadAttributes (803ms)
			ProcessInitializeOnLoadMethodAttributes (56ms)
			AfterProcessingInitializeOnLoad (13ms)
			EditorAssembliesLoaded (1ms)
		ExecutionOrderSort2 (0ms)
		AwakeInstancesAfterBackupRestoration (23ms)
Refreshing native plugins compatible for Editor in 9.37 ms, found 4 plugins.
Preloading 0 native plugins for Editor in 0.00 ms.
Unloading 4359 Unused Serialized files (Serialized files now loaded: 0)
Unloading 25 unused Assets / (213.2 KB). Loaded Objects now: 4878.
Memory consumption went from 146.6 MB to 146.4 MB.
Total: 6.565200 ms (FindLiveObjects: 0.346400 ms CreateObjectMapping: 0.186300 ms MarkObjects: 5.784800 ms  DeleteObjects: 0.245700 ms)

Prepare: number of updated asset objects reloaded= 0
AssetImportParameters requested are different than current active one (requested -> active):
  custom:container-demuxer-ogg: 62fdf1f143b41e24485cea50d1cbac27 -> 
  custom:video-decoder-ogg-theora: a1e56fd34408186e4bbccfd4996cb3dc -> 
  custom:framework-win-MediaFoundation: 216162199b28c13a410421893ffa2e32 -> 
  custom:CustomObjectIndexerAttribute: 9a22284fe3817be447336de3de66b15e -> 
  custom:container-demuxer-webm: 4f35f7cbe854078d1ac9338744f61a02 -> 
  custom:container-muxer-webm: aa71ff27fc2769a1b78a27578f13a17b -> 
  custom:video-decoder-webm-vp8: 9c59270c3fd7afecdb556c50c9e8de78 -> 
  custom:SearchIndexIgnoredProperties: e643bd26f0fe6173181afceb89e7c659 -> 
  custom:AudioImporter_EditorPlatform: d09bf68614088b80899f8185d706f6e7 -> 
  custom:video-encoder-webm-vp8: eb34c28f22e8b96e1ab97ce403110664 -> 
  custom:audio-decoder-ogg-vorbis: bf7c407c2cedff20999df2af8eb42d56 -> 
  custom:audio-encoder-webm-vorbis: bf7c407c2cedff20999df2af8eb42d56 -> 
========================================================================
Received Prepare
Caller must complete domain reload
Begin MonoManager ReloadAssembly
- Loaded All Assemblies, in  0.709 seconds
Native extension for WindowsStandalone target not found
Native extension for WebGL target not found
Mono: successfully reloaded assembly
- Finished resetting the current domain, in  1.912 seconds
Domain Reload Profiling: 2616ms
	BeginReloadAssembly (232ms)
		ExecutionOrderSort (0ms)
		DisableScriptedObjects (15ms)
		BackupInstance (0ms)
		ReleaseScriptingObjects (0ms)
		CreateAndSetChildDomain (45ms)
	RebuildCommonClasses (46ms)
	RebuildNativeTypeToScriptingClass (16ms)
	initialDomainReloadingComplete (45ms)
	LoadAllAssembliesAndSetupDomain (363ms)
		LoadAssemblies (478ms)
		RebuildTransferFunctionScriptingTraits (0ms)
		AnalyzeDomain (19ms)
			TypeCache.Refresh (9ms)
				TypeCache.ScanAssembly (0ms)
			ScanForSourceGeneratedMonoScriptInfo (0ms)
			ResolveRequiredComponents (8ms)
	FinalizeReload (1914ms)
		ReleaseScriptCaches (0ms)
		RebuildScriptCaches (0ms)
		SetupLoadedEditorAssemblies (928ms)
			LogAssemblyErrors (0ms)
			InitializePlatformSupportModulesInManaged (16ms)
			SetLoadedEditorAssemblies (11ms)
			RefreshPlugins (0ms)
			BeforeProcessingInitializeOnLoad (122ms)
			ProcessInitializeOnLoadAttributes (722ms)
			ProcessInitializeOnLoadMethodAttributes (47ms)
			AfterProcessingInitializeOnLoad (10ms)
			EditorAssembliesLoaded (0ms)
		ExecutionOrderSort2 (0ms)
		AwakeInstancesAfterBackupRestoration (17ms)
Refreshing native plugins compatible for Editor in 15.62 ms, found 4 plugins.
Preloading 0 native plugins for Editor in 0.00 ms.
Unloading 4359 Unused Serialized files (Serialized files now loaded: 0)
Unloading 25 unused Assets / (213.2 KB). Loaded Objects now: 4882.
Memory consumption went from 146.6 MB to 146.4 MB.
Total: 7.687400 ms (FindLiveObjects: 0.418800 ms CreateObjectMapping: 0.220900 ms MarkObjects: 6.757000 ms  DeleteObjects: 0.288000 ms)

Prepare: number of updated asset objects reloaded= 0
AssetImportParameters requested are different than current active one (requested -> active):
  custom:container-demuxer-ogg: 62fdf1f143b41e24485cea50d1cbac27 -> 
  custom:video-decoder-ogg-theora: a1e56fd34408186e4bbccfd4996cb3dc -> 
  custom:framework-win-MediaFoundation: 216162199b28c13a410421893ffa2e32 -> 
  custom:CustomObjectIndexerAttribute: 9a22284fe3817be447336de3de66b15e -> 
  custom:container-demuxer-webm: 4f35f7cbe854078d1ac9338744f61a02 -> 
  custom:container-muxer-webm: aa71ff27fc2769a1b78a27578f13a17b -> 
  custom:video-decoder-webm-vp8: 9c59270c3fd7afecdb556c50c9e8de78 -> 
  custom:SearchIndexIgnoredProperties: e643bd26f0fe6173181afceb89e7c659 -> 
  custom:AudioImporter_EditorPlatform: d09bf68614088b80899f8185d706f6e7 -> 
  custom:video-encoder-webm-vp8: eb34c28f22e8b96e1ab97ce403110664 -> 
  custom:audio-decoder-ogg-vorbis: bf7c407c2cedff20999df2af8eb42d56 -> 
  custom:audio-encoder-webm-vorbis: bf7c407c2cedff20999df2af8eb42d56 -> 
========================================================================
Received Prepare
Caller must complete domain reload
Begin MonoManager ReloadAssembly
- Loaded All Assemblies, in  0.687 seconds
Native extension for WindowsStandalone target not found
Native extension for WebGL target not found
Mono: successfully reloaded assembly
- Finished resetting the current domain, in  1.861 seconds
Domain Reload Profiling: 2541ms
	BeginReloadAssembly (221ms)
		ExecutionOrderSort (0ms)
		DisableScriptedObjects (14ms)
		BackupInstance (0ms)
		ReleaseScriptingObjects (0ms)
		CreateAndSetChildDomain (45ms)
	RebuildCommonClasses (45ms)
	RebuildNativeTypeToScriptingClass (14ms)
	initialDomainReloadingComplete (50ms)
	LoadAllAssembliesAndSetupDomain (350ms)
		LoadAssemblies (453ms)
		RebuildTransferFunctionScriptingTraits (0ms)
		AnalyzeDomain (18ms)
			TypeCache.Refresh (8ms)
				TypeCache.ScanAssembly (0ms)
			ScanForSourceGeneratedMonoScriptInfo (0ms)
			ResolveRequiredComponents (8ms)
	FinalizeReload (1862ms)
		ReleaseScriptCaches (0ms)
		RebuildScriptCaches (0ms)
		SetupLoadedEditorAssemblies (912ms)
			LogAssemblyErrors (0ms)
			InitializePlatformSupportModulesInManaged (15ms)
			SetLoadedEditorAssemblies (8ms)
			RefreshPlugins (0ms)
			BeforeProcessingInitializeOnLoad (117ms)
			ProcessInitializeOnLoadAttributes (699ms)
			ProcessInitializeOnLoadMethodAttributes (59ms)
			AfterProcessingInitializeOnLoad (13ms)
			EditorAssembliesLoaded (0ms)
		ExecutionOrderSort2 (0ms)
		AwakeInstancesAfterBackupRestoration (20ms)
Refreshing native plugins compatible for Editor in 14.49 ms, found 4 plugins.
Preloading 0 native plugins for Editor in 0.00 ms.
Unloading 4359 Unused Serialized files (Serialized files now loaded: 0)
Unloading 25 unused Assets / (213.1 KB). Loaded Objects now: 4886.
Memory consumption went from 146.7 MB to 146.4 MB.
Total: 6.334400 ms (FindLiveObjects: 0.484500 ms CreateObjectMapping: 0.220700 ms MarkObjects: 5.361000 ms  DeleteObjects: 0.266000 ms)

Prepare: number of updated asset objects reloaded= 0
AssetImportParameters requested are different than current active one (requested -> active):
  custom:container-demuxer-ogg: 62fdf1f143b41e24485cea50d1cbac27 -> 
  custom:video-decoder-ogg-theora: a1e56fd34408186e4bbccfd4996cb3dc -> 
  custom:framework-win-MediaFoundation: 216162199b28c13a410421893ffa2e32 -> 
  custom:CustomObjectIndexerAttribute: 9a22284fe3817be447336de3de66b15e -> 
  custom:container-demuxer-webm: 4f35f7cbe854078d1ac9338744f61a02 -> 
  custom:container-muxer-webm: aa71ff27fc2769a1b78a27578f13a17b -> 
  custom:video-decoder-webm-vp8: 9c59270c3fd7afecdb556c50c9e8de78 -> 
  custom:SearchIndexIgnoredProperties: e643bd26f0fe6173181afceb89e7c659 -> 
  custom:AudioImporter_EditorPlatform: d09bf68614088b80899f8185d706f6e7 -> 
  custom:video-encoder-webm-vp8: eb34c28f22e8b96e1ab97ce403110664 -> 
  custom:audio-decoder-ogg-vorbis: bf7c407c2cedff20999df2af8eb42d56 -> 
  custom:audio-encoder-webm-vorbis: bf7c407c2cedff20999df2af8eb42d56 -> 
========================================================================
Received Prepare
Caller must complete domain reload
Begin MonoManager ReloadAssembly
- Loaded All Assemblies, in  0.680 seconds
Native extension for WindowsStandalone target not found
Native extension for WebGL target not found
Mono: successfully reloaded assembly
- Finished resetting the current domain, in  1.824 seconds
Domain Reload Profiling: 2499ms
	BeginReloadAssembly (223ms)
		ExecutionOrderSort (0ms)
		DisableScriptedObjects (13ms)
		BackupInstance (0ms)
		ReleaseScriptingObjects (0ms)
		CreateAndSetChildDomain (48ms)
	RebuildCommonClasses (42ms)
	RebuildNativeTypeToScriptingClass (13ms)
	initialDomainReloadingComplete (41ms)
	LoadAllAssembliesAndSetupDomain (356ms)
		LoadAssemblies (455ms)
		RebuildTransferFunctionScriptingTraits (0ms)
		AnalyzeDomain (22ms)
			TypeCache.Refresh (9ms)
				TypeCache.ScanAssembly (0ms)
			ScanForSourceGeneratedMonoScriptInfo (0ms)
			ResolveRequiredComponents (11ms)
	FinalizeReload (1825ms)
		ReleaseScriptCaches (0ms)
		RebuildScriptCaches (0ms)
		SetupLoadedEditorAssemblies (880ms)
			LogAssemblyErrors (0ms)
			InitializePlatformSupportModulesInManaged (13ms)
			SetLoadedEditorAssemblies (10ms)
			RefreshPlugins (0ms)
			BeforeProcessingInitializeOnLoad (128ms)
			ProcessInitializeOnLoadAttributes (676ms)
			ProcessInitializeOnLoadMethodAttributes (43ms)
			AfterProcessingInitializeOnLoad (10ms)
			EditorAssembliesLoaded (0ms)
		ExecutionOrderSort2 (0ms)
		AwakeInstancesAfterBackupRestoration (17ms)
Refreshing native plugins compatible for Editor in 9.79 ms, found 4 plugins.
Preloading 0 native plugins for Editor in 0.00 ms.
Unloading 4359 Unused Serialized files (Serialized files now loaded: 0)
Unloading 25 unused Assets / (213.2 KB). Loaded Objects now: 4890.
Memory consumption went from 146.7 MB to 146.4 MB.
Total: 4.968400 ms (FindLiveObjects: 0.329800 ms CreateObjectMapping: 0.184700 ms MarkObjects: 4.230900 ms  DeleteObjects: 0.221400 ms)

Prepare: number of updated asset objects reloaded= 0
AssetImportParameters requested are different than current active one (requested -> active):
  custom:container-demuxer-ogg: 62fdf1f143b41e24485cea50d1cbac27 -> 
  custom:video-decoder-ogg-theora: a1e56fd34408186e4bbccfd4996cb3dc -> 
  custom:framework-win-MediaFoundation: 216162199b28c13a410421893ffa2e32 -> 
  custom:CustomObjectIndexerAttribute: 9a22284fe3817be447336de3de66b15e -> 
  custom:container-demuxer-webm: 4f35f7cbe854078d1ac9338744f61a02 -> 
  custom:container-muxer-webm: aa71ff27fc2769a1b78a27578f13a17b -> 
  custom:video-decoder-webm-vp8: 9c59270c3fd7afecdb556c50c9e8de78 -> 
  custom:SearchIndexIgnoredProperties: e643bd26f0fe6173181afceb89e7c659 -> 
  custom:AudioImporter_EditorPlatform: d09bf68614088b80899f8185d706f6e7 -> 
  custom:video-encoder-webm-vp8: eb34c28f22e8b96e1ab97ce403110664 -> 
  custom:audio-decoder-ogg-vorbis: bf7c407c2cedff20999df2af8eb42d56 -> 
  custom:audio-encoder-webm-vorbis: bf7c407c2cedff20999df2af8eb42d56 -> 
========================================================================
Received Prepare
Caller must complete domain reload
Begin MonoManager ReloadAssembly
- Loaded All Assemblies, in  0.682 seconds
Native extension for WindowsStandalone target not found
Native extension for WebGL target not found
Mono: successfully reloaded assembly
- Finished resetting the current domain, in  1.665 seconds
Domain Reload Profiling: 2342ms
	BeginReloadAssembly (226ms)
		ExecutionOrderSort (0ms)
		DisableScriptedObjects (13ms)
		BackupInstance (0ms)
		ReleaseScriptingObjects (0ms)
		CreateAndSetChildDomain (41ms)
	RebuildCommonClasses (46ms)
	RebuildNativeTypeToScriptingClass (16ms)
	initialDomainReloadingComplete (43ms)
	LoadAllAssembliesAndSetupDomain (344ms)
		LoadAssemblies (427ms)
		RebuildTransferFunctionScriptingTraits (0ms)
		AnalyzeDomain (42ms)
			TypeCache.Refresh (12ms)
				TypeCache.ScanAssembly (0ms)
			ScanForSourceGeneratedMonoScriptInfo (21ms)
			ResolveRequiredComponents (7ms)
	FinalizeReload (1666ms)
		ReleaseScriptCaches (0ms)
		RebuildScriptCaches (0ms)
		SetupLoadedEditorAssemblies (759ms)
			LogAssemblyErrors (0ms)
			InitializePlatformSupportModulesInManaged (11ms)
			SetLoadedEditorAssemblies (7ms)
			RefreshPlugins (0ms)
			BeforeProcessingInitializeOnLoad (113ms)
			ProcessInitializeOnLoadAttributes (565ms)
			ProcessInitializeOnLoadMethodAttributes (47ms)
			AfterProcessingInitializeOnLoad (16ms)
			EditorAssembliesLoaded (0ms)
		ExecutionOrderSort2 (0ms)
		AwakeInstancesAfterBackupRestoration (20ms)
Refreshing native plugins compatible for Editor in 10.01 ms, found 4 plugins.
Preloading 0 native plugins for Editor in 0.00 ms.
Unloading 4359 Unused Serialized files (Serialized files now loaded: 0)
Unloading 25 unused Assets / (213.5 KB). Loaded Objects now: 4894.
Memory consumption went from 146.7 MB to 146.5 MB.
Total: 4.803900 ms (FindLiveObjects: 0.360000 ms CreateObjectMapping: 0.175000 ms MarkObjects: 4.038500 ms  DeleteObjects: 0.228500 ms)

Prepare: number of updated asset objects reloaded= 0
AssetImportParameters requested are different than current active one (requested -> active):
  custom:container-demuxer-ogg: 62fdf1f143b41e24485cea50d1cbac27 -> 
  custom:video-decoder-ogg-theora: a1e56fd34408186e4bbccfd4996cb3dc -> 
  custom:framework-win-MediaFoundation: 216162199b28c13a410421893ffa2e32 -> 
  custom:CustomObjectIndexerAttribute: 9a22284fe3817be447336de3de66b15e -> 
  custom:container-demuxer-webm: 4f35f7cbe854078d1ac9338744f61a02 -> 
  custom:container-muxer-webm: aa71ff27fc2769a1b78a27578f13a17b -> 
  custom:video-decoder-webm-vp8: 9c59270c3fd7afecdb556c50c9e8de78 -> 
  custom:SearchIndexIgnoredProperties: e643bd26f0fe6173181afceb89e7c659 -> 
  custom:AudioImporter_EditorPlatform: d09bf68614088b80899f8185d706f6e7 -> 
  custom:video-encoder-webm-vp8: eb34c28f22e8b96e1ab97ce403110664 -> 
  custom:audio-decoder-ogg-vorbis: bf7c407c2cedff20999df2af8eb42d56 -> 
  custom:audio-encoder-webm-vorbis: bf7c407c2cedff20999df2af8eb42d56 -> 
========================================================================
Received Prepare
Caller must complete domain reload
Begin MonoManager ReloadAssembly
- Loaded All Assemblies, in  0.716 seconds
Native extension for WindowsStandalone target not found
Native extension for WebGL target not found
Mono: successfully reloaded assembly
- Finished resetting the current domain, in  2.258 seconds
Domain Reload Profiling: 2970ms
	BeginReloadAssembly (227ms)
		ExecutionOrderSort (0ms)
		DisableScriptedObjects (18ms)
		BackupInstance (0ms)
		ReleaseScriptingObjects (0ms)
		CreateAndSetChildDomain (42ms)
	RebuildCommonClasses (55ms)
	RebuildNativeTypeToScriptingClass (18ms)
	initialDomainReloadingComplete (45ms)
	LoadAllAssembliesAndSetupDomain (364ms)
		LoadAssemblies (462ms)
		RebuildTransferFunctionScriptingTraits (0ms)
		AnalyzeDomain (25ms)
			TypeCache.Refresh (9ms)
				TypeCache.ScanAssembly (0ms)
			ScanForSourceGeneratedMonoScriptInfo (0ms)
			ResolveRequiredComponents (12ms)
	FinalizeReload (2260ms)
		ReleaseScriptCaches (0ms)
		RebuildScriptCaches (0ms)
		SetupLoadedEditorAssemblies (1249ms)
			LogAssemblyErrors (0ms)
			InitializePlatformSupportModulesInManaged (16ms)
			SetLoadedEditorAssemblies (10ms)
			RefreshPlugins (0ms)
			BeforeProcessingInitializeOnLoad (147ms)
			ProcessInitializeOnLoadAttributes (977ms)
			ProcessInitializeOnLoadMethodAttributes (78ms)
			AfterProcessingInitializeOnLoad (19ms)
			EditorAssembliesLoaded (1ms)
		ExecutionOrderSort2 (0ms)
		AwakeInstancesAfterBackupRestoration (36ms)
Refreshing native plugins compatible for Editor in 16.02 ms, found 4 plugins.
Preloading 0 native plugins for Editor in 0.00 ms.
Unloading 4359 Unused Serialized files (Serialized files now loaded: 0)
Unloading 25 unused Assets / (213.1 KB). Loaded Objects now: 4898.
Memory consumption went from 146.7 MB to 146.5 MB.
Total: 7.579200 ms (FindLiveObjects: 0.445400 ms CreateObjectMapping: 0.235700 ms MarkObjects: 6.574800 ms  DeleteObjects: 0.321300 ms)

Prepare: number of updated asset objects reloaded= 0
AssetImportParameters requested are different than current active one (requested -> active):
  custom:container-demuxer-ogg: 62fdf1f143b41e24485cea50d1cbac27 -> 
  custom:video-decoder-ogg-theora: a1e56fd34408186e4bbccfd4996cb3dc -> 
  custom:framework-win-MediaFoundation: 216162199b28c13a410421893ffa2e32 -> 
  custom:CustomObjectIndexerAttribute: 9a22284fe3817be447336de3de66b15e -> 
  custom:container-demuxer-webm: 4f35f7cbe854078d1ac9338744f61a02 -> 
  custom:container-muxer-webm: aa71ff27fc2769a1b78a27578f13a17b -> 
  custom:video-decoder-webm-vp8: 9c59270c3fd7afecdb556c50c9e8de78 -> 
  custom:SearchIndexIgnoredProperties: e643bd26f0fe6173181afceb89e7c659 -> 
  custom:AudioImporter_EditorPlatform: d09bf68614088b80899f8185d706f6e7 -> 
  custom:video-encoder-webm-vp8: eb34c28f22e8b96e1ab97ce403110664 -> 
  custom:audio-decoder-ogg-vorbis: bf7c407c2cedff20999df2af8eb42d56 -> 
  custom:audio-encoder-webm-vorbis: bf7c407c2cedff20999df2af8eb42d56 -> 
========================================================================
Received Prepare
Caller must complete domain reload
Begin MonoManager ReloadAssembly
- Loaded All Assemblies, in  0.720 seconds
Native extension for WindowsStandalone target not found
Native extension for WebGL target not found
Mono: successfully reloaded assembly
- Finished resetting the current domain, in  1.920 seconds
Domain Reload Profiling: 2635ms
	BeginReloadAssembly (211ms)
		ExecutionOrderSort (0ms)
		DisableScriptedObjects (15ms)
		BackupInstance (0ms)
		ReleaseScriptingObjects (0ms)
		CreateAndSetChildDomain (43ms)
	RebuildCommonClasses (42ms)
	RebuildNativeTypeToScriptingClass (13ms)
	initialDomainReloadingComplete (43ms)
	LoadAllAssembliesAndSetupDomain (404ms)
		LoadAssemblies (465ms)
		RebuildTransferFunctionScriptingTraits (0ms)
		AnalyzeDomain (53ms)
			TypeCache.Refresh (14ms)
				TypeCache.ScanAssembly (0ms)
			ScanForSourceGeneratedMonoScriptInfo (26ms)
			ResolveRequiredComponents (10ms)
	FinalizeReload (1921ms)
		ReleaseScriptCaches (0ms)
		RebuildScriptCaches (0ms)
		SetupLoadedEditorAssemblies (842ms)
			LogAssemblyErrors (0ms)
			InitializePlatformSupportModulesInManaged (13ms)
			SetLoadedEditorAssemblies (8ms)
			RefreshPlugins (0ms)
			BeforeProcessingInitializeOnLoad (129ms)
			ProcessInitializeOnLoadAttributes (632ms)
			ProcessInitializeOnLoadMethodAttributes (49ms)
			AfterProcessingInitializeOnLoad (11ms)
			EditorAssembliesLoaded (0ms)
		ExecutionOrderSort2 (0ms)
		AwakeInstancesAfterBackupRestoration (21ms)
Refreshing native plugins compatible for Editor in 10.59 ms, found 4 plugins.
Preloading 0 native plugins for Editor in 0.00 ms.
Unloading 4359 Unused Serialized files (Serialized files now loaded: 0)
Unloading 25 unused Assets / (213.3 KB). Loaded Objects now: 4902.
Memory consumption went from 146.7 MB to 146.5 MB.
Total: 4.193900 ms (FindLiveObjects: 0.290900 ms CreateObjectMapping: 0.158900 ms MarkObjects: 3.521100 ms  DeleteObjects: 0.221300 ms)

Prepare: number of updated asset objects reloaded= 0
AssetImportParameters requested are different than current active one (requested -> active):
  custom:container-demuxer-ogg: 62fdf1f143b41e24485cea50d1cbac27 -> 
  custom:video-decoder-ogg-theora: a1e56fd34408186e4bbccfd4996cb3dc -> 
  custom:framework-win-MediaFoundation: 216162199b28c13a410421893ffa2e32 -> 
  custom:CustomObjectIndexerAttribute: 9a22284fe3817be447336de3de66b15e -> 
  custom:container-demuxer-webm: 4f35f7cbe854078d1ac9338744f61a02 -> 
  custom:container-muxer-webm: aa71ff27fc2769a1b78a27578f13a17b -> 
  custom:video-decoder-webm-vp8: 9c59270c3fd7afecdb556c50c9e8de78 -> 
  custom:SearchIndexIgnoredProperties: e643bd26f0fe6173181afceb89e7c659 -> 
  custom:AudioImporter_EditorPlatform: d09bf68614088b80899f8185d706f6e7 -> 
  custom:video-encoder-webm-vp8: eb34c28f22e8b96e1ab97ce403110664 -> 
  custom:audio-decoder-ogg-vorbis: bf7c407c2cedff20999df2af8eb42d56 -> 
  custom:audio-encoder-webm-vorbis: bf7c407c2cedff20999df2af8eb42d56 -> 
========================================================================
Received Prepare
Caller must complete domain reload
Begin MonoManager ReloadAssembly
- Loaded All Assemblies, in  0.688 seconds
Native extension for WindowsStandalone target not found
Native extension for WebGL target not found
Mono: successfully reloaded assembly
- Finished resetting the current domain, in  2.243 seconds
Domain Reload Profiling: 2925ms
	BeginReloadAssembly (206ms)
		ExecutionOrderSort (0ms)
		DisableScriptedObjects (14ms)
		BackupInstance (0ms)
		ReleaseScriptingObjects (0ms)
		CreateAndSetChildDomain (44ms)
	RebuildCommonClasses (51ms)
	RebuildNativeTypeToScriptingClass (13ms)
	initialDomainReloadingComplete (49ms)
	LoadAllAssembliesAndSetupDomain (362ms)
		LoadAssemblies (450ms)
		RebuildTransferFunctionScriptingTraits (0ms)
		AnalyzeDomain (19ms)
			TypeCache.Refresh (8ms)
				TypeCache.ScanAssembly (0ms)
			ScanForSourceGeneratedMonoScriptInfo (0ms)
			ResolveRequiredComponents (8ms)
	FinalizeReload (2244ms)
		ReleaseScriptCaches (0ms)
		RebuildScriptCaches (0ms)
		SetupLoadedEditorAssemblies (1199ms)
			LogAssemblyErrors (0ms)
			InitializePlatformSupportModulesInManaged (17ms)
			SetLoadedEditorAssemblies (11ms)
			RefreshPlugins (0ms)
			BeforeProcessingInitializeOnLoad (130ms)
			ProcessInitializeOnLoadAttributes (929ms)
			ProcessInitializeOnLoadMethodAttributes (88ms)
			AfterProcessingInitializeOnLoad (23ms)
			EditorAssembliesLoaded (1ms)
		ExecutionOrderSort2 (0ms)
		AwakeInstancesAfterBackupRestoration (37ms)
Refreshing native plugins compatible for Editor in 17.22 ms, found 4 plugins.
Preloading 0 native plugins for Editor in 0.00 ms.
Unloading 4359 Unused Serialized files (Serialized files now loaded: 0)
Unloading 25 unused Assets / (213.2 KB). Loaded Objects now: 4906.
Memory consumption went from 146.7 MB to 146.5 MB.
Total: 7.862100 ms (FindLiveObjects: 0.418000 ms CreateObjectMapping: 0.265200 ms MarkObjects: 6.873100 ms  DeleteObjects: 0.302900 ms)

Prepare: number of updated asset objects reloaded= 0
AssetImportParameters requested are different than current active one (requested -> active):
  custom:container-demuxer-ogg: 62fdf1f143b41e24485cea50d1cbac27 -> 
  custom:video-decoder-ogg-theora: a1e56fd34408186e4bbccfd4996cb3dc -> 
  custom:framework-win-MediaFoundation: 216162199b28c13a410421893ffa2e32 -> 
  custom:CustomObjectIndexerAttribute: 9a22284fe3817be447336de3de66b15e -> 
  custom:container-demuxer-webm: 4f35f7cbe854078d1ac9338744f61a02 -> 
  custom:container-muxer-webm: aa71ff27fc2769a1b78a27578f13a17b -> 
  custom:video-decoder-webm-vp8: 9c59270c3fd7afecdb556c50c9e8de78 -> 
  custom:SearchIndexIgnoredProperties: e643bd26f0fe6173181afceb89e7c659 -> 
  custom:AudioImporter_EditorPlatform: d09bf68614088b80899f8185d706f6e7 -> 
  custom:video-encoder-webm-vp8: eb34c28f22e8b96e1ab97ce403110664 -> 
  custom:audio-decoder-ogg-vorbis: bf7c407c2cedff20999df2af8eb42d56 -> 
  custom:audio-encoder-webm-vorbis: bf7c407c2cedff20999df2af8eb42d56 -> 
========================================================================
Received Prepare
Caller must complete domain reload
Begin MonoManager ReloadAssembly
- Loaded All Assemblies, in  0.717 seconds
Native extension for WindowsStandalone target not found
Native extension for WebGL target not found
Mono: successfully reloaded assembly
- Finished resetting the current domain, in  1.980 seconds
Domain Reload Profiling: 2691ms
	BeginReloadAssembly (232ms)
		ExecutionOrderSort (0ms)
		DisableScriptedObjects (17ms)
		BackupInstance (0ms)
		ReleaseScriptingObjects (0ms)
		CreateAndSetChildDomain (45ms)
	RebuildCommonClasses (47ms)
	RebuildNativeTypeToScriptingClass (14ms)
	initialDomainReloadingComplete (47ms)
	LoadAllAssembliesAndSetupDomain (372ms)
		LoadAssemblies (479ms)
		RebuildTransferFunctionScriptingTraits (0ms)
		AnalyzeDomain (21ms)
			TypeCache.Refresh (9ms)
				TypeCache.ScanAssembly (0ms)
			ScanForSourceGeneratedMonoScriptInfo (0ms)
			ResolveRequiredComponents (9ms)
	FinalizeReload (1981ms)
		ReleaseScriptCaches (0ms)
		RebuildScriptCaches (0ms)
		SetupLoadedEditorAssemblies (1017ms)
			LogAssemblyErrors (0ms)
			InitializePlatformSupportModulesInManaged (12ms)
			SetLoadedEditorAssemblies (7ms)
			RefreshPlugins (0ms)
			BeforeProcessingInitializeOnLoad (132ms)
			ProcessInitializeOnLoadAttributes (781ms)
			ProcessInitializeOnLoadMethodAttributes (70ms)
			AfterProcessingInitializeOnLoad (14ms)
			EditorAssembliesLoaded (0ms)
		ExecutionOrderSort2 (0ms)
		AwakeInstancesAfterBackupRestoration (25ms)
Refreshing native plugins compatible for Editor in 15.26 ms, found 4 plugins.
Preloading 0 native plugins for Editor in 0.00 ms.
Unloading 4359 Unused Serialized files (Serialized files now loaded: 0)
Unloading 25 unused Assets / (213.4 KB). Loaded Objects now: 4910.
Memory consumption went from 146.7 MB to 146.5 MB.
Total: 6.629500 ms (FindLiveObjects: 0.579300 ms CreateObjectMapping: 0.335100 ms MarkObjects: 5.430400 ms  DeleteObjects: 0.282800 ms)

Prepare: number of updated asset objects reloaded= 0
AssetImportParameters requested are different than current active one (requested -> active):
  custom:container-demuxer-ogg: 62fdf1f143b41e24485cea50d1cbac27 -> 
  custom:video-decoder-ogg-theora: a1e56fd34408186e4bbccfd4996cb3dc -> 
  custom:framework-win-MediaFoundation: 216162199b28c13a410421893ffa2e32 -> 
  custom:CustomObjectIndexerAttribute: 9a22284fe3817be447336de3de66b15e -> 
  custom:container-demuxer-webm: 4f35f7cbe854078d1ac9338744f61a02 -> 
  custom:container-muxer-webm: aa71ff27fc2769a1b78a27578f13a17b -> 
  custom:video-decoder-webm-vp8: 9c59270c3fd7afecdb556c50c9e8de78 -> 
  custom:SearchIndexIgnoredProperties: e643bd26f0fe6173181afceb89e7c659 -> 
  custom:AudioImporter_EditorPlatform: d09bf68614088b80899f8185d706f6e7 -> 
  custom:video-encoder-webm-vp8: eb34c28f22e8b96e1ab97ce403110664 -> 
  custom:audio-decoder-ogg-vorbis: bf7c407c2cedff20999df2af8eb42d56 -> 
  custom:audio-encoder-webm-vorbis: bf7c407c2cedff20999df2af8eb42d56 -> 
========================================================================
Received Prepare
Caller must complete domain reload
Begin MonoManager ReloadAssembly
- Loaded All Assemblies, in  0.698 seconds
Native extension for WindowsStandalone target not found
Native extension for WebGL target not found
Mono: successfully reloaded assembly
- Finished resetting the current domain, in  2.021 seconds
Domain Reload Profiling: 2713ms
	BeginReloadAssembly (232ms)
		ExecutionOrderSort (0ms)
		DisableScriptedObjects (15ms)
		BackupInstance (0ms)
		ReleaseScriptingObjects (0ms)
		CreateAndSetChildDomain (55ms)
	RebuildCommonClasses (44ms)
	RebuildNativeTypeToScriptingClass (17ms)
	initialDomainReloadingComplete (45ms)
	LoadAllAssembliesAndSetupDomain (354ms)
		LoadAssemblies (451ms)
		RebuildTransferFunctionScriptingTraits (0ms)
		AnalyzeDomain (19ms)
			TypeCache.Refresh (8ms)
				TypeCache.ScanAssembly (0ms)
			ScanForSourceGeneratedMonoScriptInfo (0ms)
			ResolveRequiredComponents (8ms)
	FinalizeReload (2022ms)
		ReleaseScriptCaches (0ms)
		RebuildScriptCaches (0ms)
		SetupLoadedEditorAssemblies (1011ms)
			LogAssemblyErrors (0ms)
			InitializePlatformSupportModulesInManaged (11ms)
			SetLoadedEditorAssemblies (9ms)
			RefreshPlugins (0ms)
			BeforeProcessingInitializeOnLoad (123ms)
			ProcessInitializeOnLoadAttributes (811ms)
			ProcessInitializeOnLoadMethodAttributes (44ms)
			AfterProcessingInitializeOnLoad (14ms)
			EditorAssembliesLoaded (0ms)
		ExecutionOrderSort2 (0ms)
		AwakeInstancesAfterBackupRestoration (22ms)
Refreshing native plugins compatible for Editor in 13.16 ms, found 4 plugins.
Preloading 0 native plugins for Editor in 0.00 ms.
Unloading 4359 Unused Serialized files (Serialized files now loaded: 0)
Unloading 25 unused Assets / (213.3 KB). Loaded Objects now: 4914.
Memory consumption went from 146.7 MB to 146.5 MB.
Total: 5.441000 ms (FindLiveObjects: 0.377900 ms CreateObjectMapping: 0.168100 ms MarkObjects: 4.627200 ms  DeleteObjects: 0.266400 ms)

Prepare: number of updated asset objects reloaded= 0
AssetImportParameters requested are different than current active one (requested -> active):
  custom:container-demuxer-ogg: 62fdf1f143b41e24485cea50d1cbac27 -> 
  custom:video-decoder-ogg-theora: a1e56fd34408186e4bbccfd4996cb3dc -> 
  custom:framework-win-MediaFoundation: 216162199b28c13a410421893ffa2e32 -> 
  custom:CustomObjectIndexerAttribute: 9a22284fe3817be447336de3de66b15e -> 
  custom:container-demuxer-webm: 4f35f7cbe854078d1ac9338744f61a02 -> 
  custom:container-muxer-webm: aa71ff27fc2769a1b78a27578f13a17b -> 
  custom:video-decoder-webm-vp8: 9c59270c3fd7afecdb556c50c9e8de78 -> 
  custom:SearchIndexIgnoredProperties: e643bd26f0fe6173181afceb89e7c659 -> 
  custom:AudioImporter_EditorPlatform: d09bf68614088b80899f8185d706f6e7 -> 
  custom:video-encoder-webm-vp8: eb34c28f22e8b96e1ab97ce403110664 -> 
  custom:audio-decoder-ogg-vorbis: bf7c407c2cedff20999df2af8eb42d56 -> 
  custom:audio-encoder-webm-vorbis: bf7c407c2cedff20999df2af8eb42d56 -> 
========================================================================
Received Prepare
Caller must complete domain reload
Begin MonoManager ReloadAssembly
- Loaded All Assemblies, in  0.756 seconds
Native extension for WindowsStandalone target not found
Native extension for WebGL target not found
Mono: successfully reloaded assembly
- Finished resetting the current domain, in  2.005 seconds
Domain Reload Profiling: 2755ms
	BeginReloadAssembly (227ms)
		ExecutionOrderSort (0ms)
		DisableScriptedObjects (16ms)
		BackupInstance (0ms)
		ReleaseScriptingObjects (0ms)
		CreateAndSetChildDomain (43ms)
	RebuildCommonClasses (61ms)
	RebuildNativeTypeToScriptingClass (15ms)
	initialDomainReloadingComplete (61ms)
	LoadAllAssembliesAndSetupDomain (385ms)
		LoadAssemblies (482ms)
		RebuildTransferFunctionScriptingTraits (0ms)
		AnalyzeDomain (23ms)
			TypeCache.Refresh (8ms)
				TypeCache.ScanAssembly (0ms)
			ScanForSourceGeneratedMonoScriptInfo (0ms)
			ResolveRequiredComponents (12ms)
	FinalizeReload (2006ms)
		ReleaseScriptCaches (0ms)
		RebuildScriptCaches (0ms)
		SetupLoadedEditorAssemblies (995ms)
			LogAssemblyErrors (0ms)
			InitializePlatformSupportModulesInManaged (17ms)
			SetLoadedEditorAssemblies (9ms)
			RefreshPlugins (0ms)
			BeforeProcessingInitializeOnLoad (133ms)
			ProcessInitializeOnLoadAttributes (756ms)
			ProcessInitializeOnLoadMethodAttributes (63ms)
			AfterProcessingInitializeOnLoad (16ms)
			EditorAssembliesLoaded (1ms)
		ExecutionOrderSort2 (0ms)
		AwakeInstancesAfterBackupRestoration (29ms)
Refreshing native plugins compatible for Editor in 14.50 ms, found 4 plugins.
Preloading 0 native plugins for Editor in 0.00 ms.
Unloading 4359 Unused Serialized files (Serialized files now loaded: 0)
Unloading 25 unused Assets / (213.3 KB). Loaded Objects now: 4918.
Memory consumption went from 146.7 MB to 146.5 MB.
Total: 6.014700 ms (FindLiveObjects: 0.404400 ms CreateObjectMapping: 0.210200 ms MarkObjects: 5.028400 ms  DeleteObjects: 0.369900 ms)

Prepare: number of updated asset objects reloaded= 0
AssetImportParameters requested are different than current active one (requested -> active):
  custom:container-demuxer-ogg: 62fdf1f143b41e24485cea50d1cbac27 -> 
  custom:video-decoder-ogg-theora: a1e56fd34408186e4bbccfd4996cb3dc -> 
  custom:framework-win-MediaFoundation: 216162199b28c13a410421893ffa2e32 -> 
  custom:CustomObjectIndexerAttribute: 9a22284fe3817be447336de3de66b15e -> 
  custom:container-demuxer-webm: 4f35f7cbe854078d1ac9338744f61a02 -> 
  custom:container-muxer-webm: aa71ff27fc2769a1b78a27578f13a17b -> 
  custom:video-decoder-webm-vp8: 9c59270c3fd7afecdb556c50c9e8de78 -> 
  custom:SearchIndexIgnoredProperties: e643bd26f0fe6173181afceb89e7c659 -> 
  custom:AudioImporter_EditorPlatform: d09bf68614088b80899f8185d706f6e7 -> 
  custom:video-encoder-webm-vp8: eb34c28f22e8b96e1ab97ce403110664 -> 
  custom:audio-decoder-ogg-vorbis: bf7c407c2cedff20999df2af8eb42d56 -> 
  custom:audio-encoder-webm-vorbis: bf7c407c2cedff20999df2af8eb42d56 -> 
========================================================================
Received Prepare
Caller must complete domain reload
Begin MonoManager ReloadAssembly
- Loaded All Assemblies, in  0.693 seconds
Native extension for WindowsStandalone target not found
Native extension for WebGL target not found
Mono: successfully reloaded assembly
- Finished resetting the current domain, in  1.914 seconds
Domain Reload Profiling: 2602ms
	BeginReloadAssembly (226ms)
		ExecutionOrderSort (0ms)
		DisableScriptedObjects (14ms)
		BackupInstance (0ms)
		ReleaseScriptingObjects (0ms)
		CreateAndSetChildDomain (45ms)
	RebuildCommonClasses (41ms)
	RebuildNativeTypeToScriptingClass (13ms)
	initialDomainReloadingComplete (46ms)
	LoadAllAssembliesAndSetupDomain (362ms)
		LoadAssemblies (468ms)
		RebuildTransferFunctionScriptingTraits (0ms)
		AnalyzeDomain (18ms)
			TypeCache.Refresh (8ms)
				TypeCache.ScanAssembly (0ms)
			ScanForSourceGeneratedMonoScriptInfo (0ms)
			ResolveRequiredComponents (7ms)
	FinalizeReload (1915ms)
		ReleaseScriptCaches (0ms)
		RebuildScriptCaches (0ms)
		SetupLoadedEditorAssemblies (983ms)
			LogAssemblyErrors (0ms)
			InitializePlatformSupportModulesInManaged (14ms)
			SetLoadedEditorAssemblies (8ms)
			RefreshPlugins (0ms)
			BeforeProcessingInitializeOnLoad (125ms)
			ProcessInitializeOnLoadAttributes (764ms)
			ProcessInitializeOnLoadMethodAttributes (58ms)
			AfterProcessingInitializeOnLoad (14ms)
			EditorAssembliesLoaded (0ms)
		ExecutionOrderSort2 (0ms)
		AwakeInstancesAfterBackupRestoration (25ms)
Refreshing native plugins compatible for Editor in 11.55 ms, found 4 plugins.
Preloading 0 native plugins for Editor in 0.00 ms.
Unloading 4359 Unused Serialized files (Serialized files now loaded: 0)
Unloading 25 unused Assets / (213.4 KB). Loaded Objects now: 4922.
Memory consumption went from 146.7 MB to 146.5 MB.
Total: 5.072200 ms (FindLiveObjects: 0.355800 ms CreateObjectMapping: 0.175800 ms MarkObjects: 4.265100 ms  DeleteObjects: 0.273400 ms)

Prepare: number of updated asset objects reloaded= 0
AssetImportParameters requested are different than current active one (requested -> active):
  custom:container-demuxer-ogg: 62fdf1f143b41e24485cea50d1cbac27 -> 
  custom:video-decoder-ogg-theora: a1e56fd34408186e4bbccfd4996cb3dc -> 
  custom:framework-win-MediaFoundation: 216162199b28c13a410421893ffa2e32 -> 
  custom:CustomObjectIndexerAttribute: 9a22284fe3817be447336de3de66b15e -> 
  custom:container-demuxer-webm: 4f35f7cbe854078d1ac9338744f61a02 -> 
  custom:container-muxer-webm: aa71ff27fc2769a1b78a27578f13a17b -> 
  custom:video-decoder-webm-vp8: 9c59270c3fd7afecdb556c50c9e8de78 -> 
  custom:SearchIndexIgnoredProperties: e643bd26f0fe6173181afceb89e7c659 -> 
  custom:AudioImporter_EditorPlatform: d09bf68614088b80899f8185d706f6e7 -> 
  custom:video-encoder-webm-vp8: eb34c28f22e8b96e1ab97ce403110664 -> 
  custom:audio-decoder-ogg-vorbis: bf7c407c2cedff20999df2af8eb42d56 -> 
  custom:audio-encoder-webm-vorbis: bf7c407c2cedff20999df2af8eb42d56 -> 
========================================================================
Received Prepare
Caller must complete domain reload
Begin MonoManager ReloadAssembly
- Loaded All Assemblies, in  0.646 seconds
Native extension for WindowsStandalone target not found
Native extension for WebGL target not found
Mono: successfully reloaded assembly
- Finished resetting the current domain, in  1.921 seconds
Domain Reload Profiling: 2561ms
	BeginReloadAssembly (193ms)
		ExecutionOrderSort (0ms)
		DisableScriptedObjects (13ms)
		BackupInstance (0ms)
		ReleaseScriptingObjects (0ms)
		CreateAndSetChildDomain (37ms)
	RebuildCommonClasses (42ms)
	RebuildNativeTypeToScriptingClass (12ms)
	initialDomainReloadingComplete (42ms)
	LoadAllAssembliesAndSetupDomain (351ms)
		LoadAssemblies (436ms)
		RebuildTransferFunctionScriptingTraits (0ms)
		AnalyzeDomain (18ms)
			TypeCache.Refresh (8ms)
				TypeCache.ScanAssembly (0ms)
			ScanForSourceGeneratedMonoScriptInfo (0ms)
			ResolveRequiredComponents (8ms)
	FinalizeReload (1922ms)
		ReleaseScriptCaches (0ms)
		RebuildScriptCaches (0ms)
		SetupLoadedEditorAssemblies (975ms)
			LogAssemblyErrors (0ms)
			InitializePlatformSupportModulesInManaged (13ms)
			SetLoadedEditorAssemblies (8ms)
			RefreshPlugins (0ms)
			BeforeProcessingInitializeOnLoad (140ms)
			ProcessInitializeOnLoadAttributes (747ms)
			ProcessInitializeOnLoadMethodAttributes (51ms)
			AfterProcessingInitializeOnLoad (16ms)
			EditorAssembliesLoaded (0ms)
		ExecutionOrderSort2 (0ms)
		AwakeInstancesAfterBackupRestoration (20ms)
Refreshing native plugins compatible for Editor in 14.26 ms, found 4 plugins.
Preloading 0 native plugins for Editor in 0.00 ms.
Unloading 4359 Unused Serialized files (Serialized files now loaded: 0)
Unloading 25 unused Assets / (213.4 KB). Loaded Objects now: 4926.
Memory consumption went from 146.7 MB to 146.5 MB.
Total: 5.824300 ms (FindLiveObjects: 0.376500 ms CreateObjectMapping: 0.205600 ms MarkObjects: 4.823300 ms  DeleteObjects: 0.416800 ms)

Prepare: number of updated asset objects reloaded= 0
AssetImportParameters requested are different than current active one (requested -> active):
  custom:container-demuxer-ogg: 62fdf1f143b41e24485cea50d1cbac27 -> 
  custom:video-decoder-ogg-theora: a1e56fd34408186e4bbccfd4996cb3dc -> 
  custom:framework-win-MediaFoundation: 216162199b28c13a410421893ffa2e32 -> 
  custom:CustomObjectIndexerAttribute: 9a22284fe3817be447336de3de66b15e -> 
  custom:container-demuxer-webm: 4f35f7cbe854078d1ac9338744f61a02 -> 
  custom:container-muxer-webm: aa71ff27fc2769a1b78a27578f13a17b -> 
  custom:video-decoder-webm-vp8: 9c59270c3fd7afecdb556c50c9e8de78 -> 
  custom:SearchIndexIgnoredProperties: e643bd26f0fe6173181afceb89e7c659 -> 
  custom:AudioImporter_EditorPlatform: d09bf68614088b80899f8185d706f6e7 -> 
  custom:video-encoder-webm-vp8: eb34c28f22e8b96e1ab97ce403110664 -> 
  custom:audio-decoder-ogg-vorbis: bf7c407c2cedff20999df2af8eb42d56 -> 
  custom:audio-encoder-webm-vorbis: bf7c407c2cedff20999df2af8eb42d56 -> 
========================================================================
Received Prepare
Caller must complete domain reload
Begin MonoManager ReloadAssembly
- Loaded All Assemblies, in  0.758 seconds
Native extension for WindowsStandalone target not found
Native extension for WebGL target not found
Mono: successfully reloaded assembly
- Finished resetting the current domain, in  1.918 seconds
Domain Reload Profiling: 2670ms
	BeginReloadAssembly (220ms)
		ExecutionOrderSort (0ms)
		DisableScriptedObjects (17ms)
		BackupInstance (0ms)
		ReleaseScriptingObjects (0ms)
		CreateAndSetChildDomain (43ms)
	RebuildCommonClasses (43ms)
	RebuildNativeTypeToScriptingClass (13ms)
	initialDomainReloadingComplete (46ms)
	LoadAllAssembliesAndSetupDomain (430ms)
		LoadAssemblies (482ms)
		RebuildTransferFunctionScriptingTraits (0ms)
		AnalyzeDomain (53ms)
			TypeCache.Refresh (13ms)
				TypeCache.ScanAssembly (0ms)
			ScanForSourceGeneratedMonoScriptInfo (28ms)
			ResolveRequiredComponents (9ms)
	FinalizeReload (1919ms)
		ReleaseScriptCaches (0ms)
		RebuildScriptCaches (0ms)
		SetupLoadedEditorAssemblies (947ms)
			LogAssemblyErrors (0ms)
			InitializePlatformSupportModulesInManaged (11ms)
			SetLoadedEditorAssemblies (9ms)
			RefreshPlugins (0ms)
			BeforeProcessingInitializeOnLoad (129ms)
			ProcessInitializeOnLoadAttributes (706ms)
			ProcessInitializeOnLoadMethodAttributes (78ms)
			AfterProcessingInitializeOnLoad (15ms)
			EditorAssembliesLoaded (0ms)
		ExecutionOrderSort2 (0ms)
		AwakeInstancesAfterBackupRestoration (32ms)
Refreshing native plugins compatible for Editor in 10.52 ms, found 4 plugins.
Preloading 0 native plugins for Editor in 0.00 ms.
Unloading 4359 Unused Serialized files (Serialized files now loaded: 0)
Unloading 25 unused Assets / (213.2 KB). Loaded Objects now: 4930.
Memory consumption went from 146.7 MB to 146.5 MB.
Total: 6.630400 ms (FindLiveObjects: 0.349500 ms CreateObjectMapping: 0.190200 ms MarkObjects: 5.780000 ms  DeleteObjects: 0.308600 ms)

Prepare: number of updated asset objects reloaded= 0
AssetImportParameters requested are different than current active one (requested -> active):
  custom:container-demuxer-ogg: 62fdf1f143b41e24485cea50d1cbac27 -> 
  custom:video-decoder-ogg-theora: a1e56fd34408186e4bbccfd4996cb3dc -> 
  custom:framework-win-MediaFoundation: 216162199b28c13a410421893ffa2e32 -> 
  custom:CustomObjectIndexerAttribute: 9a22284fe3817be447336de3de66b15e -> 
  custom:container-demuxer-webm: 4f35f7cbe854078d1ac9338744f61a02 -> 
  custom:container-muxer-webm: aa71ff27fc2769a1b78a27578f13a17b -> 
  custom:video-decoder-webm-vp8: 9c59270c3fd7afecdb556c50c9e8de78 -> 
  custom:SearchIndexIgnoredProperties: e643bd26f0fe6173181afceb89e7c659 -> 
  custom:AudioImporter_EditorPlatform: d09bf68614088b80899f8185d706f6e7 -> 
  custom:video-encoder-webm-vp8: eb34c28f22e8b96e1ab97ce403110664 -> 
  custom:audio-decoder-ogg-vorbis: bf7c407c2cedff20999df2af8eb42d56 -> 
  custom:audio-encoder-webm-vorbis: bf7c407c2cedff20999df2af8eb42d56 -> 
========================================================================
Received Prepare
Caller must complete domain reload
Begin MonoManager ReloadAssembly
- Loaded All Assemblies, in  0.718 seconds
Native extension for WindowsStandalone target not found
Native extension for WebGL target not found
Mono: successfully reloaded assembly
- Finished resetting the current domain, in  2.068 seconds
Domain Reload Profiling: 2781ms
	BeginReloadAssembly (226ms)
		ExecutionOrderSort (0ms)
		DisableScriptedObjects (14ms)
		BackupInstance (0ms)
		ReleaseScriptingObjects (0ms)
		CreateAndSetChildDomain (54ms)
	RebuildCommonClasses (41ms)
	RebuildNativeTypeToScriptingClass (14ms)
	initialDomainReloadingComplete (44ms)
	LoadAllAssembliesAndSetupDomain (387ms)
		LoadAssemblies (480ms)
		RebuildTransferFunctionScriptingTraits (0ms)
		AnalyzeDomain (21ms)
			TypeCache.Refresh (9ms)
				TypeCache.ScanAssembly (0ms)
			ScanForSourceGeneratedMonoScriptInfo (0ms)
			ResolveRequiredComponents (9ms)
	FinalizeReload (2069ms)
		ReleaseScriptCaches (0ms)
		RebuildScriptCaches (0ms)
		SetupLoadedEditorAssemblies (1096ms)
			LogAssemblyErrors (0ms)
			InitializePlatformSupportModulesInManaged (12ms)
			SetLoadedEditorAssemblies (9ms)
			RefreshPlugins (0ms)
			BeforeProcessingInitializeOnLoad (144ms)
			ProcessInitializeOnLoadAttributes (847ms)
			ProcessInitializeOnLoadMethodAttributes (70ms)
			AfterProcessingInitializeOnLoad (13ms)
			EditorAssembliesLoaded (0ms)
		ExecutionOrderSort2 (0ms)
		AwakeInstancesAfterBackupRestoration (21ms)
Refreshing native plugins compatible for Editor in 12.62 ms, found 4 plugins.
Preloading 0 native plugins for Editor in 0.00 ms.
Unloading 4359 Unused Serialized files (Serialized files now loaded: 0)
Unloading 25 unused Assets / (213.5 KB). Loaded Objects now: 4934.
Memory consumption went from 146.7 MB to 146.5 MB.
Total: 5.095400 ms (FindLiveObjects: 0.384400 ms CreateObjectMapping: 0.166200 ms MarkObjects: 4.272200 ms  DeleteObjects: 0.271100 ms)

Prepare: number of updated asset objects reloaded= 0
AssetImportParameters requested are different than current active one (requested -> active):
  custom:container-demuxer-ogg: 62fdf1f143b41e24485cea50d1cbac27 -> 
  custom:video-decoder-ogg-theora: a1e56fd34408186e4bbccfd4996cb3dc -> 
  custom:framework-win-MediaFoundation: 216162199b28c13a410421893ffa2e32 -> 
  custom:CustomObjectIndexerAttribute: 9a22284fe3817be447336de3de66b15e -> 
  custom:container-demuxer-webm: 4f35f7cbe854078d1ac9338744f61a02 -> 
  custom:container-muxer-webm: aa71ff27fc2769a1b78a27578f13a17b -> 
  custom:video-decoder-webm-vp8: 9c59270c3fd7afecdb556c50c9e8de78 -> 
  custom:SearchIndexIgnoredProperties: e643bd26f0fe6173181afceb89e7c659 -> 
  custom:AudioImporter_EditorPlatform: d09bf68614088b80899f8185d706f6e7 -> 
  custom:video-encoder-webm-vp8: eb34c28f22e8b96e1ab97ce403110664 -> 
  custom:audio-decoder-ogg-vorbis: bf7c407c2cedff20999df2af8eb42d56 -> 
  custom:audio-encoder-webm-vorbis: bf7c407c2cedff20999df2af8eb42d56 -> 
========================================================================
Received Prepare
Caller must complete domain reload
Begin MonoManager ReloadAssembly
- Loaded All Assemblies, in  0.771 seconds
Native extension for WindowsStandalone target not found
Native extension for WebGL target not found
Mono: successfully reloaded assembly
- Finished resetting the current domain, in  1.824 seconds
Domain Reload Profiling: 2589ms
	BeginReloadAssembly (229ms)
		ExecutionOrderSort (0ms)
		DisableScriptedObjects (15ms)
		BackupInstance (0ms)
		ReleaseScriptingObjects (0ms)
		CreateAndSetChildDomain (45ms)
	RebuildCommonClasses (43ms)
	RebuildNativeTypeToScriptingClass (16ms)
	initialDomainReloadingComplete (62ms)
	LoadAllAssembliesAndSetupDomain (414ms)
		LoadAssemblies (498ms)
		RebuildTransferFunctionScriptingTraits (0ms)
		AnalyzeDomain (46ms)
			TypeCache.Refresh (12ms)
				TypeCache.ScanAssembly (0ms)
			ScanForSourceGeneratedMonoScriptInfo (21ms)
			ResolveRequiredComponents (11ms)
	FinalizeReload (1825ms)
		ReleaseScriptCaches (0ms)
		RebuildScriptCaches (0ms)
		SetupLoadedEditorAssemblies (866ms)
			LogAssemblyErrors (0ms)
			InitializePlatformSupportModulesInManaged (14ms)
			SetLoadedEditorAssemblies (10ms)
			RefreshPlugins (0ms)
			BeforeProcessingInitializeOnLoad (137ms)
			ProcessInitializeOnLoadAttributes (651ms)
			ProcessInitializeOnLoadMethodAttributes (45ms)
			AfterProcessingInitializeOnLoad (10ms)
			EditorAssembliesLoaded (0ms)
		ExecutionOrderSort2 (0ms)
		AwakeInstancesAfterBackupRestoration (15ms)
Refreshing native plugins compatible for Editor in 10.17 ms, found 4 plugins.
Preloading 0 native plugins for Editor in 0.00 ms.
Unloading 4359 Unused Serialized files (Serialized files now loaded: 0)
Unloading 25 unused Assets / (213.5 KB). Loaded Objects now: 4938.
Memory consumption went from 146.7 MB to 146.5 MB.
Total: 4.546200 ms (FindLiveObjects: 0.301200 ms CreateObjectMapping: 0.183600 ms MarkObjects: 3.849600 ms  DeleteObjects: 0.210100 ms)

Prepare: number of updated asset objects reloaded= 0
AssetImportParameters requested are different than current active one (requested -> active):
  custom:container-demuxer-ogg: 62fdf1f143b41e24485cea50d1cbac27 -> 
  custom:video-decoder-ogg-theora: a1e56fd34408186e4bbccfd4996cb3dc -> 
  custom:framework-win-MediaFoundation: 216162199b28c13a410421893ffa2e32 -> 
  custom:CustomObjectIndexerAttribute: 9a22284fe3817be447336de3de66b15e -> 
  custom:container-demuxer-webm: 4f35f7cbe854078d1ac9338744f61a02 -> 
  custom:container-muxer-webm: aa71ff27fc2769a1b78a27578f13a17b -> 
  custom:video-decoder-webm-vp8: 9c59270c3fd7afecdb556c50c9e8de78 -> 
  custom:SearchIndexIgnoredProperties: e643bd26f0fe6173181afceb89e7c659 -> 
  custom:AudioImporter_EditorPlatform: d09bf68614088b80899f8185d706f6e7 -> 
  custom:video-encoder-webm-vp8: eb34c28f22e8b96e1ab97ce403110664 -> 
  custom:audio-decoder-ogg-vorbis: bf7c407c2cedff20999df2af8eb42d56 -> 
  custom:audio-encoder-webm-vorbis: bf7c407c2cedff20999df2af8eb42d56 -> 
========================================================================
Received Prepare
Caller must complete domain reload
Begin MonoManager ReloadAssembly
- Loaded All Assemblies, in  0.673 seconds
Native extension for WindowsStandalone target not found
Native extension for WebGL target not found
Mono: successfully reloaded assembly
- Finished resetting the current domain, in  2.108 seconds
Domain Reload Profiling: 2775ms
	BeginReloadAssembly (219ms)
		ExecutionOrderSort (0ms)
		DisableScriptedObjects (15ms)
		BackupInstance (0ms)
		ReleaseScriptingObjects (0ms)
		CreateAndSetChildDomain (43ms)
	RebuildCommonClasses (43ms)
	RebuildNativeTypeToScriptingClass (12ms)
	initialDomainReloadingComplete (44ms)
	LoadAllAssembliesAndSetupDomain (348ms)
		LoadAssemblies (440ms)
		RebuildTransferFunctionScriptingTraits (0ms)
		AnalyzeDomain (21ms)
			TypeCache.Refresh (8ms)
				TypeCache.ScanAssembly (0ms)
			ScanForSourceGeneratedMonoScriptInfo (0ms)
			ResolveRequiredComponents (10ms)
	FinalizeReload (2109ms)
		ReleaseScriptCaches (0ms)
		RebuildScriptCaches (0ms)
		SetupLoadedEditorAssemblies (1170ms)
			LogAssemblyErrors (0ms)
			InitializePlatformSupportModulesInManaged (15ms)
			SetLoadedEditorAssemblies (9ms)
			RefreshPlugins (0ms)
			BeforeProcessingInitializeOnLoad (148ms)
			ProcessInitializeOnLoadAttributes (913ms)
			ProcessInitializeOnLoadMethodAttributes (69ms)
			AfterProcessingInitializeOnLoad (15ms)
			EditorAssembliesLoaded (1ms)
		ExecutionOrderSort2 (0ms)
		AwakeInstancesAfterBackupRestoration (30ms)
Refreshing native plugins compatible for Editor in 17.32 ms, found 4 plugins.
Preloading 0 native plugins for Editor in 0.00 ms.
Unloading 4359 Unused Serialized files (Serialized files now loaded: 0)
Unloading 25 unused Assets / (213.3 KB). Loaded Objects now: 4942.
Memory consumption went from 146.7 MB to 146.5 MB.
Total: 7.362000 ms (FindLiveObjects: 0.548200 ms CreateObjectMapping: 0.374000 ms MarkObjects: 5.695900 ms  DeleteObjects: 0.742000 ms)

Prepare: number of updated asset objects reloaded= 0
AssetImportParameters requested are different than current active one (requested -> active):
  custom:container-demuxer-ogg: 62fdf1f143b41e24485cea50d1cbac27 -> 
  custom:video-decoder-ogg-theora: a1e56fd34408186e4bbccfd4996cb3dc -> 
  custom:framework-win-MediaFoundation: 216162199b28c13a410421893ffa2e32 -> 
  custom:CustomObjectIndexerAttribute: 9a22284fe3817be447336de3de66b15e -> 
  custom:container-demuxer-webm: 4f35f7cbe854078d1ac9338744f61a02 -> 
  custom:container-muxer-webm: aa71ff27fc2769a1b78a27578f13a17b -> 
  custom:video-decoder-webm-vp8: 9c59270c3fd7afecdb556c50c9e8de78 -> 
  custom:SearchIndexIgnoredProperties: e643bd26f0fe6173181afceb89e7c659 -> 
  custom:AudioImporter_EditorPlatform: d09bf68614088b80899f8185d706f6e7 -> 
  custom:video-encoder-webm-vp8: eb34c28f22e8b96e1ab97ce403110664 -> 
  custom:audio-decoder-ogg-vorbis: bf7c407c2cedff20999df2af8eb42d56 -> 
  custom:audio-encoder-webm-vorbis: bf7c407c2cedff20999df2af8eb42d56 -> 
========================================================================
Received Prepare
Caller must complete domain reload
Begin MonoManager ReloadAssembly
- Loaded All Assemblies, in  0.701 seconds
Native extension for WindowsStandalone target not found
Native extension for WebGL target not found
Mono: successfully reloaded assembly
- Finished resetting the current domain, in  1.924 seconds
Domain Reload Profiling: 2620ms
	BeginReloadAssembly (215ms)
		ExecutionOrderSort (0ms)
		DisableScriptedObjects (15ms)
		BackupInstance (0ms)
		ReleaseScriptingObjects (0ms)
		CreateAndSetChildDomain (41ms)
	RebuildCommonClasses (45ms)
	RebuildNativeTypeToScriptingClass (21ms)
	initialDomainReloadingComplete (48ms)
	LoadAllAssembliesAndSetupDomain (366ms)
		LoadAssemblies (467ms)
		RebuildTransferFunctionScriptingTraits (0ms)
		AnalyzeDomain (17ms)
			TypeCache.Refresh (7ms)
				TypeCache.ScanAssembly (0ms)
			ScanForSourceGeneratedMonoScriptInfo (0ms)
			ResolveRequiredComponents (7ms)
	FinalizeReload (1926ms)
		ReleaseScriptCaches (0ms)
		RebuildScriptCaches (0ms)
		SetupLoadedEditorAssemblies (1022ms)
			LogAssemblyErrors (0ms)
			InitializePlatformSupportModulesInManaged (11ms)
			SetLoadedEditorAssemblies (6ms)
			RefreshPlugins (0ms)
			BeforeProcessingInitializeOnLoad (123ms)
			ProcessInitializeOnLoadAttributes (797ms)
			ProcessInitializeOnLoadMethodAttributes (70ms)
			AfterProcessingInitializeOnLoad (13ms)
			EditorAssembliesLoaded (1ms)
		ExecutionOrderSort2 (0ms)
		AwakeInstancesAfterBackupRestoration (22ms)
Refreshing native plugins compatible for Editor in 12.80 ms, found 4 plugins.
Preloading 0 native plugins for Editor in 0.00 ms.
Unloading 4359 Unused Serialized files (Serialized files now loaded: 0)
Unloading 25 unused Assets / (213.3 KB). Loaded Objects now: 4946.
Memory consumption went from 146.7 MB to 146.5 MB.
Total: 6.869900 ms (FindLiveObjects: 0.501100 ms CreateObjectMapping: 0.345900 ms MarkObjects: 5.641400 ms  DeleteObjects: 0.379500 ms)

Prepare: number of updated asset objects reloaded= 0
AssetImportParameters requested are different than current active one (requested -> active):
  custom:container-demuxer-ogg: 62fdf1f143b41e24485cea50d1cbac27 -> 
  custom:video-decoder-ogg-theora: a1e56fd34408186e4bbccfd4996cb3dc -> 
  custom:framework-win-MediaFoundation: 216162199b28c13a410421893ffa2e32 -> 
  custom:CustomObjectIndexerAttribute: 9a22284fe3817be447336de3de66b15e -> 
  custom:container-demuxer-webm: 4f35f7cbe854078d1ac9338744f61a02 -> 
  custom:container-muxer-webm: aa71ff27fc2769a1b78a27578f13a17b -> 
  custom:video-decoder-webm-vp8: 9c59270c3fd7afecdb556c50c9e8de78 -> 
  custom:SearchIndexIgnoredProperties: e643bd26f0fe6173181afceb89e7c659 -> 
  custom:AudioImporter_EditorPlatform: d09bf68614088b80899f8185d706f6e7 -> 
  custom:video-encoder-webm-vp8: eb34c28f22e8b96e1ab97ce403110664 -> 
  custom:audio-decoder-ogg-vorbis: bf7c407c2cedff20999df2af8eb42d56 -> 
  custom:audio-encoder-webm-vorbis: bf7c407c2cedff20999df2af8eb42d56 -> 
========================================================================
Received Prepare
Caller must complete domain reload
Begin MonoManager ReloadAssembly
- Loaded All Assemblies, in  0.690 seconds
Native extension for WindowsStandalone target not found
Native extension for WebGL target not found
Mono: successfully reloaded assembly
- Finished resetting the current domain, in  1.997 seconds
Domain Reload Profiling: 2680ms
	BeginReloadAssembly (191ms)
		ExecutionOrderSort (0ms)
		DisableScriptedObjects (14ms)
		BackupInstance (0ms)
		ReleaseScriptingObjects (0ms)
		CreateAndSetChildDomain (35ms)
	RebuildCommonClasses (39ms)
	RebuildNativeTypeToScriptingClass (13ms)
	initialDomainReloadingComplete (55ms)
	LoadAllAssembliesAndSetupDomain (384ms)
		LoadAssemblies (446ms)
		RebuildTransferFunctionScriptingTraits (0ms)
		AnalyzeDomain (42ms)
			TypeCache.Refresh (12ms)
				TypeCache.ScanAssembly (0ms)
			ScanForSourceGeneratedMonoScriptInfo (21ms)
			ResolveRequiredComponents (7ms)
	FinalizeReload (1998ms)
		ReleaseScriptCaches (0ms)
		RebuildScriptCaches (0ms)
		SetupLoadedEditorAssemblies (1018ms)
			LogAssemblyErrors (0ms)
			InitializePlatformSupportModulesInManaged (15ms)
			SetLoadedEditorAssemblies (10ms)
			RefreshPlugins (0ms)
			BeforeProcessingInitializeOnLoad (153ms)
			ProcessInitializeOnLoadAttributes (787ms)
			ProcessInitializeOnLoadMethodAttributes (43ms)
			AfterProcessingInitializeOnLoad (10ms)
			EditorAssembliesLoaded (0ms)
		ExecutionOrderSort2 (0ms)
		AwakeInstancesAfterBackupRestoration (19ms)
Refreshing native plugins compatible for Editor in 8.80 ms, found 4 plugins.
Preloading 0 native plugins for Editor in 0.00 ms.
Unloading 4359 Unused Serialized files (Serialized files now loaded: 0)
Unloading 25 unused Assets / (213.5 KB). Loaded Objects now: 4950.
Memory consumption went from 146.7 MB to 146.5 MB.
Total: 4.309500 ms (FindLiveObjects: 0.397400 ms CreateObjectMapping: 0.171300 ms MarkObjects: 3.499500 ms  DeleteObjects: 0.239500 ms)

Prepare: number of updated asset objects reloaded= 0
AssetImportParameters requested are different than current active one (requested -> active):
  custom:container-demuxer-ogg: 62fdf1f143b41e24485cea50d1cbac27 -> 
  custom:video-decoder-ogg-theora: a1e56fd34408186e4bbccfd4996cb3dc -> 
  custom:framework-win-MediaFoundation: 216162199b28c13a410421893ffa2e32 -> 
  custom:CustomObjectIndexerAttribute: 9a22284fe3817be447336de3de66b15e -> 
  custom:container-demuxer-webm: 4f35f7cbe854078d1ac9338744f61a02 -> 
  custom:container-muxer-webm: aa71ff27fc2769a1b78a27578f13a17b -> 
  custom:video-decoder-webm-vp8: 9c59270c3fd7afecdb556c50c9e8de78 -> 
  custom:SearchIndexIgnoredProperties: e643bd26f0fe6173181afceb89e7c659 -> 
  custom:AudioImporter_EditorPlatform: d09bf68614088b80899f8185d706f6e7 -> 
  custom:video-encoder-webm-vp8: eb34c28f22e8b96e1ab97ce403110664 -> 
  custom:audio-decoder-ogg-vorbis: bf7c407c2cedff20999df2af8eb42d56 -> 
  custom:audio-encoder-webm-vorbis: bf7c407c2cedff20999df2af8eb42d56 -> 
========================================================================
Received Prepare
Caller must complete domain reload
Begin MonoManager ReloadAssembly
- Loaded All Assemblies, in  0.701 seconds
Native extension for WindowsStandalone target not found
Native extension for WebGL target not found
Mono: successfully reloaded assembly
- Finished resetting the current domain, in  1.790 seconds
Domain Reload Profiling: 2484ms
	BeginReloadAssembly (209ms)
		ExecutionOrderSort (0ms)
		DisableScriptedObjects (13ms)
		BackupInstance (0ms)
		ReleaseScriptingObjects (0ms)
		CreateAndSetChildDomain (40ms)
	RebuildCommonClasses (49ms)
	RebuildNativeTypeToScriptingClass (13ms)
	initialDomainReloadingComplete (54ms)
	LoadAllAssembliesAndSetupDomain (368ms)
		LoadAssemblies (468ms)
		RebuildTransferFunctionScriptingTraits (0ms)
		AnalyzeDomain (18ms)
			TypeCache.Refresh (9ms)
				TypeCache.ScanAssembly (0ms)
			ScanForSourceGeneratedMonoScriptInfo (0ms)
			ResolveRequiredComponents (8ms)
	FinalizeReload (1791ms)
		ReleaseScriptCaches (0ms)
		RebuildScriptCaches (0ms)
		SetupLoadedEditorAssemblies (923ms)
			LogAssemblyErrors (0ms)
			InitializePlatformSupportModulesInManaged (17ms)
			SetLoadedEditorAssemblies (9ms)
			RefreshPlugins (0ms)
			BeforeProcessingInitializeOnLoad (148ms)
			ProcessInitializeOnLoadAttributes (686ms)
			ProcessInitializeOnLoadMethodAttributes (51ms)
			AfterProcessingInitializeOnLoad (12ms)
			EditorAssembliesLoaded (0ms)
		ExecutionOrderSort2 (0ms)
		AwakeInstancesAfterBackupRestoration (24ms)
Refreshing native plugins compatible for Editor in 11.81 ms, found 4 plugins.
Preloading 0 native plugins for Editor in 0.00 ms.
Unloading 4359 Unused Serialized files (Serialized files now loaded: 0)
Unloading 25 unused Assets / (213.4 KB). Loaded Objects now: 4954.
Memory consumption went from 146.7 MB to 146.5 MB.
Total: 7.088200 ms (FindLiveObjects: 0.423900 ms CreateObjectMapping: 0.203400 ms MarkObjects: 6.059400 ms  DeleteObjects: 0.398700 ms)

Prepare: number of updated asset objects reloaded= 0
AssetImportParameters requested are different than current active one (requested -> active):
  custom:container-demuxer-ogg: 62fdf1f143b41e24485cea50d1cbac27 -> 
  custom:video-decoder-ogg-theora: a1e56fd34408186e4bbccfd4996cb3dc -> 
  custom:framework-win-MediaFoundation: 216162199b28c13a410421893ffa2e32 -> 
  custom:CustomObjectIndexerAttribute: 9a22284fe3817be447336de3de66b15e -> 
  custom:container-demuxer-webm: 4f35f7cbe854078d1ac9338744f61a02 -> 
  custom:container-muxer-webm: aa71ff27fc2769a1b78a27578f13a17b -> 
  custom:video-decoder-webm-vp8: 9c59270c3fd7afecdb556c50c9e8de78 -> 
  custom:SearchIndexIgnoredProperties: e643bd26f0fe6173181afceb89e7c659 -> 
  custom:AudioImporter_EditorPlatform: d09bf68614088b80899f8185d706f6e7 -> 
  custom:video-encoder-webm-vp8: eb34c28f22e8b96e1ab97ce403110664 -> 
  custom:audio-decoder-ogg-vorbis: bf7c407c2cedff20999df2af8eb42d56 -> 
  custom:audio-encoder-webm-vorbis: bf7c407c2cedff20999df2af8eb42d56 -> 
========================================================================
Received Prepare
Caller must complete domain reload
Begin MonoManager ReloadAssembly
- Loaded All Assemblies, in  0.754 seconds
Native extension for WindowsStandalone target not found
Native extension for WebGL target not found
Mono: successfully reloaded assembly
- Finished resetting the current domain, in  1.862 seconds
Domain Reload Profiling: 2609ms
	BeginReloadAssembly (224ms)
		ExecutionOrderSort (0ms)
		DisableScriptedObjects (14ms)
		BackupInstance (0ms)
		ReleaseScriptingObjects (0ms)
		CreateAndSetChildDomain (43ms)
	RebuildCommonClasses (39ms)
	RebuildNativeTypeToScriptingClass (13ms)
	initialDomainReloadingComplete (42ms)
	LoadAllAssembliesAndSetupDomain (429ms)
		LoadAssemblies (497ms)
		RebuildTransferFunctionScriptingTraits (0ms)
		AnalyzeDomain (56ms)
			TypeCache.Refresh (16ms)
				TypeCache.ScanAssembly (1ms)
			ScanForSourceGeneratedMonoScriptInfo (28ms)
			ResolveRequiredComponents (10ms)
	FinalizeReload (1862ms)
		ReleaseScriptCaches (0ms)
		RebuildScriptCaches (0ms)
		SetupLoadedEditorAssemblies (864ms)
			LogAssemblyErrors (0ms)
			InitializePlatformSupportModulesInManaged (11ms)
			SetLoadedEditorAssemblies (7ms)
			RefreshPlugins (0ms)
			BeforeProcessingInitializeOnLoad (122ms)
			ProcessInitializeOnLoadAttributes (671ms)
			ProcessInitializeOnLoadMethodAttributes (43ms)
			AfterProcessingInitializeOnLoad (11ms)
			EditorAssembliesLoaded (0ms)
		ExecutionOrderSort2 (0ms)
		AwakeInstancesAfterBackupRestoration (17ms)
Refreshing native plugins compatible for Editor in 16.15 ms, found 4 plugins.
Preloading 0 native plugins for Editor in 0.00 ms.
Unloading 4359 Unused Serialized files (Serialized files now loaded: 0)
Unloading 25 unused Assets / (213.2 KB). Loaded Objects now: 4958.
Memory consumption went from 146.7 MB to 146.5 MB.
Total: 4.900100 ms (FindLiveObjects: 0.341100 ms CreateObjectMapping: 0.168900 ms MarkObjects: 4.171800 ms  DeleteObjects: 0.216600 ms)

Prepare: number of updated asset objects reloaded= 0
AssetImportParameters requested are different than current active one (requested -> active):
  custom:container-demuxer-ogg: 62fdf1f143b41e24485cea50d1cbac27 -> 
  custom:video-decoder-ogg-theora: a1e56fd34408186e4bbccfd4996cb3dc -> 
  custom:framework-win-MediaFoundation: 216162199b28c13a410421893ffa2e32 -> 
  custom:CustomObjectIndexerAttribute: 9a22284fe3817be447336de3de66b15e -> 
  custom:container-demuxer-webm: 4f35f7cbe854078d1ac9338744f61a02 -> 
  custom:container-muxer-webm: aa71ff27fc2769a1b78a27578f13a17b -> 
  custom:video-decoder-webm-vp8: 9c59270c3fd7afecdb556c50c9e8de78 -> 
  custom:SearchIndexIgnoredProperties: e643bd26f0fe6173181afceb89e7c659 -> 
  custom:AudioImporter_EditorPlatform: d09bf68614088b80899f8185d706f6e7 -> 
  custom:video-encoder-webm-vp8: eb34c28f22e8b96e1ab97ce403110664 -> 
  custom:audio-decoder-ogg-vorbis: bf7c407c2cedff20999df2af8eb42d56 -> 
  custom:audio-encoder-webm-vorbis: bf7c407c2cedff20999df2af8eb42d56 -> 
========================================================================
Received Prepare
Caller must complete domain reload
Begin MonoManager ReloadAssembly
- Loaded All Assemblies, in  0.664 seconds
Native extension for WindowsStandalone target not found
Native extension for WebGL target not found
Mono: successfully reloaded assembly
- Finished resetting the current domain, in  1.937 seconds
Domain Reload Profiling: 2597ms
	BeginReloadAssembly (209ms)
		ExecutionOrderSort (0ms)
		DisableScriptedObjects (13ms)
		BackupInstance (0ms)
		ReleaseScriptingObjects (0ms)
		CreateAndSetChildDomain (41ms)
	RebuildCommonClasses (40ms)
	RebuildNativeTypeToScriptingClass (13ms)
	initialDomainReloadingComplete (42ms)
	LoadAllAssembliesAndSetupDomain (356ms)
		LoadAssemblies (443ms)
		RebuildTransferFunctionScriptingTraits (0ms)
		AnalyzeDomain (22ms)
			TypeCache.Refresh (10ms)
				TypeCache.ScanAssembly (0ms)
			ScanForSourceGeneratedMonoScriptInfo (0ms)
			ResolveRequiredComponents (10ms)
	FinalizeReload (1939ms)
		ReleaseScriptCaches (0ms)
		RebuildScriptCaches (0ms)
		SetupLoadedEditorAssemblies (1047ms)
			LogAssemblyErrors (0ms)
			InitializePlatformSupportModulesInManaged (14ms)
			SetLoadedEditorAssemblies (7ms)
			RefreshPlugins (0ms)
			BeforeProcessingInitializeOnLoad (127ms)
			ProcessInitializeOnLoadAttributes (821ms)
			ProcessInitializeOnLoadMethodAttributes (61ms)
			AfterProcessingInitializeOnLoad (16ms)
			EditorAssembliesLoaded (0ms)
		ExecutionOrderSort2 (0ms)
		AwakeInstancesAfterBackupRestoration (24ms)
Refreshing native plugins compatible for Editor in 16.60 ms, found 4 plugins.
Preloading 0 native plugins for Editor in 0.00 ms.
Unloading 4359 Unused Serialized files (Serialized files now loaded: 0)
Unloading 25 unused Assets / (213.4 KB). Loaded Objects now: 4962.
Memory consumption went from 146.7 MB to 146.5 MB.
Total: 7.927100 ms (FindLiveObjects: 0.464500 ms CreateObjectMapping: 0.299800 ms MarkObjects: 6.857400 ms  DeleteObjects: 0.303200 ms)

Prepare: number of updated asset objects reloaded= 0
AssetImportParameters requested are different than current active one (requested -> active):
  custom:container-demuxer-ogg: 62fdf1f143b41e24485cea50d1cbac27 -> 
  custom:video-decoder-ogg-theora: a1e56fd34408186e4bbccfd4996cb3dc -> 
  custom:framework-win-MediaFoundation: 216162199b28c13a410421893ffa2e32 -> 
  custom:CustomObjectIndexerAttribute: 9a22284fe3817be447336de3de66b15e -> 
  custom:container-demuxer-webm: 4f35f7cbe854078d1ac9338744f61a02 -> 
  custom:container-muxer-webm: aa71ff27fc2769a1b78a27578f13a17b -> 
  custom:video-decoder-webm-vp8: 9c59270c3fd7afecdb556c50c9e8de78 -> 
  custom:SearchIndexIgnoredProperties: e643bd26f0fe6173181afceb89e7c659 -> 
  custom:AudioImporter_EditorPlatform: d09bf68614088b80899f8185d706f6e7 -> 
  custom:video-encoder-webm-vp8: eb34c28f22e8b96e1ab97ce403110664 -> 
  custom:audio-decoder-ogg-vorbis: bf7c407c2cedff20999df2af8eb42d56 -> 
  custom:audio-encoder-webm-vorbis: bf7c407c2cedff20999df2af8eb42d56 -> 
========================================================================
Received Prepare
Caller must complete domain reload
Begin MonoManager ReloadAssembly
- Loaded All Assemblies, in  1.059 seconds
Native extension for WindowsStandalone target not found
Native extension for WebGL target not found
Mono: successfully reloaded assembly
- Finished resetting the current domain, in  1.536 seconds
Domain Reload Profiling: 2584ms
	BeginReloadAssembly (313ms)
		ExecutionOrderSort (0ms)
		DisableScriptedObjects (21ms)
		BackupInstance (0ms)
		ReleaseScriptingObjects (0ms)
		CreateAndSetChildDomain (46ms)
	RebuildCommonClasses (80ms)
	RebuildNativeTypeToScriptingClass (24ms)
	initialDomainReloadingComplete (62ms)
	LoadAllAssembliesAndSetupDomain (570ms)
		LoadAssemblies (698ms)
		RebuildTransferFunctionScriptingTraits (0ms)
		AnalyzeDomain (65ms)
			TypeCache.Refresh (17ms)
				TypeCache.ScanAssembly (1ms)
			ScanForSourceGeneratedMonoScriptInfo (31ms)
			ResolveRequiredComponents (14ms)
	FinalizeReload (1537ms)
		ReleaseScriptCaches (0ms)
		RebuildScriptCaches (0ms)
		SetupLoadedEditorAssemblies (461ms)
			LogAssemblyErrors (0ms)
			InitializePlatformSupportModulesInManaged (7ms)
			SetLoadedEditorAssemblies (5ms)
			RefreshPlugins (0ms)
			BeforeProcessingInitializeOnLoad (69ms)
			ProcessInitializeOnLoadAttributes (351ms)
			ProcessInitializeOnLoadMethodAttributes (23ms)
			AfterProcessingInitializeOnLoad (6ms)
			EditorAssembliesLoaded (0ms)
		ExecutionOrderSort2 (0ms)
		AwakeInstancesAfterBackupRestoration (10ms)
Refreshing native plugins compatible for Editor in 5.29 ms, found 4 plugins.
Preloading 0 native plugins for Editor in 0.00 ms.
Unloading 4359 Unused Serialized files (Serialized files now loaded: 0)
Unloading 25 unused Assets / (213.3 KB). Loaded Objects now: 4966.
Memory consumption went from 146.8 MB to 146.5 MB.
Total: 3.362400 ms (FindLiveObjects: 0.368900 ms CreateObjectMapping: 0.269600 ms MarkObjects: 2.475700 ms  DeleteObjects: 0.246600 ms)

Prepare: number of updated asset objects reloaded= 0
AssetImportParameters requested are different than current active one (requested -> active):
  custom:container-demuxer-ogg: 62fdf1f143b41e24485cea50d1cbac27 -> 
  custom:video-decoder-ogg-theora: a1e56fd34408186e4bbccfd4996cb3dc -> 
  custom:framework-win-MediaFoundation: 216162199b28c13a410421893ffa2e32 -> 
  custom:CustomObjectIndexerAttribute: 9a22284fe3817be447336de3de66b15e -> 
  custom:container-demuxer-webm: 4f35f7cbe854078d1ac9338744f61a02 -> 
  custom:container-muxer-webm: aa71ff27fc2769a1b78a27578f13a17b -> 
  custom:video-decoder-webm-vp8: 9c59270c3fd7afecdb556c50c9e8de78 -> 
  custom:SearchIndexIgnoredProperties: e643bd26f0fe6173181afceb89e7c659 -> 
  custom:AudioImporter_EditorPlatform: d09bf68614088b80899f8185d706f6e7 -> 
  custom:video-encoder-webm-vp8: eb34c28f22e8b96e1ab97ce403110664 -> 
  custom:audio-decoder-ogg-vorbis: bf7c407c2cedff20999df2af8eb42d56 -> 
  custom:audio-encoder-webm-vorbis: bf7c407c2cedff20999df2af8eb42d56 -> 
========================================================================
Received Prepare
Caller must complete domain reload
Begin MonoManager ReloadAssembly
- Loaded All Assemblies, in  0.453 seconds
Native extension for WindowsStandalone target not found
Native extension for WebGL target not found
Mono: successfully reloaded assembly
- Finished resetting the current domain, in  1.167 seconds
Domain Reload Profiling: 1617ms
	BeginReloadAssembly (142ms)
		ExecutionOrderSort (0ms)
		DisableScriptedObjects (9ms)
		BackupInstance (0ms)
		ReleaseScriptingObjects (0ms)
		CreateAndSetChildDomain (26ms)
	RebuildCommonClasses (25ms)
	RebuildNativeTypeToScriptingClass (7ms)
	initialDomainReloadingComplete (27ms)
	LoadAllAssembliesAndSetupDomain (248ms)
		LoadAssemblies (305ms)
		RebuildTransferFunctionScriptingTraits (0ms)
		AnalyzeDomain (14ms)
			TypeCache.Refresh (7ms)
				TypeCache.ScanAssembly (0ms)
			ScanForSourceGeneratedMonoScriptInfo (0ms)
			ResolveRequiredComponents (5ms)
	FinalizeReload (1167ms)
		ReleaseScriptCaches (0ms)
		RebuildScriptCaches (0ms)
		SetupLoadedEditorAssemblies (604ms)
			LogAssemblyErrors (0ms)
			InitializePlatformSupportModulesInManaged (9ms)
			SetLoadedEditorAssemblies (7ms)
			RefreshPlugins (0ms)
			BeforeProcessingInitializeOnLoad (82ms)
			ProcessInitializeOnLoadAttributes (461ms)
			ProcessInitializeOnLoadMethodAttributes (36ms)
			AfterProcessingInitializeOnLoad (8ms)
			EditorAssembliesLoaded (0ms)
		ExecutionOrderSort2 (0ms)
		AwakeInstancesAfterBackupRestoration (16ms)
Refreshing native plugins compatible for Editor in 9.40 ms, found 4 plugins.
Preloading 0 native plugins for Editor in 0.00 ms.
Unloading 4359 Unused Serialized files (Serialized files now loaded: 0)
Unloading 25 unused Assets / (213.5 KB). Loaded Objects now: 4970.
Memory consumption went from 146.8 MB to 146.5 MB.
Total: 4.641200 ms (FindLiveObjects: 0.353600 ms CreateObjectMapping: 0.400400 ms MarkObjects: 3.709300 ms  DeleteObjects: 0.176600 ms)

Prepare: number of updated asset objects reloaded= 0
AssetImportParameters requested are different than current active one (requested -> active):
  custom:container-demuxer-ogg: 62fdf1f143b41e24485cea50d1cbac27 -> 
  custom:video-decoder-ogg-theora: a1e56fd34408186e4bbccfd4996cb3dc -> 
  custom:framework-win-MediaFoundation: 216162199b28c13a410421893ffa2e32 -> 
  custom:CustomObjectIndexerAttribute: 9a22284fe3817be447336de3de66b15e -> 
  custom:container-demuxer-webm: 4f35f7cbe854078d1ac9338744f61a02 -> 
  custom:container-muxer-webm: aa71ff27fc2769a1b78a27578f13a17b -> 
  custom:video-decoder-webm-vp8: 9c59270c3fd7afecdb556c50c9e8de78 -> 
  custom:SearchIndexIgnoredProperties: e643bd26f0fe6173181afceb89e7c659 -> 
  custom:AudioImporter_EditorPlatform: d09bf68614088b80899f8185d706f6e7 -> 
  custom:video-encoder-webm-vp8: eb34c28f22e8b96e1ab97ce403110664 -> 
  custom:audio-decoder-ogg-vorbis: bf7c407c2cedff20999df2af8eb42d56 -> 
  custom:audio-encoder-webm-vorbis: bf7c407c2cedff20999df2af8eb42d56 -> 
========================================================================
Received Prepare
Caller must complete domain reload
Begin MonoManager ReloadAssembly
- Loaded All Assemblies, in  0.976 seconds
Native extension for WindowsStandalone target not found
Native extension for WebGL target not found
Mono: successfully reloaded assembly
- Finished resetting the current domain, in  1.622 seconds
Domain Reload Profiling: 2587ms
	BeginReloadAssembly (287ms)
		ExecutionOrderSort (0ms)
		DisableScriptedObjects (22ms)
		BackupInstance (0ms)
		ReleaseScriptingObjects (0ms)
		CreateAndSetChildDomain (51ms)
	RebuildCommonClasses (60ms)
	RebuildNativeTypeToScriptingClass (25ms)
	initialDomainReloadingComplete (64ms)
	LoadAllAssembliesAndSetupDomain (528ms)
		LoadAssemblies (633ms)
		RebuildTransferFunctionScriptingTraits (0ms)
		AnalyzeDomain (53ms)
			TypeCache.Refresh (15ms)
				TypeCache.ScanAssembly (1ms)
			ScanForSourceGeneratedMonoScriptInfo (26ms)
			ResolveRequiredComponents (11ms)
	FinalizeReload (1623ms)
		ReleaseScriptCaches (0ms)
		RebuildScriptCaches (0ms)
		SetupLoadedEditorAssemblies (663ms)
			LogAssemblyErrors (0ms)
			InitializePlatformSupportModulesInManaged (10ms)
			SetLoadedEditorAssemblies (6ms)
			RefreshPlugins (0ms)
			BeforeProcessingInitializeOnLoad (92ms)
			ProcessInitializeOnLoadAttributes (512ms)
			ProcessInitializeOnLoadMethodAttributes (35ms)
			AfterProcessingInitializeOnLoad (8ms)
			EditorAssembliesLoaded (0ms)
		ExecutionOrderSort2 (0ms)
		AwakeInstancesAfterBackupRestoration (18ms)
Refreshing native plugins compatible for Editor in 6.98 ms, found 4 plugins.
Preloading 0 native plugins for Editor in 0.00 ms.
Unloading 4359 Unused Serialized files (Serialized files now loaded: 0)
Unloading 25 unused Assets / (213.2 KB). Loaded Objects now: 4974.
Memory consumption went from 146.8 MB to 146.6 MB.
Total: 4.105600 ms (FindLiveObjects: 0.327400 ms CreateObjectMapping: 0.185200 ms MarkObjects: 3.333400 ms  DeleteObjects: 0.257900 ms)

Prepare: number of updated asset objects reloaded= 0
AssetImportParameters requested are different than current active one (requested -> active):
  custom:container-demuxer-ogg: 62fdf1f143b41e24485cea50d1cbac27 -> 
  custom:video-decoder-ogg-theora: a1e56fd34408186e4bbccfd4996cb3dc -> 
  custom:framework-win-MediaFoundation: 216162199b28c13a410421893ffa2e32 -> 
  custom:CustomObjectIndexerAttribute: 9a22284fe3817be447336de3de66b15e -> 
  custom:container-demuxer-webm: 4f35f7cbe854078d1ac9338744f61a02 -> 
  custom:container-muxer-webm: aa71ff27fc2769a1b78a27578f13a17b -> 
  custom:video-decoder-webm-vp8: 9c59270c3fd7afecdb556c50c9e8de78 -> 
  custom:SearchIndexIgnoredProperties: e643bd26f0fe6173181afceb89e7c659 -> 
  custom:AudioImporter_EditorPlatform: d09bf68614088b80899f8185d706f6e7 -> 
  custom:video-encoder-webm-vp8: eb34c28f22e8b96e1ab97ce403110664 -> 
  custom:audio-decoder-ogg-vorbis: bf7c407c2cedff20999df2af8eb42d56 -> 
  custom:audio-encoder-webm-vorbis: bf7c407c2cedff20999df2af8eb42d56 -> 
========================================================================
Received Prepare
Caller must complete domain reload
Begin MonoManager ReloadAssembly
- Loaded All Assemblies, in  0.529 seconds
Native extension for WindowsStandalone target not found
Native extension for WebGL target not found
Mono: successfully reloaded assembly
- Finished resetting the current domain, in  1.359 seconds
Domain Reload Profiling: 1885ms
	BeginReloadAssembly (161ms)
		ExecutionOrderSort (0ms)
		DisableScriptedObjects (11ms)
		BackupInstance (0ms)
		ReleaseScriptingObjects (0ms)
		CreateAndSetChildDomain (32ms)
	RebuildCommonClasses (41ms)
	RebuildNativeTypeToScriptingClass (11ms)
	initialDomainReloadingComplete (35ms)
	LoadAllAssembliesAndSetupDomain (276ms)
		LoadAssemblies (348ms)
		RebuildTransferFunctionScriptingTraits (0ms)
		AnalyzeDomain (14ms)
			TypeCache.Refresh (7ms)
				TypeCache.ScanAssembly (0ms)
			ScanForSourceGeneratedMonoScriptInfo (0ms)
			ResolveRequiredComponents (6ms)
	FinalizeReload (1360ms)
		ReleaseScriptCaches (0ms)
		RebuildScriptCaches (0ms)
		SetupLoadedEditorAssemblies (704ms)
			LogAssemblyErrors (0ms)
			InitializePlatformSupportModulesInManaged (8ms)
			SetLoadedEditorAssemblies (5ms)
			RefreshPlugins (0ms)
			BeforeProcessingInitializeOnLoad (93ms)
			ProcessInitializeOnLoadAttributes (544ms)
			ProcessInitializeOnLoadMethodAttributes (43ms)
			AfterProcessingInitializeOnLoad (10ms)
			EditorAssembliesLoaded (0ms)
		ExecutionOrderSort2 (0ms)
		AwakeInstancesAfterBackupRestoration (19ms)
Refreshing native plugins compatible for Editor in 8.79 ms, found 4 plugins.
Preloading 0 native plugins for Editor in 0.00 ms.
Unloading 4359 Unused Serialized files (Serialized files now loaded: 0)
Unloading 25 unused Assets / (213.4 KB). Loaded Objects now: 4978.
Memory consumption went from 146.8 MB to 146.6 MB.
Total: 4.489100 ms (FindLiveObjects: 0.402800 ms CreateObjectMapping: 0.140500 ms MarkObjects: 3.545800 ms  DeleteObjects: 0.389700 ms)

Prepare: number of updated asset objects reloaded= 0
AssetImportParameters requested are different than current active one (requested -> active):
  custom:container-demuxer-ogg: 62fdf1f143b41e24485cea50d1cbac27 -> 
  custom:video-decoder-ogg-theora: a1e56fd34408186e4bbccfd4996cb3dc -> 
  custom:framework-win-MediaFoundation: 216162199b28c13a410421893ffa2e32 -> 
  custom:CustomObjectIndexerAttribute: 9a22284fe3817be447336de3de66b15e -> 
  custom:container-demuxer-webm: 4f35f7cbe854078d1ac9338744f61a02 -> 
  custom:container-muxer-webm: aa71ff27fc2769a1b78a27578f13a17b -> 
  custom:video-decoder-webm-vp8: 9c59270c3fd7afecdb556c50c9e8de78 -> 
  custom:SearchIndexIgnoredProperties: e643bd26f0fe6173181afceb89e7c659 -> 
  custom:AudioImporter_EditorPlatform: d09bf68614088b80899f8185d706f6e7 -> 
  custom:video-encoder-webm-vp8: eb34c28f22e8b96e1ab97ce403110664 -> 
  custom:audio-decoder-ogg-vorbis: bf7c407c2cedff20999df2af8eb42d56 -> 
  custom:audio-encoder-webm-vorbis: bf7c407c2cedff20999df2af8eb42d56 -> 
========================================================================
Received Prepare
Caller must complete domain reload
Begin MonoManager ReloadAssembly
- Loaded All Assemblies, in  0.994 seconds
Native extension for WindowsStandalone target not found
Native extension for WebGL target not found
Mono: successfully reloaded assembly
- Finished resetting the current domain, in  1.843 seconds
Domain Reload Profiling: 2832ms
	BeginReloadAssembly (464ms)
		ExecutionOrderSort (0ms)
		DisableScriptedObjects (32ms)
		BackupInstance (0ms)
		ReleaseScriptingObjects (0ms)
		CreateAndSetChildDomain (130ms)
	RebuildCommonClasses (38ms)
	RebuildNativeTypeToScriptingClass (15ms)
	initialDomainReloadingComplete (45ms)
	LoadAllAssembliesAndSetupDomain (426ms)
		LoadAssemblies (479ms)
		RebuildTransferFunctionScriptingTraits (0ms)
		AnalyzeDomain (56ms)
			TypeCache.Refresh (15ms)
				TypeCache.ScanAssembly (0ms)
			ScanForSourceGeneratedMonoScriptInfo (29ms)
			ResolveRequiredComponents (10ms)
	FinalizeReload (1844ms)
		ReleaseScriptCaches (0ms)
		RebuildScriptCaches (0ms)
		SetupLoadedEditorAssemblies (875ms)
			LogAssemblyErrors (0ms)
			InitializePlatformSupportModulesInManaged (13ms)
			SetLoadedEditorAssemblies (6ms)
			RefreshPlugins (0ms)
			BeforeProcessingInitializeOnLoad (118ms)
			ProcessInitializeOnLoadAttributes (677ms)
			ProcessInitializeOnLoadMethodAttributes (49ms)
			AfterProcessingInitializeOnLoad (12ms)
			EditorAssembliesLoaded (0ms)
		ExecutionOrderSort2 (0ms)
		AwakeInstancesAfterBackupRestoration (18ms)
Refreshing native plugins compatible for Editor in 8.55 ms, found 4 plugins.
Preloading 0 native plugins for Editor in 0.00 ms.
Unloading 4359 Unused Serialized files (Serialized files now loaded: 0)
Unloading 25 unused Assets / (213.5 KB). Loaded Objects now: 4982.
Memory consumption went from 146.8 MB to 146.6 MB.
Total: 4.954100 ms (FindLiveObjects: 0.322000 ms CreateObjectMapping: 0.164200 ms MarkObjects: 4.248700 ms  DeleteObjects: 0.217600 ms)

Prepare: number of updated asset objects reloaded= 0
AssetImportParameters requested are different than current active one (requested -> active):
  custom:container-demuxer-ogg: 62fdf1f143b41e24485cea50d1cbac27 -> 
  custom:video-decoder-ogg-theora: a1e56fd34408186e4bbccfd4996cb3dc -> 
  custom:framework-win-MediaFoundation: 216162199b28c13a410421893ffa2e32 -> 
  custom:CustomObjectIndexerAttribute: 9a22284fe3817be447336de3de66b15e -> 
  custom:container-demuxer-webm: 4f35f7cbe854078d1ac9338744f61a02 -> 
  custom:container-muxer-webm: aa71ff27fc2769a1b78a27578f13a17b -> 
  custom:video-decoder-webm-vp8: 9c59270c3fd7afecdb556c50c9e8de78 -> 
  custom:SearchIndexIgnoredProperties: e643bd26f0fe6173181afceb89e7c659 -> 
  custom:AudioImporter_EditorPlatform: d09bf68614088b80899f8185d706f6e7 -> 
  custom:video-encoder-webm-vp8: eb34c28f22e8b96e1ab97ce403110664 -> 
  custom:audio-decoder-ogg-vorbis: bf7c407c2cedff20999df2af8eb42d56 -> 
  custom:audio-encoder-webm-vorbis: bf7c407c2cedff20999df2af8eb42d56 -> 
========================================================================
Received Prepare
Caller must complete domain reload
Begin MonoManager ReloadAssembly
- Loaded All Assemblies, in  0.570 seconds
Native extension for WindowsStandalone target not found
Native extension for WebGL target not found
Mono: successfully reloaded assembly
- Finished resetting the current domain, in  1.724 seconds
Domain Reload Profiling: 2290ms
	BeginReloadAssembly (178ms)
		ExecutionOrderSort (0ms)
		DisableScriptedObjects (13ms)
		BackupInstance (0ms)
		ReleaseScriptingObjects (0ms)
		CreateAndSetChildDomain (38ms)
	RebuildCommonClasses (38ms)
	RebuildNativeTypeToScriptingClass (18ms)
	initialDomainReloadingComplete (36ms)
	LoadAllAssembliesAndSetupDomain (296ms)
		LoadAssemblies (367ms)
		RebuildTransferFunctionScriptingTraits (0ms)
		AnalyzeDomain (21ms)
			TypeCache.Refresh (9ms)
				TypeCache.ScanAssembly (0ms)
			ScanForSourceGeneratedMonoScriptInfo (0ms)
			ResolveRequiredComponents (9ms)
	FinalizeReload (1725ms)
		ReleaseScriptCaches (0ms)
		RebuildScriptCaches (0ms)
		SetupLoadedEditorAssemblies (894ms)
			LogAssemblyErrors (0ms)
			InitializePlatformSupportModulesInManaged (12ms)
			SetLoadedEditorAssemblies (8ms)
			RefreshPlugins (0ms)
			BeforeProcessingInitializeOnLoad (125ms)
			ProcessInitializeOnLoadAttributes (684ms)
			ProcessInitializeOnLoadMethodAttributes (51ms)
			AfterProcessingInitializeOnLoad (13ms)
			EditorAssembliesLoaded (0ms)
		ExecutionOrderSort2 (0ms)
		AwakeInstancesAfterBackupRestoration (21ms)
Refreshing native plugins compatible for Editor in 11.78 ms, found 4 plugins.
Preloading 0 native plugins for Editor in 0.00 ms.
Unloading 4359 Unused Serialized files (Serialized files now loaded: 0)
Unloading 25 unused Assets / (213.4 KB). Loaded Objects now: 4986.
Memory consumption went from 146.8 MB to 146.6 MB.
Total: 5.726800 ms (FindLiveObjects: 0.397400 ms CreateObjectMapping: 0.276700 ms MarkObjects: 4.657800 ms  DeleteObjects: 0.393200 ms)

Prepare: number of updated asset objects reloaded= 0
AssetImportParameters requested are different than current active one (requested -> active):
  custom:container-demuxer-ogg: 62fdf1f143b41e24485cea50d1cbac27 -> 
  custom:video-decoder-ogg-theora: a1e56fd34408186e4bbccfd4996cb3dc -> 
  custom:framework-win-MediaFoundation: 216162199b28c13a410421893ffa2e32 -> 
  custom:CustomObjectIndexerAttribute: 9a22284fe3817be447336de3de66b15e -> 
  custom:container-demuxer-webm: 4f35f7cbe854078d1ac9338744f61a02 -> 
  custom:container-muxer-webm: aa71ff27fc2769a1b78a27578f13a17b -> 
  custom:video-decoder-webm-vp8: 9c59270c3fd7afecdb556c50c9e8de78 -> 
  custom:SearchIndexIgnoredProperties: e643bd26f0fe6173181afceb89e7c659 -> 
  custom:AudioImporter_EditorPlatform: d09bf68614088b80899f8185d706f6e7 -> 
  custom:video-encoder-webm-vp8: eb34c28f22e8b96e1ab97ce403110664 -> 
  custom:audio-decoder-ogg-vorbis: bf7c407c2cedff20999df2af8eb42d56 -> 
  custom:audio-encoder-webm-vorbis: bf7c407c2cedff20999df2af8eb42d56 -> 
========================================================================
Received Prepare
Caller must complete domain reload
Begin MonoManager ReloadAssembly
- Loaded All Assemblies, in  0.673 seconds
Native extension for WindowsStandalone target not found
Native extension for WebGL target not found
Mono: successfully reloaded assembly
- Finished resetting the current domain, in  1.709 seconds
Domain Reload Profiling: 2377ms
	BeginReloadAssembly (196ms)
		ExecutionOrderSort (0ms)
		DisableScriptedObjects (14ms)
		BackupInstance (0ms)
		ReleaseScriptingObjects (0ms)
		CreateAndSetChildDomain (36ms)
	RebuildCommonClasses (38ms)
	RebuildNativeTypeToScriptingClass (13ms)
	initialDomainReloadingComplete (43ms)
	LoadAllAssembliesAndSetupDomain (377ms)
		LoadAssemblies (439ms)
		RebuildTransferFunctionScriptingTraits (0ms)
		AnalyzeDomain (45ms)
			TypeCache.Refresh (12ms)
				TypeCache.ScanAssembly (0ms)
			ScanForSourceGeneratedMonoScriptInfo (21ms)
			ResolveRequiredComponents (10ms)
	FinalizeReload (1710ms)
		ReleaseScriptCaches (0ms)
		RebuildScriptCaches (0ms)
		SetupLoadedEditorAssemblies (818ms)
			LogAssemblyErrors (0ms)
			InitializePlatformSupportModulesInManaged (13ms)
			SetLoadedEditorAssemblies (7ms)
			RefreshPlugins (0ms)
			BeforeProcessingInitializeOnLoad (120ms)
			ProcessInitializeOnLoadAttributes (622ms)
			ProcessInitializeOnLoadMethodAttributes (46ms)
			AfterProcessingInitializeOnLoad (11ms)
			EditorAssembliesLoaded (1ms)
		ExecutionOrderSort2 (0ms)
		AwakeInstancesAfterBackupRestoration (17ms)
Refreshing native plugins compatible for Editor in 7.55 ms, found 4 plugins.
Preloading 0 native plugins for Editor in 0.00 ms.
Unloading 4359 Unused Serialized files (Serialized files now loaded: 0)
Unloading 25 unused Assets / (213.5 KB). Loaded Objects now: 4990.
Memory consumption went from 146.8 MB to 146.6 MB.
Total: 4.028600 ms (FindLiveObjects: 0.306900 ms CreateObjectMapping: 0.155100 ms MarkObjects: 3.246000 ms  DeleteObjects: 0.318400 ms)

Prepare: number of updated asset objects reloaded= 0
AssetImportParameters requested are different than current active one (requested -> active):
  custom:container-demuxer-ogg: 62fdf1f143b41e24485cea50d1cbac27 -> 
  custom:video-decoder-ogg-theora: a1e56fd34408186e4bbccfd4996cb3dc -> 
  custom:framework-win-MediaFoundation: 216162199b28c13a410421893ffa2e32 -> 
  custom:CustomObjectIndexerAttribute: 9a22284fe3817be447336de3de66b15e -> 
  custom:container-demuxer-webm: 4f35f7cbe854078d1ac9338744f61a02 -> 
  custom:container-muxer-webm: aa71ff27fc2769a1b78a27578f13a17b -> 
  custom:video-decoder-webm-vp8: 9c59270c3fd7afecdb556c50c9e8de78 -> 
  custom:SearchIndexIgnoredProperties: e643bd26f0fe6173181afceb89e7c659 -> 
  custom:AudioImporter_EditorPlatform: d09bf68614088b80899f8185d706f6e7 -> 
  custom:video-encoder-webm-vp8: eb34c28f22e8b96e1ab97ce403110664 -> 
  custom:audio-decoder-ogg-vorbis: bf7c407c2cedff20999df2af8eb42d56 -> 
  custom:audio-encoder-webm-vorbis: bf7c407c2cedff20999df2af8eb42d56 -> 
========================================================================
Received Prepare
Caller must complete domain reload
Begin MonoManager ReloadAssembly
- Loaded All Assemblies, in  0.616 seconds
Native extension for WindowsStandalone target not found
Native extension for WebGL target not found
Mono: successfully reloaded assembly
- Finished resetting the current domain, in  1.745 seconds
Domain Reload Profiling: 2356ms
	BeginReloadAssembly (199ms)
		ExecutionOrderSort (0ms)
		DisableScriptedObjects (14ms)
		BackupInstance (0ms)
		ReleaseScriptingObjects (0ms)
		CreateAndSetChildDomain (40ms)
	RebuildCommonClasses (38ms)
	RebuildNativeTypeToScriptingClass (12ms)
	initialDomainReloadingComplete (41ms)
	LoadAllAssembliesAndSetupDomain (320ms)
		LoadAssemblies (408ms)
		RebuildTransferFunctionScriptingTraits (0ms)
		AnalyzeDomain (18ms)
			TypeCache.Refresh (7ms)
				TypeCache.ScanAssembly (0ms)
			ScanForSourceGeneratedMonoScriptInfo (0ms)
			ResolveRequiredComponents (7ms)
	FinalizeReload (1745ms)
		ReleaseScriptCaches (0ms)
		RebuildScriptCaches (0ms)
		SetupLoadedEditorAssemblies (897ms)
			LogAssemblyErrors (0ms)
			InitializePlatformSupportModulesInManaged (12ms)
			SetLoadedEditorAssemblies (7ms)
			RefreshPlugins (0ms)
			BeforeProcessingInitializeOnLoad (131ms)
			ProcessInitializeOnLoadAttributes (674ms)
			ProcessInitializeOnLoadMethodAttributes (62ms)
			AfterProcessingInitializeOnLoad (12ms)
			EditorAssembliesLoaded (0ms)
		ExecutionOrderSort2 (0ms)
		AwakeInstancesAfterBackupRestoration (25ms)
Refreshing native plugins compatible for Editor in 10.50 ms, found 4 plugins.
Preloading 0 native plugins for Editor in 0.00 ms.
Unloading 4359 Unused Serialized files (Serialized files now loaded: 0)
Unloading 25 unused Assets / (213.2 KB). Loaded Objects now: 4994.
Memory consumption went from 146.8 MB to 146.6 MB.
Total: 6.641600 ms (FindLiveObjects: 0.682600 ms CreateObjectMapping: 0.337500 ms MarkObjects: 5.231900 ms  DeleteObjects: 0.387800 ms)

Prepare: number of updated asset objects reloaded= 0
AssetImportParameters requested are different than current active one (requested -> active):
  custom:container-demuxer-ogg: 62fdf1f143b41e24485cea50d1cbac27 -> 
  custom:video-decoder-ogg-theora: a1e56fd34408186e4bbccfd4996cb3dc -> 
  custom:framework-win-MediaFoundation: 216162199b28c13a410421893ffa2e32 -> 
  custom:CustomObjectIndexerAttribute: 9a22284fe3817be447336de3de66b15e -> 
  custom:container-demuxer-webm: 4f35f7cbe854078d1ac9338744f61a02 -> 
  custom:container-muxer-webm: aa71ff27fc2769a1b78a27578f13a17b -> 
  custom:video-decoder-webm-vp8: 9c59270c3fd7afecdb556c50c9e8de78 -> 
  custom:SearchIndexIgnoredProperties: e643bd26f0fe6173181afceb89e7c659 -> 
  custom:AudioImporter_EditorPlatform: d09bf68614088b80899f8185d706f6e7 -> 
  custom:video-encoder-webm-vp8: eb34c28f22e8b96e1ab97ce403110664 -> 
  custom:audio-decoder-ogg-vorbis: bf7c407c2cedff20999df2af8eb42d56 -> 
  custom:audio-encoder-webm-vorbis: bf7c407c2cedff20999df2af8eb42d56 -> 
========================================================================
Received Import Request.
  Time since last request: 2425.374755 seconds.
  path: Assets/PlatformerSet1/Animated/diamond-02.png
  artifactKey: Guid(d8019449f3d9bd74ab9c2d1b4ee259d5) Importer(815301076,1909f56bfc062723c751e8b465ee728b)
Start importing Assets/PlatformerSet1/Animated/diamond-02.png using Guid(d8019449f3d9bd74ab9c2d1b4ee259d5) Importer(815301076,1909f56bfc062723c751e8b465ee728b) [PhysX] Initialized MultithreadedTaskDispatcher with 12 workers.
[PhysX] Initialized MultithreadedTaskDispatcher with 12 workers.
 -> (artifact id: 'ff817d1def313312058d7fed652dc15e') in 0.171103 seconds
Number of updated asset objects reloaded before import = 0
Number of asset objects unloaded after import = 3
========================================================================
Received Import Request.
  Time since last request: 0.000066 seconds.
  path: Assets/PlatformerSet1/Animated/torch-A-02.png
  artifactKey: Guid(09b31d490701d0b48acc760497b071fc) Importer(815301076,1909f56bfc062723c751e8b465ee728b)
Start importing Assets/PlatformerSet1/Animated/torch-A-02.png using Guid(09b31d490701d0b48acc760497b071fc) Importer(815301076,1909f56bfc062723c751e8b465ee728b) [PhysX] Initialized MultithreadedTaskDispatcher with 12 workers.
[PhysX] Initialized MultithreadedTaskDispatcher with 12 workers.
 -> (artifact id: '58c391ac7b1232b20a5924b61c27da73') in 0.033430 seconds
Number of updated asset objects reloaded before import = 0
Number of asset objects unloaded after import = 3
========================================================================
Received Import Request.
  Time since last request: 0.000044 seconds.
  path: Assets/PlatformerSet1/Animated/torch-A-01.png
  artifactKey: Guid(f74433124a3b60644a39600ba5126d5c) Importer(815301076,1909f56bfc062723c751e8b465ee728b)
Start importing Assets/PlatformerSet1/Animated/torch-A-01.png using Guid(f74433124a3b60644a39600ba5126d5c) Importer(815301076,1909f56bfc062723c751e8b465ee728b) [PhysX] Initialized MultithreadedTaskDispatcher with 12 workers.
[PhysX] Initialized MultithreadedTaskDispatcher with 12 workers.
 -> (artifact id: '066d64f88d43e5c682acd3b7457e4b9b') in 0.028321 seconds
Number of updated asset objects reloaded before import = 0
Number of asset objects unloaded after import = 3
========================================================================
Received Import Request.
  Time since last request: 0.000033 seconds.
  path: Assets/PlatformerSet1/Animated/torch-B-01.png
  artifactKey: Guid(58d0cdf51a6f8784d95187054a10ab9f) Importer(815301076,1909f56bfc062723c751e8b465ee728b)
Start importing Assets/PlatformerSet1/Animated/torch-B-01.png using Guid(58d0cdf51a6f8784d95187054a10ab9f) Importer(815301076,1909f56bfc062723c751e8b465ee728b) [PhysX] Initialized MultithreadedTaskDispatcher with 12 workers.
[PhysX] Initialized MultithreadedTaskDispatcher with 12 workers.
 -> (artifact id: 'e920c2fd37af71abc2e08e11b3e13b6d') in 0.028749 seconds
Number of updated asset objects reloaded before import = 0
Number of asset objects unloaded after import = 3
========================================================================
Received Import Request.
  Time since last request: 0.000028 seconds.
  path: Assets/PlatformerSet1/Animated/torch-C-03.png
  artifactKey: Guid(0e90fd29aeb54c24dabf651ddfade11c) Importer(815301076,1909f56bfc062723c751e8b465ee728b)
Start importing Assets/PlatformerSet1/Animated/torch-C-03.png using Guid(0e90fd29aeb54c24dabf651ddfade11c) Importer(815301076,1909f56bfc062723c751e8b465ee728b) [PhysX] Initialized MultithreadedTaskDispatcher with 12 workers.
[PhysX] Initialized MultithreadedTaskDispatcher with 12 workers.
 -> (artifact id: 'f15df285c1ab021c58842015277a8f40') in 0.025626 seconds
Number of updated asset objects reloaded before import = 0
Number of asset objects unloaded after import = 3
========================================================================
Received Import Request.
  Time since last request: 0.000049 seconds.
  path: Assets/PlatformerSet1/Animated/torch-C-02.png
  artifactKey: Guid(40d53443c5f19e942b076aad9edb4bb6) Importer(815301076,1909f56bfc062723c751e8b465ee728b)
Start importing Assets/PlatformerSet1/Animated/torch-C-02.png using Guid(40d53443c5f19e942b076aad9edb4bb6) Importer(815301076,1909f56bfc062723c751e8b465ee728b) [PhysX] Initialized MultithreadedTaskDispatcher with 12 workers.
[PhysX] Initialized MultithreadedTaskDispatcher with 12 workers.
 -> (artifact id: 'b7a8c2929d0418f9c63a1d3bed00d699') in 0.028406 seconds
Number of updated asset objects reloaded before import = 0
Number of asset objects unloaded after import = 3
========================================================================
Received Import Request.
  Time since last request: 0.000027 seconds.
  path: Assets/PlatformerSet1/Animated/diamond-04.png
  artifactKey: Guid(61b95d20fa9102b48a8413e4368978e0) Importer(815301076,1909f56bfc062723c751e8b465ee728b)
Start importing Assets/PlatformerSet1/Animated/diamond-04.png using Guid(61b95d20fa9102b48a8413e4368978e0) Importer(815301076,1909f56bfc062723c751e8b465ee728b) [PhysX] Initialized MultithreadedTaskDispatcher with 12 workers.
[PhysX] Initialized MultithreadedTaskDispatcher with 12 workers.
 -> (artifact id: '6a81d7eb0346f792128cca24ce2973b8') in 0.026469 seconds
Number of updated asset objects reloaded before import = 0
Number of asset objects unloaded after import = 3
========================================================================
Received Import Request.
  Time since last request: 0.000037 seconds.
  path: Assets/PlatformerSet1/Animated/diamond-05.png
  artifactKey: Guid(510e73beea7f5db419cdca3db08d8593) Importer(815301076,1909f56bfc062723c751e8b465ee728b)
Start importing Assets/PlatformerSet1/Animated/diamond-05.png using Guid(510e73beea7f5db419cdca3db08d8593) Importer(815301076,1909f56bfc062723c751e8b465ee728b) [PhysX] Initialized MultithreadedTaskDispatcher with 12 workers.
[PhysX] Initialized MultithreadedTaskDispatcher with 12 workers.
 -> (artifact id: 'ba4394cca1884f047d8fe8263e78a7c5') in 0.028025 seconds
Number of updated asset objects reloaded before import = 0
Number of asset objects unloaded after import = 3
========================================================================
Received Import Request.
  Time since last request: 0.000030 seconds.
  path: Assets/PlatformerSet1/Animated/torch-B-03.png
  artifactKey: Guid(a8ca647143faf9f44a2abdab30c3968e) Importer(815301076,1909f56bfc062723c751e8b465ee728b)
Start importing Assets/PlatformerSet1/Animated/torch-B-03.png using Guid(a8ca647143faf9f44a2abdab30c3968e) Importer(815301076,1909f56bfc062723c751e8b465ee728b) [PhysX] Initialized MultithreadedTaskDispatcher with 12 workers.
[PhysX] Initialized MultithreadedTaskDispatcher with 12 workers.
 -> (artifact id: '3e666a364919df358c255c942489a0ab') in 0.032108 seconds
Number of updated asset objects reloaded before import = 0
Number of asset objects unloaded after import = 3
========================================================================
Received Import Request.
  Time since last request: 0.000031 seconds.
  path: Assets/PlatformerSet1/Animated/light-02.png
  artifactKey: Guid(7d7b67b4e59bbc74d81d62962e118570) Importer(815301076,1909f56bfc062723c751e8b465ee728b)
Start importing Assets/PlatformerSet1/Animated/light-02.png using Guid(7d7b67b4e59bbc74d81d62962e118570) Importer(815301076,1909f56bfc062723c751e8b465ee728b) [PhysX] Initialized MultithreadedTaskDispatcher with 12 workers.
[PhysX] Initialized MultithreadedTaskDispatcher with 12 workers.
 -> (artifact id: '7f0932873c6c0b9582059f6f682be628') in 0.027422 seconds
Number of updated asset objects reloaded before import = 0
Number of asset objects unloaded after import = 3
========================================================================
Received Import Request.
  Time since last request: 0.249623 seconds.
  path: Assets/PlatformerSet1/AnimCharacter/attack-02.png
  artifactKey: Guid(9a20c343a03a6e54a9a3c14e4ed48626) Importer(815301076,1909f56bfc062723c751e8b465ee728b)
Start importing Assets/PlatformerSet1/AnimCharacter/attack-02.png using Guid(9a20c343a03a6e54a9a3c14e4ed48626) Importer(815301076,1909f56bfc062723c751e8b465ee728b) [PhysX] Initialized MultithreadedTaskDispatcher with 12 workers.
[PhysX] Initialized MultithreadedTaskDispatcher with 12 workers.
 -> (artifact id: '19d39c99823901c53525fb0dd0351005') in 0.026056 seconds
Number of updated asset objects reloaded before import = 0
Number of asset objects unloaded after import = 3
========================================================================
Received Import Request.
  Time since last request: 0.000027 seconds.
  path: Assets/PlatformerSet1/AnimCharacter/jump-landing-03.png
  artifactKey: Guid(8201072009f86cc42baed2c4a83a955c) Importer(815301076,1909f56bfc062723c751e8b465ee728b)
Start importing Assets/PlatformerSet1/AnimCharacter/jump-landing-03.png using Guid(8201072009f86cc42baed2c4a83a955c) Importer(815301076,1909f56bfc062723c751e8b465ee728b) [PhysX] Initialized MultithreadedTaskDispatcher with 12 workers.
[PhysX] Initialized MultithreadedTaskDispatcher with 12 workers.
 -> (artifact id: '858234247566dc18b4c9e38fd401d480') in 0.031211 seconds
Number of updated asset objects reloaded before import = 0
Number of asset objects unloaded after import = 3
========================================================================
Received Import Request.
  Time since last request: 0.000026 seconds.
  path: Assets/PlatformerSet1/AnimCharacter/run-05.png
  artifactKey: Guid(9985254870ccc2e478d5340a762f0601) Importer(815301076,1909f56bfc062723c751e8b465ee728b)
Start importing Assets/PlatformerSet1/AnimCharacter/run-05.png using Guid(9985254870ccc2e478d5340a762f0601) Importer(815301076,1909f56bfc062723c751e8b465ee728b) [PhysX] Initialized MultithreadedTaskDispatcher with 12 workers.
[PhysX] Initialized MultithreadedTaskDispatcher with 12 workers.
 -> (artifact id: '6721258ea961373f246e079abab08991') in 0.026926 seconds
Number of updated asset objects reloaded before import = 0
Number of asset objects unloaded after import = 3
========================================================================
Received Import Request.
  Time since last request: 0.000032 seconds.
  path: Assets/PlatformerSet1/AnimCharacter/dead-01.png
  artifactKey: Guid(5b43cb96099e8894b98f6aef9ec87f33) Importer(815301076,1909f56bfc062723c751e8b465ee728b)
Start importing Assets/PlatformerSet1/AnimCharacter/dead-01.png using Guid(5b43cb96099e8894b98f6aef9ec87f33) Importer(815301076,1909f56bfc062723c751e8b465ee728b) [PhysX] Initialized MultithreadedTaskDispatcher with 12 workers.
[PhysX] Initialized MultithreadedTaskDispatcher with 12 workers.
 -> (artifact id: 'a381dda9c8ccd048e7b1d0e9d91215f2') in 0.025799 seconds
Number of updated asset objects reloaded before import = 0
Number of asset objects unloaded after import = 3
========================================================================
Received Import Request.
  Time since last request: 0.000488 seconds.
  path: Assets/PlatformerSet1/AnimCharacter/idle-06.png
  artifactKey: Guid(22656dcc5c808d844bb94f30be5c74d1) Importer(815301076,1909f56bfc062723c751e8b465ee728b)
Start importing Assets/PlatformerSet1/AnimCharacter/idle-06.png using Guid(22656dcc5c808d844bb94f30be5c74d1) Importer(815301076,1909f56bfc062723c751e8b465ee728b) [PhysX] Initialized MultithreadedTaskDispatcher with 12 workers.
[PhysX] Initialized MultithreadedTaskDispatcher with 12 workers.
 -> (artifact id: '719f28471939549bf2d0a3b14c8ec667') in 0.027571 seconds
Number of updated asset objects reloaded before import = 0
Number of asset objects unloaded after import = 3
========================================================================
Received Import Request.
  Time since last request: 0.000022 seconds.
  path: Assets/PlatformerSet1/AnimCharacter/idle-03.png
  artifactKey: Guid(a8e288923c970694791ff016139f47c2) Importer(815301076,1909f56bfc062723c751e8b465ee728b)
Start importing Assets/PlatformerSet1/AnimCharacter/idle-03.png using Guid(a8e288923c970694791ff016139f47c2) Importer(815301076,1909f56bfc062723c751e8b465ee728b) [PhysX] Initialized MultithreadedTaskDispatcher with 12 workers.
[PhysX] Initialized MultithreadedTaskDispatcher with 12 workers.
 -> (artifact id: '5ec6f4949f3c0427eea1056a238a8ada') in 0.025489 seconds
Number of updated asset objects reloaded before import = 0
Number of asset objects unloaded after import = 3
========================================================================
Received Import Request.
  Time since last request: 0.000118 seconds.
  path: Assets/PlatformerSet1/AnimCharacter/jump-landing-01.png
  artifactKey: Guid(0984a7b4063a8a34d861af8c0fa3e018) Importer(815301076,1909f56bfc062723c751e8b465ee728b)
Start importing Assets/PlatformerSet1/AnimCharacter/jump-landing-01.png using Guid(0984a7b4063a8a34d861af8c0fa3e018) Importer(815301076,1909f56bfc062723c751e8b465ee728b) [PhysX] Initialized MultithreadedTaskDispatcher with 12 workers.
[PhysX] Initialized MultithreadedTaskDispatcher with 12 workers.
 -> (artifact id: '0b691683b417b76fb07aac6be2a5aab3') in 0.021811 seconds
Number of updated asset objects reloaded before import = 0
Number of asset objects unloaded after import = 3
========================================================================
Received Import Request.
  Time since last request: 0.000035 seconds.
  path: Assets/PlatformerSet1/AnimCharacter/attack-06.png
  artifactKey: Guid(d0a5804cfe067a24197f6625bb09f8ce) Importer(815301076,1909f56bfc062723c751e8b465ee728b)
Start importing Assets/PlatformerSet1/AnimCharacter/attack-06.png using Guid(d0a5804cfe067a24197f6625bb09f8ce) Importer(815301076,1909f56bfc062723c751e8b465ee728b) [PhysX] Initialized MultithreadedTaskDispatcher with 12 workers.
[PhysX] Initialized MultithreadedTaskDispatcher with 12 workers.
 -> (artifact id: 'daa5e81bf7c4666cc030c83883bbcfdd') in 0.026047 seconds
Number of updated asset objects reloaded before import = 0
Number of asset objects unloaded after import = 3
========================================================================
Received Import Request.
  Time since last request: 0.000053 seconds.
  path: Assets/PlatformerSet1/AnimCharacter/idle-02.png
  artifactKey: Guid(14f9530e3bd452449b765ecb5bc585ee) Importer(815301076,1909f56bfc062723c751e8b465ee728b)
Start importing Assets/PlatformerSet1/AnimCharacter/idle-02.png using Guid(14f9530e3bd452449b765ecb5bc585ee) Importer(815301076,1909f56bfc062723c751e8b465ee728b) [PhysX] Initialized MultithreadedTaskDispatcher with 12 workers.
[PhysX] Initialized MultithreadedTaskDispatcher with 12 workers.
 -> (artifact id: 'febe937efa6b91e7b4188eb6698cbe20') in 0.026045 seconds
Number of updated asset objects reloaded before import = 0
Number of asset objects unloaded after import = 3
========================================================================
Received Import Request.
  Time since last request: 0.000027 seconds.
  path: Assets/PlatformerSet1/AnimCharacter/idle-05.png
  artifactKey: Guid(a99dee446f3dc7145b6e245387da76b8) Importer(815301076,1909f56bfc062723c751e8b465ee728b)
Start importing Assets/PlatformerSet1/AnimCharacter/idle-05.png using Guid(a99dee446f3dc7145b6e245387da76b8) Importer(815301076,1909f56bfc062723c751e8b465ee728b) [PhysX] Initialized MultithreadedTaskDispatcher with 12 workers.
[PhysX] Initialized MultithreadedTaskDispatcher with 12 workers.
 -> (artifact id: '4fab33d58d26d6399c91f324ba68a7d5') in 0.024265 seconds
Number of updated asset objects reloaded before import = 0
Number of asset objects unloaded after import = 3
========================================================================
Received Import Request.
  Time since last request: 0.000021 seconds.
  path: Assets/PlatformerSet1/AnimCharacter/dead-03.png
  artifactKey: Guid(cdae9ef9b3caf764ab86598d631be863) Importer(815301076,1909f56bfc062723c751e8b465ee728b)
Start importing Assets/PlatformerSet1/AnimCharacter/dead-03.png using Guid(cdae9ef9b3caf764ab86598d631be863) Importer(815301076,1909f56bfc062723c751e8b465ee728b) [PhysX] Initialized MultithreadedTaskDispatcher with 12 workers.
[PhysX] Initialized MultithreadedTaskDispatcher with 12 workers.
 -> (artifact id: '13bb367b0cd90e9018c6010fa8a8d753') in 0.025815 seconds
Number of updated asset objects reloaded before import = 0
Number of asset objects unloaded after import = 3
========================================================================
Received Import Request.
  Time since last request: 0.000046 seconds.
  path: Assets/PlatformerSet1/AnimCharacter/attack-05.png
  artifactKey: Guid(795b97dd4efe7c748885440b5a8daa8a) Importer(815301076,1909f56bfc062723c751e8b465ee728b)
Start importing Assets/PlatformerSet1/AnimCharacter/attack-05.png using Guid(795b97dd4efe7c748885440b5a8daa8a) Importer(815301076,1909f56bfc062723c751e8b465ee728b) [PhysX] Initialized MultithreadedTaskDispatcher with 12 workers.
[PhysX] Initialized MultithreadedTaskDispatcher with 12 workers.
 -> (artifact id: 'b0bd5571e158d2bbbb5dd6bc7c1974e5') in 0.024936 seconds
Number of updated asset objects reloaded before import = 0
Number of asset objects unloaded after import = 3
========================================================================
Received Import Request.
  Time since last request: 0.000035 seconds.
  path: Assets/PlatformerSet1/AnimCharacter/jump-02.png
  artifactKey: Guid(64940212aca10e546ae036b96cc8933a) Importer(815301076,1909f56bfc062723c751e8b465ee728b)
Start importing Assets/PlatformerSet1/AnimCharacter/jump-02.png using Guid(64940212aca10e546ae036b96cc8933a) Importer(815301076,1909f56bfc062723c751e8b465ee728b) [PhysX] Initialized MultithreadedTaskDispatcher with 12 workers.
[PhysX] Initialized MultithreadedTaskDispatcher with 12 workers.
 -> (artifact id: '8b503db75a6902bf947b5c61f93dc6b7') in 0.025422 seconds
Number of updated asset objects reloaded before import = 0
Number of asset objects unloaded after import = 3
========================================================================
Received Import Request.
  Time since last request: 0.000086 seconds.
  path: Assets/PlatformerSet1/AnimCharacter/attack-04.png
  artifactKey: Guid(fa0cb05d87d658147a2fdc6f50f5bf4e) Importer(815301076,1909f56bfc062723c751e8b465ee728b)
Start importing Assets/PlatformerSet1/AnimCharacter/attack-04.png using Guid(fa0cb05d87d658147a2fdc6f50f5bf4e) Importer(815301076,1909f56bfc062723c751e8b465ee728b) [PhysX] Initialized MultithreadedTaskDispatcher with 12 workers.
[PhysX] Initialized MultithreadedTaskDispatcher with 12 workers.
 -> (artifact id: 'e5fbb3804af449aa6cd0e2bc0cb8ee81') in 0.022083 seconds
Number of updated asset objects reloaded before import = 0
Number of asset objects unloaded after import = 3
========================================================================
Received Import Request.
  Time since last request: 0.000048 seconds.
  path: Assets/PlatformerSet1/AnimCharacter/run-06.png
  artifactKey: Guid(e07e6ac5c1a771047992af284fffad1a) Importer(815301076,1909f56bfc062723c751e8b465ee728b)
Start importing Assets/PlatformerSet1/AnimCharacter/run-06.png using Guid(e07e6ac5c1a771047992af284fffad1a) Importer(815301076,1909f56bfc062723c751e8b465ee728b) [PhysX] Initialized MultithreadedTaskDispatcher with 12 workers.
[PhysX] Initialized MultithreadedTaskDispatcher with 12 workers.
 -> (artifact id: '08181041b607f6c44d9759f25d6cc23a') in 0.026243 seconds
Number of updated asset objects reloaded before import = 0
Number of asset objects unloaded after import = 3
========================================================================
Received Import Request.
  Time since last request: 15.210240 seconds.
  path: Assets/PlatformerSet1/03 background A.png
  artifactKey: Guid(eb06709a3d006f5448d017252797e8a4) Importer(815301076,1909f56bfc062723c751e8b465ee728b)
Start importing Assets/PlatformerSet1/03 background A.png using Guid(eb06709a3d006f5448d017252797e8a4) Importer(815301076,1909f56bfc062723c751e8b465ee728b) [PhysX] Initialized MultithreadedTaskDispatcher with 12 workers.
[PhysX] Initialized MultithreadedTaskDispatcher with 12 workers.
 -> (artifact id: '159a8b5d0ba19e3a521f99da00d5ae9b') in 0.050229 seconds
Number of updated asset objects reloaded before import = 0
Number of asset objects unloaded after import = 3
========================================================================
Received Import Request.
  Time since last request: 0.000040 seconds.
  path: Assets/PlatformerSet1/04 background.png
  artifactKey: Guid(048637bba7f02c8499a2dfc07ecc075f) Importer(815301076,1909f56bfc062723c751e8b465ee728b)
Start importing Assets/PlatformerSet1/04 background.png using Guid(048637bba7f02c8499a2dfc07ecc075f) Importer(815301076,1909f56bfc062723c751e8b465ee728b) [PhysX] Initialized MultithreadedTaskDispatcher with 12 workers.
[PhysX] Initialized MultithreadedTaskDispatcher with 12 workers.
 -> (artifact id: '6f91d22a129d07f532f8ce17e820e742') in 0.029834 seconds
Number of updated asset objects reloaded before import = 0
Number of asset objects unloaded after import = 3
========================================================================
Received Import Request.
  Time since last request: 0.000039 seconds.
  path: Assets/PlatformerSet1/main_lev_build.png
  artifactKey: Guid(6d28f55f1b0572546b2632db94416d69) Importer(815301076,1909f56bfc062723c751e8b465ee728b)
Start importing Assets/PlatformerSet1/main_lev_build.png using Guid(6d28f55f1b0572546b2632db94416d69) Importer(815301076,1909f56bfc062723c751e8b465ee728b) [PhysX] Initialized MultithreadedTaskDispatcher with 12 workers.
[PhysX] Initialized MultithreadedTaskDispatcher with 12 workers.
 -> (artifact id: '7325bc6267c801840f99af98dae607b1') in 0.032657 seconds
Number of updated asset objects reloaded before import = 0
Number of asset objects unloaded after import = 3
========================================================================
Received Prepare
Caller must complete domain reload
Begin MonoManager ReloadAssembly
- Loaded All Assemblies, in  0.473 seconds
Native extension for WindowsStandalone target not found
Native extension for WebGL target not found
Mono: successfully reloaded assembly
- Finished resetting the current domain, in  1.282 seconds
Domain Reload Profiling: 1752ms
	BeginReloadAssembly (157ms)
		ExecutionOrderSort (0ms)
		DisableScriptedObjects (9ms)
		BackupInstance (0ms)
		ReleaseScriptingObjects (0ms)
		CreateAndSetChildDomain (31ms)
	RebuildCommonClasses (30ms)
	RebuildNativeTypeToScriptingClass (8ms)
	initialDomainReloadingComplete (28ms)
	LoadAllAssembliesAndSetupDomain (245ms)
		LoadAssemblies (318ms)
		RebuildTransferFunctionScriptingTraits (0ms)
		AnalyzeDomain (13ms)
			TypeCache.Refresh (6ms)
				TypeCache.ScanAssembly (0ms)
			ScanForSourceGeneratedMonoScriptInfo (0ms)
			ResolveRequiredComponents (5ms)
	FinalizeReload (1283ms)
		ReleaseScriptCaches (0ms)
		RebuildScriptCaches (0ms)
		SetupLoadedEditorAssemblies (622ms)
			LogAssemblyErrors (0ms)
			InitializePlatformSupportModulesInManaged (10ms)
			SetLoadedEditorAssemblies (5ms)
			RefreshPlugins (0ms)
			BeforeProcessingInitializeOnLoad (76ms)
			ProcessInitializeOnLoadAttributes (484ms)
			ProcessInitializeOnLoadMethodAttributes (38ms)
			AfterProcessingInitializeOnLoad (8ms)
			EditorAssembliesLoaded (0ms)
		ExecutionOrderSort2 (0ms)
		AwakeInstancesAfterBackupRestoration (14ms)
Refreshing native plugins compatible for Editor in 7.02 ms, found 4 plugins.
Preloading 0 native plugins for Editor in 0.00 ms.
Unloading 4358 Unused Serialized files (Serialized files now loaded: 0)
Unloading 25 unused Assets / (213.5 KB). Loaded Objects now: 5017.
Memory consumption went from 150.9 MB to 150.7 MB.
Total: 4.153200 ms (FindLiveObjects: 0.270500 ms CreateObjectMapping: 0.161000 ms MarkObjects: 3.541400 ms  DeleteObjects: 0.178900 ms)

Prepare: number of updated asset objects reloaded= 0
AssetImportParameters requested are different than current active one (requested -> active):
  custom:container-demuxer-ogg: 62fdf1f143b41e24485cea50d1cbac27 -> 
  custom:video-decoder-ogg-theora: a1e56fd34408186e4bbccfd4996cb3dc -> 
  custom:framework-win-MediaFoundation: 216162199b28c13a410421893ffa2e32 -> 
  custom:CustomObjectIndexerAttribute: 9a22284fe3817be447336de3de66b15e -> 
  custom:container-demuxer-webm: 4f35f7cbe854078d1ac9338744f61a02 -> 
  custom:container-muxer-webm: aa71ff27fc2769a1b78a27578f13a17b -> 
  custom:video-decoder-webm-vp8: 9c59270c3fd7afecdb556c50c9e8de78 -> 
  custom:SearchIndexIgnoredProperties: e643bd26f0fe6173181afceb89e7c659 -> 
  custom:AudioImporter_EditorPlatform: d09bf68614088b80899f8185d706f6e7 -> 
  custom:video-encoder-webm-vp8: eb34c28f22e8b96e1ab97ce403110664 -> 
  custom:audio-decoder-ogg-vorbis: bf7c407c2cedff20999df2af8eb42d56 -> 
  custom:audio-encoder-webm-vorbis: bf7c407c2cedff20999df2af8eb42d56 -> 
========================================================================
Received Prepare
Caller must complete domain reload
Begin MonoManager ReloadAssembly
- Loaded All Assemblies, in  1.665 seconds
Native extension for WindowsStandalone target not found
Native extension for WebGL target not found
Mono: successfully reloaded assembly
- Finished resetting the current domain, in  3.393 seconds
Domain Reload Profiling: 5043ms
	BeginReloadAssembly (528ms)
		ExecutionOrderSort (0ms)
		DisableScriptedObjects (38ms)
		BackupInstance (0ms)
		ReleaseScriptingObjects (0ms)
		CreateAndSetChildDomain (92ms)
	RebuildCommonClasses (91ms)
	RebuildNativeTypeToScriptingClass (34ms)
	initialDomainReloadingComplete (108ms)
	LoadAllAssembliesAndSetupDomain (888ms)
		LoadAssemblies (1167ms)
		RebuildTransferFunctionScriptingTraits (0ms)
		AnalyzeDomain (43ms)
			TypeCache.Refresh (14ms)
				TypeCache.ScanAssembly (0ms)
			ScanForSourceGeneratedMonoScriptInfo (1ms)
			ResolveRequiredComponents (23ms)
	FinalizeReload (3394ms)
		ReleaseScriptCaches (0ms)
		RebuildScriptCaches (0ms)
		SetupLoadedEditorAssemblies (1497ms)
			LogAssemblyErrors (0ms)
			InitializePlatformSupportModulesInManaged (26ms)
			SetLoadedEditorAssemblies (15ms)
			RefreshPlugins (0ms)
			BeforeProcessingInitializeOnLoad (224ms)
			ProcessInitializeOnLoadAttributes (1166ms)
			ProcessInitializeOnLoadMethodAttributes (51ms)
			AfterProcessingInitializeOnLoad (14ms)
			EditorAssembliesLoaded (0ms)
		ExecutionOrderSort2 (0ms)
		AwakeInstancesAfterBackupRestoration (22ms)
Refreshing native plugins compatible for Editor in 11.44 ms, found 4 plugins.
Preloading 0 native plugins for Editor in 0.00 ms.
Unloading 4359 Unused Serialized files (Serialized files now loaded: 0)
Unloading 25 unused Assets / (213.5 KB). Loaded Objects now: 5021.
Memory consumption went from 151.2 MB to 151.0 MB.
Total: 4.388600 ms (FindLiveObjects: 0.328300 ms CreateObjectMapping: 0.160900 ms MarkObjects: 3.661800 ms  DeleteObjects: 0.235900 ms)

Prepare: number of updated asset objects reloaded= 0
AssetImportParameters requested are different than current active one (requested -> active):
  custom:container-demuxer-ogg: 62fdf1f143b41e24485cea50d1cbac27 -> 
  custom:video-decoder-ogg-theora: a1e56fd34408186e4bbccfd4996cb3dc -> 
  custom:framework-win-MediaFoundation: 216162199b28c13a410421893ffa2e32 -> 
  custom:CustomObjectIndexerAttribute: 9a22284fe3817be447336de3de66b15e -> 
  custom:container-demuxer-webm: 4f35f7cbe854078d1ac9338744f61a02 -> 
  custom:container-muxer-webm: aa71ff27fc2769a1b78a27578f13a17b -> 
  custom:video-decoder-webm-vp8: 9c59270c3fd7afecdb556c50c9e8de78 -> 
  custom:SearchIndexIgnoredProperties: e643bd26f0fe6173181afceb89e7c659 -> 
  custom:AudioImporter_EditorPlatform: d09bf68614088b80899f8185d706f6e7 -> 
  custom:video-encoder-webm-vp8: eb34c28f22e8b96e1ab97ce403110664 -> 
  custom:audio-decoder-ogg-vorbis: bf7c407c2cedff20999df2af8eb42d56 -> 
  custom:audio-encoder-webm-vorbis: bf7c407c2cedff20999df2af8eb42d56 -> 
========================================================================
Received Prepare
Caller must complete domain reload
Begin MonoManager ReloadAssembly
- Loaded All Assemblies, in  1.160 seconds
Native extension for WindowsStandalone target not found
Native extension for WebGL target not found
Mono: successfully reloaded assembly
- Finished resetting the current domain, in  3.473 seconds
Domain Reload Profiling: 4621ms
	BeginReloadAssembly (287ms)
		ExecutionOrderSort (0ms)
		DisableScriptedObjects (20ms)
		BackupInstance (0ms)
		ReleaseScriptingObjects (0ms)
		CreateAndSetChildDomain (55ms)
	RebuildCommonClasses (86ms)
	RebuildNativeTypeToScriptingClass (24ms)
	initialDomainReloadingComplete (83ms)
	LoadAllAssembliesAndSetupDomain (668ms)
		LoadAssemblies (787ms)
		RebuildTransferFunctionScriptingTraits (0ms)
		AnalyzeDomain (38ms)
			TypeCache.Refresh (14ms)
				TypeCache.ScanAssembly (0ms)
			ScanForSourceGeneratedMonoScriptInfo (0ms)
			ResolveRequiredComponents (17ms)
	FinalizeReload (3474ms)
		ReleaseScriptCaches (0ms)
		RebuildScriptCaches (0ms)
		SetupLoadedEditorAssemblies (1660ms)
			LogAssemblyErrors (0ms)
			InitializePlatformSupportModulesInManaged (21ms)
			SetLoadedEditorAssemblies (12ms)
			RefreshPlugins (0ms)
			BeforeProcessingInitializeOnLoad (213ms)
			ProcessInitializeOnLoadAttributes (1264ms)
			ProcessInitializeOnLoadMethodAttributes (117ms)
			AfterProcessingInitializeOnLoad (32ms)
			EditorAssembliesLoaded (1ms)
		ExecutionOrderSort2 (0ms)
		AwakeInstancesAfterBackupRestoration (45ms)
Refreshing native plugins compatible for Editor in 23.96 ms, found 4 plugins.
Preloading 0 native plugins for Editor in 0.00 ms.
Unloading 4359 Unused Serialized files (Serialized files now loaded: 0)
Unloading 25 unused Assets / (213.2 KB). Loaded Objects now: 5025.
Memory consumption went from 151.2 MB to 151.0 MB.
Total: 12.160300 ms (FindLiveObjects: 0.819700 ms CreateObjectMapping: 0.584100 ms MarkObjects: 10.319000 ms  DeleteObjects: 0.433900 ms)

Prepare: number of updated asset objects reloaded= 0
AssetImportParameters requested are different than current active one (requested -> active):
  custom:container-demuxer-ogg: 62fdf1f143b41e24485cea50d1cbac27 -> 
  custom:video-decoder-ogg-theora: a1e56fd34408186e4bbccfd4996cb3dc -> 
  custom:framework-win-MediaFoundation: 216162199b28c13a410421893ffa2e32 -> 
  custom:CustomObjectIndexerAttribute: 9a22284fe3817be447336de3de66b15e -> 
  custom:container-demuxer-webm: 4f35f7cbe854078d1ac9338744f61a02 -> 
  custom:container-muxer-webm: aa71ff27fc2769a1b78a27578f13a17b -> 
  custom:video-decoder-webm-vp8: 9c59270c3fd7afecdb556c50c9e8de78 -> 
  custom:SearchIndexIgnoredProperties: e643bd26f0fe6173181afceb89e7c659 -> 
  custom:AudioImporter_EditorPlatform: d09bf68614088b80899f8185d706f6e7 -> 
  custom:video-encoder-webm-vp8: eb34c28f22e8b96e1ab97ce403110664 -> 
  custom:audio-decoder-ogg-vorbis: bf7c407c2cedff20999df2af8eb42d56 -> 
  custom:audio-encoder-webm-vorbis: bf7c407c2cedff20999df2af8eb42d56 -> 
========================================================================
Received Prepare
Caller must complete domain reload
Begin MonoManager ReloadAssembly
- Loaded All Assemblies, in  0.778 seconds
Native extension for WindowsStandalone target not found
Native extension for WebGL target not found
Mono: successfully reloaded assembly
- Finished resetting the current domain, in  1.082 seconds
Domain Reload Profiling: 1858ms
	BeginReloadAssembly (339ms)
		ExecutionOrderSort (0ms)
		DisableScriptedObjects (22ms)
		BackupInstance (0ms)
		ReleaseScriptingObjects (0ms)
		CreateAndSetChildDomain (67ms)
	RebuildCommonClasses (58ms)
	RebuildNativeTypeToScriptingClass (17ms)
	initialDomainReloadingComplete (52ms)
	LoadAllAssembliesAndSetupDomain (308ms)
		LoadAssemblies (435ms)
		RebuildTransferFunctionScriptingTraits (0ms)
		AnalyzeDomain (40ms)
			TypeCache.Refresh (12ms)
				TypeCache.ScanAssembly (0ms)
			ScanForSourceGeneratedMonoScriptInfo (19ms)
			ResolveRequiredComponents (7ms)
	FinalizeReload (1083ms)
		ReleaseScriptCaches (0ms)
		RebuildScriptCaches (0ms)
		SetupLoadedEditorAssemblies (478ms)
			LogAssemblyErrors (0ms)
			InitializePlatformSupportModulesInManaged (8ms)
			SetLoadedEditorAssemblies (4ms)
			RefreshPlugins (0ms)
			BeforeProcessingInitializeOnLoad (70ms)
			ProcessInitializeOnLoadAttributes (363ms)
			ProcessInitializeOnLoadMethodAttributes (26ms)
			AfterProcessingInitializeOnLoad (6ms)
			EditorAssembliesLoaded (0ms)
		ExecutionOrderSort2 (0ms)
		AwakeInstancesAfterBackupRestoration (10ms)
Refreshing native plugins compatible for Editor in 6.27 ms, found 4 plugins.
Preloading 0 native plugins for Editor in 0.00 ms.
Unloading 4359 Unused Serialized files (Serialized files now loaded: 0)
Unloading 25 unused Assets / (213.2 KB). Loaded Objects now: 5029.
Memory consumption went from 151.2 MB to 151.0 MB.
Total: 4.365000 ms (FindLiveObjects: 0.319100 ms CreateObjectMapping: 0.525800 ms MarkObjects: 3.308200 ms  DeleteObjects: 0.210800 ms)

Prepare: number of updated asset objects reloaded= 0
AssetImportParameters requested are different than current active one (requested -> active):
  custom:container-demuxer-ogg: 62fdf1f143b41e24485cea50d1cbac27 -> 
  custom:video-decoder-ogg-theora: a1e56fd34408186e4bbccfd4996cb3dc -> 
  custom:framework-win-MediaFoundation: 216162199b28c13a410421893ffa2e32 -> 
  custom:CustomObjectIndexerAttribute: 9a22284fe3817be447336de3de66b15e -> 
  custom:container-demuxer-webm: 4f35f7cbe854078d1ac9338744f61a02 -> 
  custom:container-muxer-webm: aa71ff27fc2769a1b78a27578f13a17b -> 
  custom:video-decoder-webm-vp8: 9c59270c3fd7afecdb556c50c9e8de78 -> 
  custom:SearchIndexIgnoredProperties: e643bd26f0fe6173181afceb89e7c659 -> 
  custom:AudioImporter_EditorPlatform: d09bf68614088b80899f8185d706f6e7 -> 
  custom:video-encoder-webm-vp8: eb34c28f22e8b96e1ab97ce403110664 -> 
  custom:audio-decoder-ogg-vorbis: bf7c407c2cedff20999df2af8eb42d56 -> 
  custom:audio-encoder-webm-vorbis: bf7c407c2cedff20999df2af8eb42d56 -> 
========================================================================
Received Prepare
Caller must complete domain reload
Begin MonoManager ReloadAssembly
- Loaded All Assemblies, in  0.596 seconds
Native extension for WindowsStandalone target not found
Native extension for WebGL target not found
Mono: successfully reloaded assembly
- Finished resetting the current domain, in  1.753 seconds
Domain Reload Profiling: 2344ms
	BeginReloadAssembly (173ms)
		ExecutionOrderSort (0ms)
		DisableScriptedObjects (12ms)
		BackupInstance (0ms)
		ReleaseScriptingObjects (0ms)
		CreateAndSetChildDomain (33ms)
	RebuildCommonClasses (40ms)
	RebuildNativeTypeToScriptingClass (12ms)
	initialDomainReloadingComplete (39ms)
	LoadAllAssembliesAndSetupDomain (327ms)
		LoadAssemblies (403ms)
		RebuildTransferFunctionScriptingTraits (0ms)
		AnalyzeDomain (17ms)
			TypeCache.Refresh (8ms)
				TypeCache.ScanAssembly (0ms)
			ScanForSourceGeneratedMonoScriptInfo (0ms)
			ResolveRequiredComponents (8ms)
	FinalizeReload (1753ms)
		ReleaseScriptCaches (0ms)
		RebuildScriptCaches (0ms)
		SetupLoadedEditorAssemblies (903ms)
			LogAssemblyErrors (0ms)
			InitializePlatformSupportModulesInManaged (14ms)
			SetLoadedEditorAssemblies (8ms)
			RefreshPlugins (0ms)
			BeforeProcessingInitializeOnLoad (125ms)
			ProcessInitializeOnLoadAttributes (683ms)
			ProcessInitializeOnLoadMethodAttributes (58ms)
			AfterProcessingInitializeOnLoad (14ms)
			EditorAssembliesLoaded (0ms)
		ExecutionOrderSort2 (0ms)
		AwakeInstancesAfterBackupRestoration (26ms)
Refreshing native plugins compatible for Editor in 15.83 ms, found 4 plugins.
Preloading 0 native plugins for Editor in 0.00 ms.
Unloading 4359 Unused Serialized files (Serialized files now loaded: 0)
Unloading 25 unused Assets / (213.2 KB). Loaded Objects now: 5033.
Memory consumption went from 151.2 MB to 151.0 MB.
Total: 6.714200 ms (FindLiveObjects: 0.457900 ms CreateObjectMapping: 0.216400 ms MarkObjects: 5.634700 ms  DeleteObjects: 0.403200 ms)

Prepare: number of updated asset objects reloaded= 0
AssetImportParameters requested are different than current active one (requested -> active):
  custom:container-demuxer-ogg: 62fdf1f143b41e24485cea50d1cbac27 -> 
  custom:video-decoder-ogg-theora: a1e56fd34408186e4bbccfd4996cb3dc -> 
  custom:framework-win-MediaFoundation: 216162199b28c13a410421893ffa2e32 -> 
  custom:CustomObjectIndexerAttribute: 9a22284fe3817be447336de3de66b15e -> 
  custom:container-demuxer-webm: 4f35f7cbe854078d1ac9338744f61a02 -> 
  custom:container-muxer-webm: aa71ff27fc2769a1b78a27578f13a17b -> 
  custom:video-decoder-webm-vp8: 9c59270c3fd7afecdb556c50c9e8de78 -> 
  custom:SearchIndexIgnoredProperties: e643bd26f0fe6173181afceb89e7c659 -> 
  custom:AudioImporter_EditorPlatform: d09bf68614088b80899f8185d706f6e7 -> 
  custom:video-encoder-webm-vp8: eb34c28f22e8b96e1ab97ce403110664 -> 
  custom:audio-decoder-ogg-vorbis: bf7c407c2cedff20999df2af8eb42d56 -> 
  custom:audio-encoder-webm-vorbis: bf7c407c2cedff20999df2af8eb42d56 -> 
========================================================================
Received Prepare
Caller must complete domain reload
Begin MonoManager ReloadAssembly
- Loaded All Assemblies, in  0.607 seconds
Native extension for WindowsStandalone target not found
Native extension for WebGL target not found
Mono: successfully reloaded assembly
- Finished resetting the current domain, in  1.511 seconds
Domain Reload Profiling: 2113ms
	BeginReloadAssembly (186ms)
		ExecutionOrderSort (0ms)
		DisableScriptedObjects (16ms)
		BackupInstance (0ms)
		ReleaseScriptingObjects (0ms)
		CreateAndSetChildDomain (36ms)
	RebuildCommonClasses (40ms)
	RebuildNativeTypeToScriptingClass (12ms)
	initialDomainReloadingComplete (38ms)
	LoadAllAssembliesAndSetupDomain (325ms)
		LoadAssemblies (405ms)
		RebuildTransferFunctionScriptingTraits (0ms)
		AnalyzeDomain (17ms)
			TypeCache.Refresh (8ms)
				TypeCache.ScanAssembly (0ms)
			ScanForSourceGeneratedMonoScriptInfo (0ms)
			ResolveRequiredComponents (7ms)
	FinalizeReload (1512ms)
		ReleaseScriptCaches (0ms)
		RebuildScriptCaches (0ms)
		SetupLoadedEditorAssemblies (693ms)
			LogAssemblyErrors (0ms)
			InitializePlatformSupportModulesInManaged (10ms)
			SetLoadedEditorAssemblies (6ms)
			RefreshPlugins (0ms)
			BeforeProcessingInitializeOnLoad (100ms)
			ProcessInitializeOnLoadAttributes (531ms)
			ProcessInitializeOnLoadMethodAttributes (36ms)
			AfterProcessingInitializeOnLoad (10ms)
			EditorAssembliesLoaded (0ms)
		ExecutionOrderSort2 (0ms)
		AwakeInstancesAfterBackupRestoration (16ms)
Refreshing native plugins compatible for Editor in 7.41 ms, found 4 plugins.
Preloading 0 native plugins for Editor in 0.00 ms.
Unloading 4359 Unused Serialized files (Serialized files now loaded: 0)
Unloading 25 unused Assets / (213.1 KB). Loaded Objects now: 5037.
Memory consumption went from 151.2 MB to 151.0 MB.
Total: 4.102100 ms (FindLiveObjects: 0.311400 ms CreateObjectMapping: 0.153100 ms MarkObjects: 3.424400 ms  DeleteObjects: 0.211900 ms)

Prepare: number of updated asset objects reloaded= 0
AssetImportParameters requested are different than current active one (requested -> active):
  custom:container-demuxer-ogg: 62fdf1f143b41e24485cea50d1cbac27 -> 
  custom:video-decoder-ogg-theora: a1e56fd34408186e4bbccfd4996cb3dc -> 
  custom:framework-win-MediaFoundation: 216162199b28c13a410421893ffa2e32 -> 
  custom:CustomObjectIndexerAttribute: 9a22284fe3817be447336de3de66b15e -> 
  custom:container-demuxer-webm: 4f35f7cbe854078d1ac9338744f61a02 -> 
  custom:container-muxer-webm: aa71ff27fc2769a1b78a27578f13a17b -> 
  custom:video-decoder-webm-vp8: 9c59270c3fd7afecdb556c50c9e8de78 -> 
  custom:SearchIndexIgnoredProperties: e643bd26f0fe6173181afceb89e7c659 -> 
  custom:AudioImporter_EditorPlatform: d09bf68614088b80899f8185d706f6e7 -> 
  custom:video-encoder-webm-vp8: eb34c28f22e8b96e1ab97ce403110664 -> 
  custom:audio-decoder-ogg-vorbis: bf7c407c2cedff20999df2af8eb42d56 -> 
  custom:audio-encoder-webm-vorbis: bf7c407c2cedff20999df2af8eb42d56 -> 
========================================================================
Received Prepare
Caller must complete domain reload
Begin MonoManager ReloadAssembly
- Loaded All Assemblies, in  0.466 seconds
Native extension for WindowsStandalone target not found
Native extension for WebGL target not found
Mono: successfully reloaded assembly
- Finished resetting the current domain, in  1.341 seconds
Domain Reload Profiling: 1803ms
	BeginReloadAssembly (143ms)
		ExecutionOrderSort (0ms)
		DisableScriptedObjects (9ms)
		BackupInstance (0ms)
		ReleaseScriptingObjects (0ms)
		CreateAndSetChildDomain (33ms)
	RebuildCommonClasses (31ms)
	RebuildNativeTypeToScriptingClass (10ms)
	initialDomainReloadingComplete (28ms)
	LoadAllAssembliesAndSetupDomain (249ms)
		LoadAssemblies (308ms)
		RebuildTransferFunctionScriptingTraits (0ms)
		AnalyzeDomain (14ms)
			TypeCache.Refresh (7ms)
				TypeCache.ScanAssembly (0ms)
			ScanForSourceGeneratedMonoScriptInfo (0ms)
			ResolveRequiredComponents (5ms)
	FinalizeReload (1341ms)
		ReleaseScriptCaches (0ms)
		RebuildScriptCaches (0ms)
		SetupLoadedEditorAssemblies (694ms)
			LogAssemblyErrors (0ms)
			InitializePlatformSupportModulesInManaged (13ms)
			SetLoadedEditorAssemblies (7ms)
			RefreshPlugins (0ms)
			BeforeProcessingInitializeOnLoad (98ms)
			ProcessInitializeOnLoadAttributes (533ms)
			ProcessInitializeOnLoadMethodAttributes (34ms)
			AfterProcessingInitializeOnLoad (8ms)
			EditorAssembliesLoaded (1ms)
		ExecutionOrderSort2 (0ms)
		AwakeInstancesAfterBackupRestoration (16ms)
Refreshing native plugins compatible for Editor in 8.92 ms, found 4 plugins.
Preloading 0 native plugins for Editor in 0.00 ms.
Unloading 4359 Unused Serialized files (Serialized files now loaded: 0)
Unloading 25 unused Assets / (213.5 KB). Loaded Objects now: 5041.
Memory consumption went from 151.2 MB to 151.0 MB.
Total: 4.344400 ms (FindLiveObjects: 0.346900 ms CreateObjectMapping: 0.161800 ms MarkObjects: 3.586000 ms  DeleteObjects: 0.248400 ms)

Prepare: number of updated asset objects reloaded= 0
AssetImportParameters requested are different than current active one (requested -> active):
  custom:container-demuxer-ogg: 62fdf1f143b41e24485cea50d1cbac27 -> 
  custom:video-decoder-ogg-theora: a1e56fd34408186e4bbccfd4996cb3dc -> 
  custom:framework-win-MediaFoundation: 216162199b28c13a410421893ffa2e32 -> 
  custom:CustomObjectIndexerAttribute: 9a22284fe3817be447336de3de66b15e -> 
  custom:container-demuxer-webm: 4f35f7cbe854078d1ac9338744f61a02 -> 
  custom:container-muxer-webm: aa71ff27fc2769a1b78a27578f13a17b -> 
  custom:video-decoder-webm-vp8: 9c59270c3fd7afecdb556c50c9e8de78 -> 
  custom:SearchIndexIgnoredProperties: e643bd26f0fe6173181afceb89e7c659 -> 
  custom:AudioImporter_EditorPlatform: d09bf68614088b80899f8185d706f6e7 -> 
  custom:video-encoder-webm-vp8: eb34c28f22e8b96e1ab97ce403110664 -> 
  custom:audio-decoder-ogg-vorbis: bf7c407c2cedff20999df2af8eb42d56 -> 
  custom:audio-encoder-webm-vorbis: bf7c407c2cedff20999df2af8eb42d56 -> 
========================================================================
Received Prepare
Caller must complete domain reload
Begin MonoManager ReloadAssembly
- Loaded All Assemblies, in  0.491 seconds
Native extension for WindowsStandalone target not found
Native extension for WebGL target not found
Mono: successfully reloaded assembly
- Finished resetting the current domain, in  1.640 seconds
Domain Reload Profiling: 2126ms
	BeginReloadAssembly (152ms)
		ExecutionOrderSort (0ms)
		DisableScriptedObjects (10ms)
		BackupInstance (0ms)
		ReleaseScriptingObjects (0ms)
		CreateAndSetChildDomain (31ms)
	RebuildCommonClasses (30ms)
	RebuildNativeTypeToScriptingClass (9ms)
	initialDomainReloadingComplete (35ms)
	LoadAllAssembliesAndSetupDomain (260ms)
		LoadAssemblies (324ms)
		RebuildTransferFunctionScriptingTraits (0ms)
		AnalyzeDomain (14ms)
			TypeCache.Refresh (7ms)
				TypeCache.ScanAssembly (0ms)
			ScanForSourceGeneratedMonoScriptInfo (0ms)
			ResolveRequiredComponents (5ms)
	FinalizeReload (1640ms)
		ReleaseScriptCaches (0ms)
		RebuildScriptCaches (0ms)
		SetupLoadedEditorAssemblies (934ms)
			LogAssemblyErrors (0ms)
			InitializePlatformSupportModulesInManaged (11ms)
			SetLoadedEditorAssemblies (8ms)
			RefreshPlugins (0ms)
			BeforeProcessingInitializeOnLoad (121ms)
			ProcessInitializeOnLoadAttributes (722ms)
			ProcessInitializeOnLoadMethodAttributes (56ms)
			AfterProcessingInitializeOnLoad (14ms)
			EditorAssembliesLoaded (0ms)
		ExecutionOrderSort2 (0ms)
		AwakeInstancesAfterBackupRestoration (24ms)
Refreshing native plugins compatible for Editor in 7.87 ms, found 4 plugins.
Preloading 0 native plugins for Editor in 0.00 ms.
Unloading 4359 Unused Serialized files (Serialized files now loaded: 0)
Unloading 25 unused Assets / (213.3 KB). Loaded Objects now: 5045.
Memory consumption went from 151.2 MB to 151.0 MB.
Total: 4.833300 ms (FindLiveObjects: 0.350500 ms CreateObjectMapping: 0.176300 ms MarkObjects: 4.056900 ms  DeleteObjects: 0.248200 ms)

Prepare: number of updated asset objects reloaded= 0
AssetImportParameters requested are different than current active one (requested -> active):
  custom:container-demuxer-ogg: 62fdf1f143b41e24485cea50d1cbac27 -> 
  custom:video-decoder-ogg-theora: a1e56fd34408186e4bbccfd4996cb3dc -> 
  custom:framework-win-MediaFoundation: 216162199b28c13a410421893ffa2e32 -> 
  custom:CustomObjectIndexerAttribute: 9a22284fe3817be447336de3de66b15e -> 
  custom:container-demuxer-webm: 4f35f7cbe854078d1ac9338744f61a02 -> 
  custom:container-muxer-webm: aa71ff27fc2769a1b78a27578f13a17b -> 
  custom:video-decoder-webm-vp8: 9c59270c3fd7afecdb556c50c9e8de78 -> 
  custom:SearchIndexIgnoredProperties: e643bd26f0fe6173181afceb89e7c659 -> 
  custom:AudioImporter_EditorPlatform: d09bf68614088b80899f8185d706f6e7 -> 
  custom:video-encoder-webm-vp8: eb34c28f22e8b96e1ab97ce403110664 -> 
  custom:audio-decoder-ogg-vorbis: bf7c407c2cedff20999df2af8eb42d56 -> 
  custom:audio-encoder-webm-vorbis: bf7c407c2cedff20999df2af8eb42d56 -> 
========================================================================
Received Prepare
Caller must complete domain reload
Begin MonoManager ReloadAssembly
- Loaded All Assemblies, in  0.490 seconds
Native extension for WindowsStandalone target not found
Native extension for WebGL target not found
Mono: successfully reloaded assembly
- Finished resetting the current domain, in  1.917 seconds
Domain Reload Profiling: 2404ms
	BeginReloadAssembly (157ms)
		ExecutionOrderSort (0ms)
		DisableScriptedObjects (10ms)
		BackupInstance (0ms)
		ReleaseScriptingObjects (0ms)
		CreateAndSetChildDomain (36ms)
	RebuildCommonClasses (31ms)
	RebuildNativeTypeToScriptingClass (9ms)
	initialDomainReloadingComplete (29ms)
	LoadAllAssembliesAndSetupDomain (260ms)
		LoadAssemblies (321ms)
		RebuildTransferFunctionScriptingTraits (0ms)
		AnalyzeDomain (16ms)
			TypeCache.Refresh (7ms)
				TypeCache.ScanAssembly (0ms)
			ScanForSourceGeneratedMonoScriptInfo (0ms)
			ResolveRequiredComponents (7ms)
	FinalizeReload (1918ms)
		ReleaseScriptCaches (0ms)
		RebuildScriptCaches (0ms)
		SetupLoadedEditorAssemblies (1025ms)
			LogAssemblyErrors (0ms)
			InitializePlatformSupportModulesInManaged (13ms)
			SetLoadedEditorAssemblies (7ms)
			RefreshPlugins (0ms)
			BeforeProcessingInitializeOnLoad (140ms)
			ProcessInitializeOnLoadAttributes (808ms)
			ProcessInitializeOnLoadMethodAttributes (44ms)
			AfterProcessingInitializeOnLoad (12ms)
			EditorAssembliesLoaded (0ms)
		ExecutionOrderSort2 (0ms)
		AwakeInstancesAfterBackupRestoration (21ms)
Refreshing native plugins compatible for Editor in 9.86 ms, found 4 plugins.
Preloading 0 native plugins for Editor in 0.00 ms.
Unloading 4359 Unused Serialized files (Serialized files now loaded: 0)
Unloading 25 unused Assets / (213.5 KB). Loaded Objects now: 5049.
Memory consumption went from 151.2 MB to 151.0 MB.
Total: 7.914700 ms (FindLiveObjects: 0.490000 ms CreateObjectMapping: 0.526500 ms MarkObjects: 6.595200 ms  DeleteObjects: 0.301200 ms)

Prepare: number of updated asset objects reloaded= 0
AssetImportParameters requested are different than current active one (requested -> active):
  custom:container-demuxer-ogg: 62fdf1f143b41e24485cea50d1cbac27 -> 
  custom:video-decoder-ogg-theora: a1e56fd34408186e4bbccfd4996cb3dc -> 
  custom:framework-win-MediaFoundation: 216162199b28c13a410421893ffa2e32 -> 
  custom:CustomObjectIndexerAttribute: 9a22284fe3817be447336de3de66b15e -> 
  custom:container-demuxer-webm: 4f35f7cbe854078d1ac9338744f61a02 -> 
  custom:container-muxer-webm: aa71ff27fc2769a1b78a27578f13a17b -> 
  custom:video-decoder-webm-vp8: 9c59270c3fd7afecdb556c50c9e8de78 -> 
  custom:SearchIndexIgnoredProperties: e643bd26f0fe6173181afceb89e7c659 -> 
  custom:AudioImporter_EditorPlatform: d09bf68614088b80899f8185d706f6e7 -> 
  custom:video-encoder-webm-vp8: eb34c28f22e8b96e1ab97ce403110664 -> 
  custom:audio-decoder-ogg-vorbis: bf7c407c2cedff20999df2af8eb42d56 -> 
  custom:audio-encoder-webm-vorbis: bf7c407c2cedff20999df2af8eb42d56 -> 
========================================================================
Received Import Request.
  Time since last request: 1230.454258 seconds.
  path: Assets/Tiles/main_lev_build_1.asset
  artifactKey: Guid(47aa15c5321373f44bd95c3578224401) Importer(815301076,1909f56bfc062723c751e8b465ee728b)
Start importing Assets/Tiles/main_lev_build_1.asset using Guid(47aa15c5321373f44bd95c3578224401) Importer(815301076,1909f56bfc062723c751e8b465ee728b) [PhysX] Initialized MultithreadedTaskDispatcher with 12 workers.
 -> (artifact id: '77a9c439b60e8886759ef4972b350a2b') in 0.165878 seconds
Number of updated asset objects reloaded before import = 0
Number of asset objects unloaded after import = 3
========================================================================
Received Import Request.
  Time since last request: 0.000033 seconds.
  path: Assets/Tiles/main_lev_build_8.asset
  artifactKey: Guid(7388c88562233db4486587b20fd05758) Importer(815301076,1909f56bfc062723c751e8b465ee728b)
Start importing Assets/Tiles/main_lev_build_8.asset using Guid(7388c88562233db4486587b20fd05758) Importer(815301076,1909f56bfc062723c751e8b465ee728b) [PhysX] Initialized MultithreadedTaskDispatcher with 12 workers.
 -> (artifact id: '5b9dbea09ee926cbe69c9313dbc1db4c') in 0.023243 seconds
Number of updated asset objects reloaded before import = 0
Number of asset objects unloaded after import = 3
========================================================================
Received Import Request.
  Time since last request: 0.000031 seconds.
  path: Assets/Tiles/main_lev_build_38.asset
  artifactKey: Guid(d1a4c1d32caee34498b1747b0cdbb04a) Importer(815301076,1909f56bfc062723c751e8b465ee728b)
Start importing Assets/Tiles/main_lev_build_38.asset using Guid(d1a4c1d32caee34498b1747b0cdbb04a) Importer(815301076,1909f56bfc062723c751e8b465ee728b) [PhysX] Initialized MultithreadedTaskDispatcher with 12 workers.
 -> (artifact id: 'bc59dde7bbd1b7703f3c750b2309072a') in 0.026837 seconds
Number of updated asset objects reloaded before import = 0
Number of asset objects unloaded after import = 3
========================================================================
Received Import Request.
  Time since last request: 0.000020 seconds.
  path: Assets/Tiles/main_lev_build_16.asset
  artifactKey: Guid(25d89f29950823a4aa583067c97db127) Importer(815301076,1909f56bfc062723c751e8b465ee728b)
Start importing Assets/Tiles/main_lev_build_16.asset using Guid(25d89f29950823a4aa583067c97db127) Importer(815301076,1909f56bfc062723c751e8b465ee728b) [PhysX] Initialized MultithreadedTaskDispatcher with 12 workers.
 -> (artifact id: 'bf417767867b4f3e0a8de3c37693c84a') in 0.028747 seconds
Number of updated asset objects reloaded before import = 0
Number of asset objects unloaded after import = 3
========================================================================
Received Import Request.
  Time since last request: 0.000024 seconds.
  path: Assets/Tiles/main_lev_build_18.asset
  artifactKey: Guid(eddd6cd443512b24db84b04e50734365) Importer(815301076,1909f56bfc062723c751e8b465ee728b)
Start importing Assets/Tiles/main_lev_build_18.asset using Guid(eddd6cd443512b24db84b04e50734365) Importer(815301076,1909f56bfc062723c751e8b465ee728b) [PhysX] Initialized MultithreadedTaskDispatcher with 12 workers.
 -> (artifact id: '5b64fa703f3115f038581ce73a103658') in 0.024442 seconds
Number of updated asset objects reloaded before import = 0
Number of asset objects unloaded after import = 3
========================================================================
Received Import Request.
  Time since last request: 0.000025 seconds.
  path: Assets/Tiles/main_lev_build_25.asset
  artifactKey: Guid(e648667cf8143f7408801a9d61f68235) Importer(815301076,1909f56bfc062723c751e8b465ee728b)
Start importing Assets/Tiles/main_lev_build_25.asset using Guid(e648667cf8143f7408801a9d61f68235) Importer(815301076,1909f56bfc062723c751e8b465ee728b) [PhysX] Initialized MultithreadedTaskDispatcher with 12 workers.
 -> (artifact id: 'a7c2022776f9cd4c5fcd8499504ab745') in 0.028101 seconds
Number of updated asset objects reloaded before import = 0
Number of asset objects unloaded after import = 3
========================================================================
Received Import Request.
  Time since last request: 0.000034 seconds.
  path: Assets/Tiles/main_lev_build_24.asset
  artifactKey: Guid(42cede518aa8b6645a86c867b4381839) Importer(815301076,1909f56bfc062723c751e8b465ee728b)
Start importing Assets/Tiles/main_lev_build_24.asset using Guid(42cede518aa8b6645a86c867b4381839) Importer(815301076,1909f56bfc062723c751e8b465ee728b) [PhysX] Initialized MultithreadedTaskDispatcher with 12 workers.
 -> (artifact id: 'dbaa7a0703ae732a99c95a069b593509') in 0.022100 seconds
Number of updated asset objects reloaded before import = 0
Number of asset objects unloaded after import = 3
========================================================================
Received Import Request.
  Time since last request: 0.000031 seconds.
  path: Assets/Tiles/main_lev_build_54.asset
  artifactKey: Guid(9fbaa925bf940f84c91ee858e01beef5) Importer(815301076,1909f56bfc062723c751e8b465ee728b)
Start importing Assets/Tiles/main_lev_build_54.asset using Guid(9fbaa925bf940f84c91ee858e01beef5) Importer(815301076,1909f56bfc062723c751e8b465ee728b) [PhysX] Initialized MultithreadedTaskDispatcher with 12 workers.
 -> (artifact id: '205288629a38be912a36694d6d710416') in 0.023874 seconds
Number of updated asset objects reloaded before import = 0
Number of asset objects unloaded after import = 3
========================================================================
Received Import Request.
  Time since last request: 0.000023 seconds.
  path: Assets/Tiles/main_lev_build_20.asset
  artifactKey: Guid(e018ee4bc6469004fbf84fd18efd2aa1) Importer(815301076,1909f56bfc062723c751e8b465ee728b)
Start importing Assets/Tiles/main_lev_build_20.asset using Guid(e018ee4bc6469004fbf84fd18efd2aa1) Importer(815301076,1909f56bfc062723c751e8b465ee728b) [PhysX] Initialized MultithreadedTaskDispatcher with 12 workers.
 -> (artifact id: '1ebd1faaf33993c48e4eb0d65a5fd015') in 0.027605 seconds
Number of updated asset objects reloaded before import = 0
Number of asset objects unloaded after import = 3
========================================================================
Received Import Request.
  Time since last request: 0.000024 seconds.
  path: Assets/Tiles/main_lev_build_32.asset
  artifactKey: Guid(39bfc364af37d874899a203a32227c0d) Importer(815301076,1909f56bfc062723c751e8b465ee728b)
Start importing Assets/Tiles/main_lev_build_32.asset using Guid(39bfc364af37d874899a203a32227c0d) Importer(815301076,1909f56bfc062723c751e8b465ee728b) [PhysX] Initialized MultithreadedTaskDispatcher with 12 workers.
 -> (artifact id: 'ce923519554fcec43ecd59f9ed30d9f6') in 0.027565 seconds
Number of updated asset objects reloaded before import = 0
Number of asset objects unloaded after import = 3
========================================================================
Received Import Request.
  Time since last request: 0.000027 seconds.
  path: Assets/Tiles/main_lev_build_28.asset
  artifactKey: Guid(32ba0e49f2860ad428a61a1b80fe7b50) Importer(815301076,1909f56bfc062723c751e8b465ee728b)
Start importing Assets/Tiles/main_lev_build_28.asset using Guid(32ba0e49f2860ad428a61a1b80fe7b50) Importer(815301076,1909f56bfc062723c751e8b465ee728b) [PhysX] Initialized MultithreadedTaskDispatcher with 12 workers.
 -> (artifact id: 'cdc85092a0840dfc806c8f735ed9e65a') in 0.028130 seconds
Number of updated asset objects reloaded before import = 0
Number of asset objects unloaded after import = 3
========================================================================
Received Import Request.
  Time since last request: 0.000039 seconds.
  path: Assets/Tiles/main_lev_build_55.asset
  artifactKey: Guid(7a4480cd8cf2c774c9aff035c6239c00) Importer(815301076,1909f56bfc062723c751e8b465ee728b)
Start importing Assets/Tiles/main_lev_build_55.asset using Guid(7a4480cd8cf2c774c9aff035c6239c00) Importer(815301076,1909f56bfc062723c751e8b465ee728b) [PhysX] Initialized MultithreadedTaskDispatcher with 12 workers.
 -> (artifact id: 'f8f1352604311bae3d1893b43cc3b67f') in 0.029968 seconds
Number of updated asset objects reloaded before import = 0
Number of asset objects unloaded after import = 3
========================================================================
Received Import Request.
  Time since last request: 0.000025 seconds.
  path: Assets/Tiles/main_lev_build_40.asset
  artifactKey: Guid(4662a2cb5d6e1fd4b9dc1a8657eb3530) Importer(815301076,1909f56bfc062723c751e8b465ee728b)
Start importing Assets/Tiles/main_lev_build_40.asset using Guid(4662a2cb5d6e1fd4b9dc1a8657eb3530) Importer(815301076,1909f56bfc062723c751e8b465ee728b) [PhysX] Initialized MultithreadedTaskDispatcher with 12 workers.
 -> (artifact id: 'ceddb4cb50f74f49b7def818a5401e7a') in 0.025944 seconds
Number of updated asset objects reloaded before import = 0
Number of asset objects unloaded after import = 3
========================================================================
Received Import Request.
  Time since last request: 0.000038 seconds.
  path: Assets/Tiles/main_lev_build_46.asset
  artifactKey: Guid(1f62d597b9de21a42946bb8865f03ed3) Importer(815301076,1909f56bfc062723c751e8b465ee728b)
Start importing Assets/Tiles/main_lev_build_46.asset using Guid(1f62d597b9de21a42946bb8865f03ed3) Importer(815301076,1909f56bfc062723c751e8b465ee728b) [PhysX] Initialized MultithreadedTaskDispatcher with 12 workers.
 -> (artifact id: '6fd37895082f2835927b8c31e3b0a35a') in 0.022437 seconds
Number of updated asset objects reloaded before import = 0
Number of asset objects unloaded after import = 3
========================================================================
Received Import Request.
  Time since last request: 0.000023 seconds.
  path: Assets/Tiles/main_lev_build_29.asset
  artifactKey: Guid(426bfc691be4bba44baa5573254511f8) Importer(815301076,1909f56bfc062723c751e8b465ee728b)
Start importing Assets/Tiles/main_lev_build_29.asset using Guid(426bfc691be4bba44baa5573254511f8) Importer(815301076,1909f56bfc062723c751e8b465ee728b) [PhysX] Initialized MultithreadedTaskDispatcher with 12 workers.
 -> (artifact id: 'cb38330eecab2a0531e6f9c340bb6364') in 0.023521 seconds
Number of updated asset objects reloaded before import = 0
Number of asset objects unloaded after import = 3
========================================================================
Received Import Request.
  Time since last request: 0.000031 seconds.
  path: Assets/Tiles/main_lev_build_47.asset
  artifactKey: Guid(aa6e65e12da828347b58dac6a1cb242e) Importer(815301076,1909f56bfc062723c751e8b465ee728b)
Start importing Assets/Tiles/main_lev_build_47.asset using Guid(aa6e65e12da828347b58dac6a1cb242e) Importer(815301076,1909f56bfc062723c751e8b465ee728b) [PhysX] Initialized MultithreadedTaskDispatcher with 12 workers.
 -> (artifact id: 'bf1cb7dd2fcb8644a790b971e3e42fb4') in 0.022202 seconds
Number of updated asset objects reloaded before import = 0
Number of asset objects unloaded after import = 3
========================================================================
Received Import Request.
  Time since last request: 0.000021 seconds.
  path: Assets/Tiles/main_lev_build_3.asset
  artifactKey: Guid(b29fcff3911d5884781f31d3a4d281fe) Importer(815301076,1909f56bfc062723c751e8b465ee728b)
Start importing Assets/Tiles/main_lev_build_3.asset using Guid(b29fcff3911d5884781f31d3a4d281fe) Importer(815301076,1909f56bfc062723c751e8b465ee728b) [PhysX] Initialized MultithreadedTaskDispatcher with 12 workers.
 -> (artifact id: 'f514bbc95a6408cd987b228e1a04a5dc') in 0.024593 seconds
Number of updated asset objects reloaded before import = 0
Number of asset objects unloaded after import = 3
========================================================================
Received Import Request.
  Time since last request: 0.000022 seconds.
  path: Assets/Tiles/main_lev_build_15.asset
  artifactKey: Guid(ab55540e669d6d64ab41d595c1e59653) Importer(815301076,1909f56bfc062723c751e8b465ee728b)
Start importing Assets/Tiles/main_lev_build_15.asset using Guid(ab55540e669d6d64ab41d595c1e59653) Importer(815301076,1909f56bfc062723c751e8b465ee728b) [PhysX] Initialized MultithreadedTaskDispatcher with 12 workers.
 -> (artifact id: '7a23d149330d2729ad333fbdb9fbe603') in 0.023697 seconds
Number of updated asset objects reloaded before import = 0
Number of asset objects unloaded after import = 3
========================================================================
Received Import Request.
  Time since last request: 0.000063 seconds.
  path: Assets/Tiles/main_lev_build_5.asset
  artifactKey: Guid(fb51e9e01f234ce4fbd5d211ac8276cb) Importer(815301076,1909f56bfc062723c751e8b465ee728b)
Start importing Assets/Tiles/main_lev_build_5.asset using Guid(fb51e9e01f234ce4fbd5d211ac8276cb) Importer(815301076,1909f56bfc062723c751e8b465ee728b) [PhysX] Initialized MultithreadedTaskDispatcher with 12 workers.
 -> (artifact id: '88805741b41e3418f40d30461db539a0') in 0.032167 seconds
Number of updated asset objects reloaded before import = 0
Number of asset objects unloaded after import = 3
========================================================================
Received Import Request.
  Time since last request: 0.000103 seconds.
  path: Assets/Tiles/main_lev_build_26.asset
  artifactKey: Guid(d63ed760cbf48e345909d5f15ffd56c2) Importer(815301076,1909f56bfc062723c751e8b465ee728b)
Start importing Assets/Tiles/main_lev_build_26.asset using Guid(d63ed760cbf48e345909d5f15ffd56c2) Importer(815301076,1909f56bfc062723c751e8b465ee728b) [PhysX] Initialized MultithreadedTaskDispatcher with 12 workers.
 -> (artifact id: 'b957711ed5a9ace22f70367bf499defe') in 0.030267 seconds
Number of updated asset objects reloaded before import = 0
Number of asset objects unloaded after import = 3
========================================================================
Received Import Request.
  Time since last request: 0.000118 seconds.
  path: Assets/Tiles/main_lev_build_17.asset
  artifactKey: Guid(69f9a0997e65d9a468eec686a23c1aea) Importer(815301076,1909f56bfc062723c751e8b465ee728b)
Start importing Assets/Tiles/main_lev_build_17.asset using Guid(69f9a0997e65d9a468eec686a23c1aea) Importer(815301076,1909f56bfc062723c751e8b465ee728b) [PhysX] Initialized MultithreadedTaskDispatcher with 12 workers.
 -> (artifact id: '9d48af1ded2dbe048bda633a083a1975') in 0.027949 seconds
Number of updated asset objects reloaded before import = 0
Number of asset objects unloaded after import = 3
========================================================================
Received Import Request.
  Time since last request: 0.000027 seconds.
  path: Assets/Tiles/main_lev_build_33.asset
  artifactKey: Guid(9fe609af36803584ba37ee58111efcd9) Importer(815301076,1909f56bfc062723c751e8b465ee728b)
Start importing Assets/Tiles/main_lev_build_33.asset using Guid(9fe609af36803584ba37ee58111efcd9) Importer(815301076,1909f56bfc062723c751e8b465ee728b) [PhysX] Initialized MultithreadedTaskDispatcher with 12 workers.
 -> (artifact id: 'cb119275a380536f5344cdcb2fbee3a2') in 0.024842 seconds
Number of updated asset objects reloaded before import = 0
Number of asset objects unloaded after import = 3
========================================================================
Received Import Request.
  Time since last request: 0.000029 seconds.
  path: Assets/Tiles/main_lev_build_11.asset
  artifactKey: Guid(c7db7283c3e81524bbf2d80e86584a51) Importer(815301076,1909f56bfc062723c751e8b465ee728b)
Start importing Assets/Tiles/main_lev_build_11.asset using Guid(c7db7283c3e81524bbf2d80e86584a51) Importer(815301076,1909f56bfc062723c751e8b465ee728b) [PhysX] Initialized MultithreadedTaskDispatcher with 12 workers.
 -> (artifact id: '98c4adbe612f703158bfbee1586ea8b4') in 0.025352 seconds
Number of updated asset objects reloaded before import = 0
Number of asset objects unloaded after import = 3
========================================================================
Received Import Request.
  Time since last request: 0.000033 seconds.
  path: Assets/Tiles/main_lev_build_49.asset
  artifactKey: Guid(c5fd88c7e6c5dff4bb0626ebfe810f22) Importer(815301076,1909f56bfc062723c751e8b465ee728b)
Start importing Assets/Tiles/main_lev_build_49.asset using Guid(c5fd88c7e6c5dff4bb0626ebfe810f22) Importer(815301076,1909f56bfc062723c751e8b465ee728b) [PhysX] Initialized MultithreadedTaskDispatcher with 12 workers.
 -> (artifact id: 'a9c767655ef26289fabbec7cabef6fe1') in 0.052123 seconds
Number of updated asset objects reloaded before import = 0
Number of asset objects unloaded after import = 3
========================================================================
Received Import Request.
  Time since last request: 0.000037 seconds.
  path: Assets/Tiles/main_lev_build_72.asset
  artifactKey: Guid(b5b825b6ab7d80d48992ecbdba1b4d74) Importer(815301076,1909f56bfc062723c751e8b465ee728b)
Start importing Assets/Tiles/main_lev_build_72.asset using Guid(b5b825b6ab7d80d48992ecbdba1b4d74) Importer(815301076,1909f56bfc062723c751e8b465ee728b) [PhysX] Initialized MultithreadedTaskDispatcher with 12 workers.
 -> (artifact id: '3e63d2cf43d1f9a1883f35d12492d82b') in 0.025110 seconds
Number of updated asset objects reloaded before import = 0
Number of asset objects unloaded after import = 3
========================================================================
Received Import Request.
  Time since last request: 0.000024 seconds.
  path: Assets/Tiles/main_lev_build_59.asset
  artifactKey: Guid(4c80f95a4a7d4344aa56555d64b1bb49) Importer(815301076,1909f56bfc062723c751e8b465ee728b)
Start importing Assets/Tiles/main_lev_build_59.asset using Guid(4c80f95a4a7d4344aa56555d64b1bb49) Importer(815301076,1909f56bfc062723c751e8b465ee728b) [PhysX] Initialized MultithreadedTaskDispatcher with 12 workers.
 -> (artifact id: '36c5d2140e7cfbd1387b6c23090a572c') in 0.025827 seconds
Number of updated asset objects reloaded before import = 0
Number of asset objects unloaded after import = 3
========================================================================
Received Import Request.
  Time since last request: 0.000035 seconds.
  path: Assets/Tiles/main_lev_build_84.asset
  artifactKey: Guid(6091704b7d83a914b8be147e49805b2d) Importer(815301076,1909f56bfc062723c751e8b465ee728b)
Start importing Assets/Tiles/main_lev_build_84.asset using Guid(6091704b7d83a914b8be147e49805b2d) Importer(815301076,1909f56bfc062723c751e8b465ee728b) [PhysX] Initialized MultithreadedTaskDispatcher with 12 workers.
 -> (artifact id: '95b1d5d83fdd48604504c586a565274e') in 0.023271 seconds
Number of updated asset objects reloaded before import = 0
Number of asset objects unloaded after import = 3
========================================================================
Received Import Request.
  Time since last request: 0.000038 seconds.
  path: Assets/Tiles/main_lev_build_80.asset
  artifactKey: Guid(74e4cf8f8a64efc48962debbadb62fe2) Importer(815301076,1909f56bfc062723c751e8b465ee728b)
Start importing Assets/Tiles/main_lev_build_80.asset using Guid(74e4cf8f8a64efc48962debbadb62fe2) Importer(815301076,1909f56bfc062723c751e8b465ee728b) [PhysX] Initialized MultithreadedTaskDispatcher with 12 workers.
 -> (artifact id: 'c13983d2c9de8825ed03cea017c18a14') in 0.022247 seconds
Number of updated asset objects reloaded before import = 0
Number of asset objects unloaded after import = 3
========================================================================
Received Import Request.
  Time since last request: 0.000023 seconds.
  path: Assets/Tiles/main_lev_build_100.asset
  artifactKey: Guid(f891b6717dc6d104ab9b7af9afd8cbc7) Importer(815301076,1909f56bfc062723c751e8b465ee728b)
Start importing Assets/Tiles/main_lev_build_100.asset using Guid(f891b6717dc6d104ab9b7af9afd8cbc7) Importer(815301076,1909f56bfc062723c751e8b465ee728b) [PhysX] Initialized MultithreadedTaskDispatcher with 12 workers.
 -> (artifact id: 'eb06b30325dd5b774aca75c8d09b2cdb') in 0.022492 seconds
Number of updated asset objects reloaded before import = 0
Number of asset objects unloaded after import = 3
========================================================================
Received Import Request.
  Time since last request: 0.000037 seconds.
  path: Assets/Tiles/main_lev_build_76.asset
  artifactKey: Guid(0343a65f2de37164e8fe6f63e3cefd45) Importer(815301076,1909f56bfc062723c751e8b465ee728b)
Start importing Assets/Tiles/main_lev_build_76.asset using Guid(0343a65f2de37164e8fe6f63e3cefd45) Importer(815301076,1909f56bfc062723c751e8b465ee728b) [PhysX] Initialized MultithreadedTaskDispatcher with 12 workers.
 -> (artifact id: '125c06d84c24effd9f19ec8bb48f2ead') in 0.022144 seconds
Number of updated asset objects reloaded before import = 0
Number of asset objects unloaded after import = 3
========================================================================
Received Import Request.
  Time since last request: 0.000136 seconds.
  path: Assets/Tiles/main_lev_build_65.asset
  artifactKey: Guid(f49477e7d4c239f4391847527a74f6c7) Importer(815301076,1909f56bfc062723c751e8b465ee728b)
Start importing Assets/Tiles/main_lev_build_65.asset using Guid(f49477e7d4c239f4391847527a74f6c7) Importer(815301076,1909f56bfc062723c751e8b465ee728b) [PhysX] Initialized MultithreadedTaskDispatcher with 12 workers.
 -> (artifact id: '7900c1eaf73bf50099e27b7f694a6f57') in 0.021715 seconds
Number of updated asset objects reloaded before import = 0
Number of asset objects unloaded after import = 3
========================================================================
Received Import Request.
  Time since last request: 0.000025 seconds.
  path: Assets/Tiles/main_lev_build_67.asset
  artifactKey: Guid(852e2f1f7c562fd42a326d047bc44871) Importer(815301076,1909f56bfc062723c751e8b465ee728b)
Start importing Assets/Tiles/main_lev_build_67.asset using Guid(852e2f1f7c562fd42a326d047bc44871) Importer(815301076,1909f56bfc062723c751e8b465ee728b) [PhysX] Initialized MultithreadedTaskDispatcher with 12 workers.
 -> (artifact id: '544827ee4ab4aad1d4654b850328447c') in 0.029804 seconds
Number of updated asset objects reloaded before import = 0
Number of asset objects unloaded after import = 3
========================================================================
Received Import Request.
  Time since last request: 0.000031 seconds.
  path: Assets/Tiles/main_lev_build_89.asset
  artifactKey: Guid(e10082d9968015b4bb34fb5a91b11117) Importer(815301076,1909f56bfc062723c751e8b465ee728b)
Start importing Assets/Tiles/main_lev_build_89.asset using Guid(e10082d9968015b4bb34fb5a91b11117) Importer(815301076,1909f56bfc062723c751e8b465ee728b) [PhysX] Initialized MultithreadedTaskDispatcher with 12 workers.
 -> (artifact id: 'dad6aba26054650a581f2ab04fee4d39') in 0.030656 seconds
Number of updated asset objects reloaded before import = 0
Number of asset objects unloaded after import = 3
========================================================================
Received Import Request.
  Time since last request: 0.000031 seconds.
  path: Assets/Tiles/main_lev_build_90.asset
  artifactKey: Guid(00133837aebcb5048a5c2e9a258f70dc) Importer(815301076,1909f56bfc062723c751e8b465ee728b)
Start importing Assets/Tiles/main_lev_build_90.asset using Guid(00133837aebcb5048a5c2e9a258f70dc) Importer(815301076,1909f56bfc062723c751e8b465ee728b) [PhysX] Initialized MultithreadedTaskDispatcher with 12 workers.
 -> (artifact id: '8d68cd41b8b1d1493dddc6592622853c') in 0.086363 seconds
Number of updated asset objects reloaded before import = 0
Number of asset objects unloaded after import = 3
========================================================================
Received Import Request.
  Time since last request: 0.000031 seconds.
  path: Assets/Tiles/main_lev_build_63.asset
  artifactKey: Guid(b8243805dedd39d4cb17446780c0fcd0) Importer(815301076,1909f56bfc062723c751e8b465ee728b)
Start importing Assets/Tiles/main_lev_build_63.asset using Guid(b8243805dedd39d4cb17446780c0fcd0) Importer(815301076,1909f56bfc062723c751e8b465ee728b) [PhysX] Initialized MultithreadedTaskDispatcher with 12 workers.
 -> (artifact id: 'f34bd6e6f591f966e757d6dfe87983d6') in 0.037138 seconds
Number of updated asset objects reloaded before import = 0
Number of asset objects unloaded after import = 3
========================================================================
Received Import Request.
  Time since last request: 0.000024 seconds.
  path: Assets/Tiles/main_lev_build_102.asset
  artifactKey: Guid(4ad4b174b9c189547998ed869fce5902) Importer(815301076,1909f56bfc062723c751e8b465ee728b)
Start importing Assets/Tiles/main_lev_build_102.asset using Guid(4ad4b174b9c189547998ed869fce5902) Importer(815301076,1909f56bfc062723c751e8b465ee728b) [PhysX] Initialized MultithreadedTaskDispatcher with 12 workers.
 -> (artifact id: 'af2ffc0b633b9c68aa0e6e6b019a8a54') in 0.023286 seconds
Number of updated asset objects reloaded before import = 0
Number of asset objects unloaded after import = 3
========================================================================
Received Import Request.
  Time since last request: 0.000036 seconds.
  path: Assets/Tiles/main_lev_build_77.asset
  artifactKey: Guid(95653f5269e8e5a438b73c1edaad2c07) Importer(815301076,1909f56bfc062723c751e8b465ee728b)
Start importing Assets/Tiles/main_lev_build_77.asset using Guid(95653f5269e8e5a438b73c1edaad2c07) Importer(815301076,1909f56bfc062723c751e8b465ee728b) [PhysX] Initialized MultithreadedTaskDispatcher with 12 workers.
 -> (artifact id: '0049f75476c7b63b80c368bf7e89c5f2') in 0.020963 seconds
Number of updated asset objects reloaded before import = 0
Number of asset objects unloaded after import = 3
========================================================================
Received Import Request.
  Time since last request: 0.000037 seconds.
  path: Assets/Tiles/main_lev_build_66.asset
  artifactKey: Guid(2e0b31f48ca48024b938be3d53b958c3) Importer(815301076,1909f56bfc062723c751e8b465ee728b)
Start importing Assets/Tiles/main_lev_build_66.asset using Guid(2e0b31f48ca48024b938be3d53b958c3) Importer(815301076,1909f56bfc062723c751e8b465ee728b) [PhysX] Initialized MultithreadedTaskDispatcher with 12 workers.
 -> (artifact id: '0461bc3906d5d980ec6c826628b2310a') in 0.021375 seconds
Number of updated asset objects reloaded before import = 0
Number of asset objects unloaded after import = 3
========================================================================
Received Import Request.
  Time since last request: 0.000023 seconds.
  path: Assets/Tiles/main_lev_build_81.asset
  artifactKey: Guid(a124d0bb58fe81543bf50067e42ccc41) Importer(815301076,1909f56bfc062723c751e8b465ee728b)
Start importing Assets/Tiles/main_lev_build_81.asset using Guid(a124d0bb58fe81543bf50067e42ccc41) Importer(815301076,1909f56bfc062723c751e8b465ee728b) [PhysX] Initialized MultithreadedTaskDispatcher with 12 workers.
 -> (artifact id: '1d5a56501c0e643bd266ba57910f9ecb') in 0.022244 seconds
Number of updated asset objects reloaded before import = 0
Number of asset objects unloaded after import = 3
========================================================================
Received Import Request.
  Time since last request: 0.000020 seconds.
  path: Assets/Tiles/main_lev_build_91.asset
  artifactKey: Guid(df7e24e9eb00ffc40af0bebd0fa28633) Importer(815301076,1909f56bfc062723c751e8b465ee728b)
Start importing Assets/Tiles/main_lev_build_91.asset using Guid(df7e24e9eb00ffc40af0bebd0fa28633) Importer(815301076,1909f56bfc062723c751e8b465ee728b) [PhysX] Initialized MultithreadedTaskDispatcher with 12 workers.
 -> (artifact id: 'dacd81b0c44abd825d461c6bbf9d351c') in 0.021835 seconds
Number of updated asset objects reloaded before import = 0
Number of asset objects unloaded after import = 3
========================================================================
Received Import Request.
  Time since last request: 0.000019 seconds.
  path: Assets/Tiles/main_lev_build_88.asset
  artifactKey: Guid(a4fafab4bd12a6d4c986718bf177fc86) Importer(815301076,1909f56bfc062723c751e8b465ee728b)
Start importing Assets/Tiles/main_lev_build_88.asset using Guid(a4fafab4bd12a6d4c986718bf177fc86) Importer(815301076,1909f56bfc062723c751e8b465ee728b) [PhysX] Initialized MultithreadedTaskDispatcher with 12 workers.
 -> (artifact id: 'd245135bc05f5dd9bb232f501fb35185') in 0.021639 seconds
Number of updated asset objects reloaded before import = 0
Number of asset objects unloaded after import = 3
========================================================================
Received Import Request.
  Time since last request: 0.000031 seconds.
  path: Assets/Tiles/main_lev_build_79.asset
  artifactKey: Guid(21f19162fd6c4c34d929975c395ec102) Importer(815301076,1909f56bfc062723c751e8b465ee728b)
Start importing Assets/Tiles/main_lev_build_79.asset using Guid(21f19162fd6c4c34d929975c395ec102) Importer(815301076,1909f56bfc062723c751e8b465ee728b) [PhysX] Initialized MultithreadedTaskDispatcher with 12 workers.
 -> (artifact id: '1ac8d93a88ebe1e4a4ab72bcfba79e9b') in 0.023818 seconds
Number of updated asset objects reloaded before import = 0
Number of asset objects unloaded after import = 3
========================================================================
Received Import Request.
  Time since last request: 0.000034 seconds.
  path: Assets/Tiles/main_lev_build_103.asset
  artifactKey: Guid(b5aab1588e34f944880bc9d6535ed565) Importer(815301076,1909f56bfc062723c751e8b465ee728b)
Start importing Assets/Tiles/main_lev_build_103.asset using Guid(b5aab1588e34f944880bc9d6535ed565) Importer(815301076,1909f56bfc062723c751e8b465ee728b) [PhysX] Initialized MultithreadedTaskDispatcher with 12 workers.
 -> (artifact id: 'a90832034879a8bb006b4aa2d530487a') in 0.022572 seconds
Number of updated asset objects reloaded before import = 0
Number of asset objects unloaded after import = 3
========================================================================
Received Import Request.
  Time since last request: 0.000021 seconds.
  path: Assets/Tiles/main_lev_build_68.asset
  artifactKey: Guid(3a4237a10680e9140a4e72eec2218191) Importer(815301076,1909f56bfc062723c751e8b465ee728b)
Start importing Assets/Tiles/main_lev_build_68.asset using Guid(3a4237a10680e9140a4e72eec2218191) Importer(815301076,1909f56bfc062723c751e8b465ee728b) [PhysX] Initialized MultithreadedTaskDispatcher with 12 workers.
 -> (artifact id: '70e0e14ea5bb7985a4c150ae96bf6346') in 0.023144 seconds
Number of updated asset objects reloaded before import = 0
Number of asset objects unloaded after import = 3
========================================================================
Received Import Request.
  Time since last request: 0.000023 seconds.
  path: Assets/Tiles/main_lev_build_73.asset
  artifactKey: Guid(d606e9ce5bead4b42833b77a85cc457d) Importer(815301076,1909f56bfc062723c751e8b465ee728b)
Start importing Assets/Tiles/main_lev_build_73.asset using Guid(d606e9ce5bead4b42833b77a85cc457d) Importer(815301076,1909f56bfc062723c751e8b465ee728b) [PhysX] Initialized MultithreadedTaskDispatcher with 12 workers.
 -> (artifact id: '3fb2e4594f55fcc72a5db17ef904c321') in 0.024621 seconds
Number of updated asset objects reloaded before import = 0
Number of asset objects unloaded after import = 3
========================================================================
Received Import Request.
  Time since last request: 0.000021 seconds.
  path: Assets/Tiles/main_lev_build_51.asset
  artifactKey: Guid(9205127d802c9bd40ab055c67e817ffd) Importer(815301076,1909f56bfc062723c751e8b465ee728b)
Start importing Assets/Tiles/main_lev_build_51.asset using Guid(9205127d802c9bd40ab055c67e817ffd) Importer(815301076,1909f56bfc062723c751e8b465ee728b) [PhysX] Initialized MultithreadedTaskDispatcher with 12 workers.
 -> (artifact id: 'a32c750e256cd13282b9a5643f971e3a') in 0.025843 seconds
Number of updated asset objects reloaded before import = 0
Number of asset objects unloaded after import = 3
========================================================================
Received Import Request.
  Time since last request: 0.000034 seconds.
  path: Assets/Tiles/main_lev_build_14.asset
  artifactKey: Guid(4e937d070faa8c14a98c0b0d565285db) Importer(815301076,1909f56bfc062723c751e8b465ee728b)
Start importing Assets/Tiles/main_lev_build_14.asset using Guid(4e937d070faa8c14a98c0b0d565285db) Importer(815301076,1909f56bfc062723c751e8b465ee728b) [PhysX] Initialized MultithreadedTaskDispatcher with 12 workers.
 -> (artifact id: '77d2f0002775db171baaef6a28c71d8c') in 0.024444 seconds
Number of updated asset objects reloaded before import = 0
Number of asset objects unloaded after import = 3
========================================================================
Received Import Request.
  Time since last request: 0.000101 seconds.
  path: Assets/Tiles/main_lev_build_71.asset
  artifactKey: Guid(4d617afe3017e9f479b5c2b8a76bd5b2) Importer(815301076,1909f56bfc062723c751e8b465ee728b)
Start importing Assets/Tiles/main_lev_build_71.asset using Guid(4d617afe3017e9f479b5c2b8a76bd5b2) Importer(815301076,1909f56bfc062723c751e8b465ee728b) [PhysX] Initialized MultithreadedTaskDispatcher with 12 workers.
 -> (artifact id: 'd4e9cda7df022cb7e72c105ef05c447a') in 0.022168 seconds
Number of updated asset objects reloaded before import = 0
Number of asset objects unloaded after import = 3
========================================================================
Received Import Request.
  Time since last request: 0.000046 seconds.
  path: Assets/Tiles/main_lev_build_12.asset
  artifactKey: Guid(44f32294a8155e44c94af16847872fd0) Importer(815301076,1909f56bfc062723c751e8b465ee728b)
Start importing Assets/Tiles/main_lev_build_12.asset using Guid(44f32294a8155e44c94af16847872fd0) Importer(815301076,1909f56bfc062723c751e8b465ee728b) [PhysX] Initialized MultithreadedTaskDispatcher with 12 workers.
 -> (artifact id: '8cd9db180ae8dd5e2a5926e0d3663b02') in 0.033846 seconds
Number of updated asset objects reloaded before import = 0
Number of asset objects unloaded after import = 3
========================================================================
Received Import Request.
  Time since last request: 0.000041 seconds.
  path: Assets/Tiles/main_lev_build_95.asset
  artifactKey: Guid(0a0e095465921fc45b532ed9d479110c) Importer(815301076,1909f56bfc062723c751e8b465ee728b)
Start importing Assets/Tiles/main_lev_build_95.asset using Guid(0a0e095465921fc45b532ed9d479110c) Importer(815301076,1909f56bfc062723c751e8b465ee728b) [PhysX] Initialized MultithreadedTaskDispatcher with 12 workers.
 -> (artifact id: 'd1226675229db6bae8bf7abc1b05ede1') in 0.052432 seconds
Number of updated asset objects reloaded before import = 0
Number of asset objects unloaded after import = 3
========================================================================
Received Import Request.
  Time since last request: 0.000033 seconds.
  path: Assets/Tiles/main_lev_build_87.asset
  artifactKey: Guid(05753df62d50b24419940edafa2909b1) Importer(815301076,1909f56bfc062723c751e8b465ee728b)
Start importing Assets/Tiles/main_lev_build_87.asset using Guid(05753df62d50b24419940edafa2909b1) Importer(815301076,1909f56bfc062723c751e8b465ee728b) [PhysX] Initialized MultithreadedTaskDispatcher with 12 workers.
 -> (artifact id: '5d9fb1b87007267363544ad788779026') in 0.023376 seconds
Number of updated asset objects reloaded before import = 0
Number of asset objects unloaded after import = 3
========================================================================
Received Import Request.
  Time since last request: 2.898465 seconds.
  path: Assets/Tiles/main_lev_build_105.asset
  artifactKey: Guid(2b8137415320a0748b92fe3365d0aad0) Importer(815301076,1909f56bfc062723c751e8b465ee728b)
Start importing Assets/Tiles/main_lev_build_105.asset using Guid(2b8137415320a0748b92fe3365d0aad0) Importer(815301076,1909f56bfc062723c751e8b465ee728b) [PhysX] Initialized MultithreadedTaskDispatcher with 12 workers.
 -> (artifact id: '7dd2e828b06009e8006dc5ed354acba2') in 0.048367 seconds
Number of updated asset objects reloaded before import = 0
Number of asset objects unloaded after import = 3
========================================================================
Received Import Request.
  Time since last request: 0.000038 seconds.
  path: Assets/Tiles/main_lev_build_118.asset
  artifactKey: Guid(7c4003eb7af7d8941b5e8145eb1f0f9c) Importer(815301076,1909f56bfc062723c751e8b465ee728b)
Start importing Assets/Tiles/main_lev_build_118.asset using Guid(7c4003eb7af7d8941b5e8145eb1f0f9c) Importer(815301076,1909f56bfc062723c751e8b465ee728b) [PhysX] Initialized MultithreadedTaskDispatcher with 12 workers.
 -> (artifact id: 'b50e63cdcbdcee3573d04d70c473fc79') in 0.040563 seconds
Number of updated asset objects reloaded before import = 0
Number of asset objects unloaded after import = 3
========================================================================
Received Import Request.
  Time since last request: 0.000029 seconds.
  path: Assets/Tiles/main_lev_build_127.asset
  artifactKey: Guid(618beffb517ca5d40ab7efdf9c576f75) Importer(815301076,1909f56bfc062723c751e8b465ee728b)
Start importing Assets/Tiles/main_lev_build_127.asset using Guid(618beffb517ca5d40ab7efdf9c576f75) Importer(815301076,1909f56bfc062723c751e8b465ee728b) [PhysX] Initialized MultithreadedTaskDispatcher with 12 workers.
 -> (artifact id: '7f15ac26c7dc2a56d632eb64414d8db2') in 0.040919 seconds
Number of updated asset objects reloaded before import = 0
Number of asset objects unloaded after import = 3
========================================================================
Received Import Request.
  Time since last request: 0.000033 seconds.
  path: Assets/Tiles/main_lev_build_163.asset
  artifactKey: Guid(6caaa450ce253f249ace9eeb90550717) Importer(815301076,1909f56bfc062723c751e8b465ee728b)
Start importing Assets/Tiles/main_lev_build_163.asset using Guid(6caaa450ce253f249ace9eeb90550717) Importer(815301076,1909f56bfc062723c751e8b465ee728b) [PhysX] Initialized MultithreadedTaskDispatcher with 12 workers.
 -> (artifact id: 'f9211a1bca44247f7daa6151d87f7f00') in 0.028512 seconds
Number of updated asset objects reloaded before import = 0
Number of asset objects unloaded after import = 3
========================================================================
Received Import Request.
  Time since last request: 0.000027 seconds.
  path: Assets/Tiles/main_lev_build_140.asset
  artifactKey: Guid(19fb77086bedbef46b2def566f1cf0f2) Importer(815301076,1909f56bfc062723c751e8b465ee728b)
Start importing Assets/Tiles/main_lev_build_140.asset using Guid(19fb77086bedbef46b2def566f1cf0f2) Importer(815301076,1909f56bfc062723c751e8b465ee728b) [PhysX] Initialized MultithreadedTaskDispatcher with 12 workers.
 -> (artifact id: '3623499f53a2a3ef3b6b35effa5bdde1') in 0.335646 seconds
Number of updated asset objects reloaded before import = 0
Number of asset objects unloaded after import = 3
========================================================================
Received Import Request.
  Time since last request: 0.000023 seconds.
  path: Assets/Tiles/main_lev_build_300.asset
  artifactKey: Guid(41b6907c0eb42ce4ab4c88473bfad4b7) Importer(815301076,1909f56bfc062723c751e8b465ee728b)
Start importing Assets/Tiles/main_lev_build_300.asset using Guid(41b6907c0eb42ce4ab4c88473bfad4b7) Importer(815301076,1909f56bfc062723c751e8b465ee728b) [PhysX] Initialized MultithreadedTaskDispatcher with 12 workers.
 -> (artifact id: '4940fb92d7d37d22fc6d7b933d54ef46') in 0.050042 seconds
Number of updated asset objects reloaded before import = 0
Number of asset objects unloaded after import = 3
========================================================================
Received Import Request.
  Time since last request: 0.000040 seconds.
  path: Assets/Tiles/main_lev_build_462.asset
  artifactKey: Guid(5fa29b172f40d0646be993e7c968e10a) Importer(815301076,1909f56bfc062723c751e8b465ee728b)
Start importing Assets/Tiles/main_lev_build_462.asset using Guid(5fa29b172f40d0646be993e7c968e10a) Importer(815301076,1909f56bfc062723c751e8b465ee728b) [PhysX] Initialized MultithreadedTaskDispatcher with 12 workers.
 -> (artifact id: 'ea53c9d3355347c5401f2121c0b88c84') in 0.034432 seconds
Number of updated asset objects reloaded before import = 0
Number of asset objects unloaded after import = 3
========================================================================
Received Import Request.
  Time since last request: 0.000026 seconds.
  path: Assets/Tiles/main_lev_build_251.asset
  artifactKey: Guid(7fd9953c6a76cdc4ba3a84eb6b847e1f) Importer(815301076,1909f56bfc062723c751e8b465ee728b)
Start importing Assets/Tiles/main_lev_build_251.asset using Guid(7fd9953c6a76cdc4ba3a84eb6b847e1f) Importer(815301076,1909f56bfc062723c751e8b465ee728b) [PhysX] Initialized MultithreadedTaskDispatcher with 12 workers.
 -> (artifact id: 'a8dd9292d5f713d12abadb1917c6bd6f') in 0.034219 seconds
Number of updated asset objects reloaded before import = 0
Number of asset objects unloaded after import = 3
========================================================================
Received Import Request.
  Time since last request: 0.000024 seconds.
  path: Assets/Tiles/main_lev_build_223.asset
  artifactKey: Guid(47ac3c9fac8fc31418e1889ee24c0c9c) Importer(815301076,1909f56bfc062723c751e8b465ee728b)
Start importing Assets/Tiles/main_lev_build_223.asset using Guid(47ac3c9fac8fc31418e1889ee24c0c9c) Importer(815301076,1909f56bfc062723c751e8b465ee728b) [PhysX] Initialized MultithreadedTaskDispatcher with 12 workers.
 -> (artifact id: '90b5da34ccc62b56d8807402248ce77f') in 0.066249 seconds
Number of updated asset objects reloaded before import = 0
Number of asset objects unloaded after import = 3
========================================================================
Received Import Request.
  Time since last request: 0.000024 seconds.
  path: Assets/Tiles/main_lev_build_488.asset
  artifactKey: Guid(22cb220d02338fc4ba92f226ba324136) Importer(815301076,1909f56bfc062723c751e8b465ee728b)
Start importing Assets/Tiles/main_lev_build_488.asset using Guid(22cb220d02338fc4ba92f226ba324136) Importer(815301076,1909f56bfc062723c751e8b465ee728b) [PhysX] Initialized MultithreadedTaskDispatcher with 12 workers.
 -> (artifact id: '4252d9da2825512141ab96f1b5b6aebd') in 0.036402 seconds
Number of updated asset objects reloaded before import = 0
Number of asset objects unloaded after import = 3
========================================================================
Received Import Request.
  Time since last request: 0.000036 seconds.
  path: Assets/Tiles/main_lev_build_460.asset
  artifactKey: Guid(0ea3595e81b59d846a4ec7c42ff02a94) Importer(815301076,1909f56bfc062723c751e8b465ee728b)
Start importing Assets/Tiles/main_lev_build_460.asset using Guid(0ea3595e81b59d846a4ec7c42ff02a94) Importer(815301076,1909f56bfc062723c751e8b465ee728b) [PhysX] Initialized MultithreadedTaskDispatcher with 12 workers.
 -> (artifact id: '324a1f67e81d4aa9f53bd0c3e3138b8c') in 0.043477 seconds
Number of updated asset objects reloaded before import = 0
Number of asset objects unloaded after import = 3
========================================================================
Received Import Request.
  Time since last request: 0.000025 seconds.
  path: Assets/Tiles/main_lev_build_569.asset
  artifactKey: Guid(5478508fca7e8d84cac09ad1ce0b6e2d) Importer(815301076,1909f56bfc062723c751e8b465ee728b)
Start importing Assets/Tiles/main_lev_build_569.asset using Guid(5478508fca7e8d84cac09ad1ce0b6e2d) Importer(815301076,1909f56bfc062723c751e8b465ee728b) [PhysX] Initialized MultithreadedTaskDispatcher with 12 workers.
 -> (artifact id: 'c7dab69597805b5b772bd04b331541ba') in 0.033726 seconds
Number of updated asset objects reloaded before import = 0
Number of asset objects unloaded after import = 3
========================================================================
Received Import Request.
  Time since last request: 0.000032 seconds.
  path: Assets/Tiles/main_lev_build_266.asset
  artifactKey: Guid(f50870434c7c44742b00033e79c3729a) Importer(815301076,1909f56bfc062723c751e8b465ee728b)
Start importing Assets/Tiles/main_lev_build_266.asset using Guid(f50870434c7c44742b00033e79c3729a) Importer(815301076,1909f56bfc062723c751e8b465ee728b) [PhysX] Initialized MultithreadedTaskDispatcher with 12 workers.
 -> (artifact id: '780361cfd7c21fcc6d40621e57f4a37e') in 0.033557 seconds
Number of updated asset objects reloaded before import = 0
Number of asset objects unloaded after import = 3
========================================================================
Received Import Request.
  Time since last request: 0.000064 seconds.
  path: Assets/Tiles/main_lev_build_109.asset
  artifactKey: Guid(c15c3c4dc92f7e04fb08458f03cd0ce4) Importer(815301076,1909f56bfc062723c751e8b465ee728b)
Start importing Assets/Tiles/main_lev_build_109.asset using Guid(c15c3c4dc92f7e04fb08458f03cd0ce4) Importer(815301076,1909f56bfc062723c751e8b465ee728b) [PhysX] Initialized MultithreadedTaskDispatcher with 12 workers.
 -> (artifact id: '6a113dc10d002ae77aa7062cb92a21ed') in 0.035058 seconds
Number of updated asset objects reloaded before import = 0
Number of asset objects unloaded after import = 3
========================================================================
Received Import Request.
  Time since last request: 0.000022 seconds.
  path: Assets/Tiles/main_lev_build_661.asset
  artifactKey: Guid(5c5651be7bea79c4bace6e5c4db3316b) Importer(815301076,1909f56bfc062723c751e8b465ee728b)
Start importing Assets/Tiles/main_lev_build_661.asset using Guid(5c5651be7bea79c4bace6e5c4db3316b) Importer(815301076,1909f56bfc062723c751e8b465ee728b) [PhysX] Initialized MultithreadedTaskDispatcher with 12 workers.
 -> (artifact id: 'b958f7991db4e17837a580014aef5788') in 0.034958 seconds
Number of updated asset objects reloaded before import = 0
Number of asset objects unloaded after import = 3
========================================================================
Received Import Request.
  Time since last request: 0.000025 seconds.
  path: Assets/Tiles/main_lev_build_121.asset
  artifactKey: Guid(f35fccdccbff31f43900cd298480cb10) Importer(815301076,1909f56bfc062723c751e8b465ee728b)
Start importing Assets/Tiles/main_lev_build_121.asset using Guid(f35fccdccbff31f43900cd298480cb10) Importer(815301076,1909f56bfc062723c751e8b465ee728b) [PhysX] Initialized MultithreadedTaskDispatcher with 12 workers.
 -> (artifact id: 'cb8bdc8557818679d8d7839272eceeb1') in 0.048558 seconds
Number of updated asset objects reloaded before import = 0
Number of asset objects unloaded after import = 3
========================================================================
Received Import Request.
  Time since last request: 0.000022 seconds.
  path: Assets/Tiles/main_lev_build_678.asset
  artifactKey: Guid(cf02b488a60520947aecef045e0e8e84) Importer(815301076,1909f56bfc062723c751e8b465ee728b)
Start importing Assets/Tiles/main_lev_build_678.asset using Guid(cf02b488a60520947aecef045e0e8e84) Importer(815301076,1909f56bfc062723c751e8b465ee728b) [PhysX] Initialized MultithreadedTaskDispatcher with 12 workers.
 -> (artifact id: '0a9c83983232b90aa45539c3a627621f') in 0.041729 seconds
Number of updated asset objects reloaded before import = 0
Number of asset objects unloaded after import = 3
========================================================================
Received Import Request.
  Time since last request: 0.000026 seconds.
  path: Assets/Tiles/main_lev_build_695.asset
  artifactKey: Guid(1f9b6f946e50e4e42850ac6a01bb75c6) Importer(815301076,1909f56bfc062723c751e8b465ee728b)
Start importing Assets/Tiles/main_lev_build_695.asset using Guid(1f9b6f946e50e4e42850ac6a01bb75c6) Importer(815301076,1909f56bfc062723c751e8b465ee728b) [PhysX] Initialized MultithreadedTaskDispatcher with 12 workers.
 -> (artifact id: '4682519fb3e7ccc4a4c23cbbd37371a6') in 0.032052 seconds
Number of updated asset objects reloaded before import = 0
Number of asset objects unloaded after import = 3
========================================================================
Received Import Request.
  Time since last request: 0.000027 seconds.
  path: Assets/Tiles/main_lev_build_240.asset
  artifactKey: Guid(a197280062b94284489bfdab446049d0) Importer(815301076,1909f56bfc062723c751e8b465ee728b)
Start importing Assets/Tiles/main_lev_build_240.asset using Guid(a197280062b94284489bfdab446049d0) Importer(815301076,1909f56bfc062723c751e8b465ee728b) [PhysX] Initialized MultithreadedTaskDispatcher with 12 workers.
 -> (artifact id: '193291b301eb209c7e15cf5466757b3a') in 0.025214 seconds
Number of updated asset objects reloaded before import = 0
Number of asset objects unloaded after import = 3
========================================================================
Received Import Request.
  Time since last request: 0.000053 seconds.
  path: Assets/Tiles/main_lev_build_718.asset
  artifactKey: Guid(3064b328aef2af64b9168cf5df248962) Importer(815301076,1909f56bfc062723c751e8b465ee728b)
Start importing Assets/Tiles/main_lev_build_718.asset using Guid(3064b328aef2af64b9168cf5df248962) Importer(815301076,1909f56bfc062723c751e8b465ee728b) [PhysX] Initialized MultithreadedTaskDispatcher with 12 workers.
 -> (artifact id: '7d3ec186ae33beb998f713a3c508daf1') in 0.025244 seconds
Number of updated asset objects reloaded before import = 0
Number of asset objects unloaded after import = 3
========================================================================
Received Import Request.
  Time since last request: 0.000024 seconds.
  path: Assets/Tiles/main_lev_build_269.asset
  artifactKey: Guid(913211519ade9fb4c980b5cf4ae19148) Importer(815301076,1909f56bfc062723c751e8b465ee728b)
Start importing Assets/Tiles/main_lev_build_269.asset using Guid(913211519ade9fb4c980b5cf4ae19148) Importer(815301076,1909f56bfc062723c751e8b465ee728b) [PhysX] Initialized MultithreadedTaskDispatcher with 12 workers.
 -> (artifact id: '4e5d13d10fdc61d89f148456aeef092f') in 0.034754 seconds
Number of updated asset objects reloaded before import = 0
Number of asset objects unloaded after import = 3
========================================================================
Received Import Request.
  Time since last request: 0.000109 seconds.
  path: Assets/Tiles/main_lev_build_461.asset
  artifactKey: Guid(f96948f253429664da6cdd8ba13a66e7) Importer(815301076,1909f56bfc062723c751e8b465ee728b)
Start importing Assets/Tiles/main_lev_build_461.asset using Guid(f96948f253429664da6cdd8ba13a66e7) Importer(815301076,1909f56bfc062723c751e8b465ee728b) [PhysX] Initialized MultithreadedTaskDispatcher with 12 workers.
 -> (artifact id: 'e76240456de1f6117c13b5b65599dac3') in 0.029381 seconds
Number of updated asset objects reloaded before import = 0
Number of asset objects unloaded after import = 3
========================================================================
Received Import Request.
  Time since last request: 0.000034 seconds.
  path: Assets/Tiles/main_lev_build_605.asset
  artifactKey: Guid(dada23cf87cf0c94f81bc622b0ad5f7f) Importer(815301076,1909f56bfc062723c751e8b465ee728b)
Start importing Assets/Tiles/main_lev_build_605.asset using Guid(dada23cf87cf0c94f81bc622b0ad5f7f) Importer(815301076,1909f56bfc062723c751e8b465ee728b) [PhysX] Initialized MultithreadedTaskDispatcher with 12 workers.
 -> (artifact id: '06a79935b7642367283df7edf7643845') in 0.038560 seconds
Number of updated asset objects reloaded before import = 0
Number of asset objects unloaded after import = 3
========================================================================
Received Import Request.
  Time since last request: 0.000038 seconds.
  path: Assets/Tiles/main_lev_build_188.asset
  artifactKey: Guid(b542ad3e9a8db4b44af6db8db8a3c5cc) Importer(815301076,1909f56bfc062723c751e8b465ee728b)
Start importing Assets/Tiles/main_lev_build_188.asset using Guid(b542ad3e9a8db4b44af6db8db8a3c5cc) Importer(815301076,1909f56bfc062723c751e8b465ee728b) [PhysX] Initialized MultithreadedTaskDispatcher with 12 workers.
 -> (artifact id: '5509bb328a95e72a080b71a68ad03bb6') in 0.034505 seconds
Number of updated asset objects reloaded before import = 0
Number of asset objects unloaded after import = 3
========================================================================
Received Import Request.
  Time since last request: 0.000117 seconds.
  path: Assets/Tiles/main_lev_build_521.asset
  artifactKey: Guid(c50331c96da8cda4bb89d2d35d75b542) Importer(815301076,1909f56bfc062723c751e8b465ee728b)
Start importing Assets/Tiles/main_lev_build_521.asset using Guid(c50331c96da8cda4bb89d2d35d75b542) Importer(815301076,1909f56bfc062723c751e8b465ee728b) [PhysX] Initialized MultithreadedTaskDispatcher with 12 workers.
 -> (artifact id: '4923b9db072f8b6a874e48495e44e7d8') in 0.036062 seconds
Number of updated asset objects reloaded before import = 0
Number of asset objects unloaded after import = 3
========================================================================
Received Import Request.
  Time since last request: 0.000029 seconds.
  path: Assets/Tiles/main_lev_build_112.asset
  artifactKey: Guid(531002ed33646164c95b6b0c7ae91e76) Importer(815301076,1909f56bfc062723c751e8b465ee728b)
Start importing Assets/Tiles/main_lev_build_112.asset using Guid(531002ed33646164c95b6b0c7ae91e76) Importer(815301076,1909f56bfc062723c751e8b465ee728b) [PhysX] Initialized MultithreadedTaskDispatcher with 12 workers.
 -> (artifact id: 'b4efd6b96b638dfa4d91457a42e872bc') in 0.026435 seconds
Number of updated asset objects reloaded before import = 0
Number of asset objects unloaded after import = 3
========================================================================
Received Import Request.
  Time since last request: 0.000046 seconds.
  path: Assets/Tiles/main_lev_build_450.asset
  artifactKey: Guid(3abe2e430808d634d9ef3e5338570a4a) Importer(815301076,1909f56bfc062723c751e8b465ee728b)
Start importing Assets/Tiles/main_lev_build_450.asset using Guid(3abe2e430808d634d9ef3e5338570a4a) Importer(815301076,1909f56bfc062723c751e8b465ee728b) [PhysX] Initialized MultithreadedTaskDispatcher with 12 workers.
 -> (artifact id: '5bedab0b2e8294526d9f7b3a0b3410a2') in 0.029382 seconds
Number of updated asset objects reloaded before import = 0
Number of asset objects unloaded after import = 3
========================================================================
Received Import Request.
  Time since last request: 0.000031 seconds.
  path: Assets/Tiles/main_lev_build_535.asset
  artifactKey: Guid(2da6e747df0b4ec4d83a97c20e563ee7) Importer(815301076,1909f56bfc062723c751e8b465ee728b)
Start importing Assets/Tiles/main_lev_build_535.asset using Guid(2da6e747df0b4ec4d83a97c20e563ee7) Importer(815301076,1909f56bfc062723c751e8b465ee728b) [PhysX] Initialized MultithreadedTaskDispatcher with 12 workers.
 -> (artifact id: '028ae4619f5216511f70cecd837b806a') in 0.037813 seconds
Number of updated asset objects reloaded before import = 0
Number of asset objects unloaded after import = 3
========================================================================
Received Import Request.
  Time since last request: 0.000026 seconds.
  path: Assets/Tiles/main_lev_build_497.asset
  artifactKey: Guid(ceb3e6ff1e3f41c43be3d590e668726f) Importer(815301076,1909f56bfc062723c751e8b465ee728b)
Start importing Assets/Tiles/main_lev_build_497.asset using Guid(ceb3e6ff1e3f41c43be3d590e668726f) Importer(815301076,1909f56bfc062723c751e8b465ee728b) [PhysX] Initialized MultithreadedTaskDispatcher with 12 workers.
 -> (artifact id: 'f208c10e8cf5c271cb9af193365c6338') in 0.032282 seconds
Number of updated asset objects reloaded before import = 0
Number of asset objects unloaded after import = 3
========================================================================
Received Import Request.
  Time since last request: 0.000031 seconds.
  path: Assets/Tiles/main_lev_build_636.asset
  artifactKey: Guid(e5c907aa22fb37d4e8b11d87b2f5afa9) Importer(815301076,1909f56bfc062723c751e8b465ee728b)
Start importing Assets/Tiles/main_lev_build_636.asset using Guid(e5c907aa22fb37d4e8b11d87b2f5afa9) Importer(815301076,1909f56bfc062723c751e8b465ee728b) [PhysX] Initialized MultithreadedTaskDispatcher with 12 workers.
 -> (artifact id: '14d244b5209da3c79937e3b1b2260404') in 0.040436 seconds
Number of updated asset objects reloaded before import = 0
Number of asset objects unloaded after import = 3
========================================================================
Received Import Request.
  Time since last request: 0.000036 seconds.
  path: Assets/Tiles/main_lev_build_388.asset
  artifactKey: Guid(763e992e577201f48896724286f50470) Importer(815301076,1909f56bfc062723c751e8b465ee728b)
Start importing Assets/Tiles/main_lev_build_388.asset using Guid(763e992e577201f48896724286f50470) Importer(815301076,1909f56bfc062723c751e8b465ee728b) [PhysX] Initialized MultithreadedTaskDispatcher with 12 workers.
 -> (artifact id: '782aae7fe85df4671b1a7df375a51326') in 0.116025 seconds
Number of updated asset objects reloaded before import = 0
Number of asset objects unloaded after import = 3
========================================================================
Received Import Request.
  Time since last request: 0.000036 seconds.
  path: Assets/Tiles/main_lev_build_306.asset
  artifactKey: Guid(7fa528e42d53e4747ad902973f3049e6) Importer(815301076,1909f56bfc062723c751e8b465ee728b)
Start importing Assets/Tiles/main_lev_build_306.asset using Guid(7fa528e42d53e4747ad902973f3049e6) Importer(815301076,1909f56bfc062723c751e8b465ee728b) [PhysX] Initialized MultithreadedTaskDispatcher with 12 workers.
 -> (artifact id: '8ae22808187768032e62ad98ff29840a') in 0.152643 seconds
Number of updated asset objects reloaded before import = 0
Number of asset objects unloaded after import = 3
========================================================================
Received Import Request.
  Time since last request: 0.000041 seconds.
  path: Assets/Tiles/main_lev_build_178.asset
  artifactKey: Guid(386085dc63fcf894eaed47389accfa0e) Importer(815301076,1909f56bfc062723c751e8b465ee728b)
Start importing Assets/Tiles/main_lev_build_178.asset using Guid(386085dc63fcf894eaed47389accfa0e) Importer(815301076,1909f56bfc062723c751e8b465ee728b) [PhysX] Initialized MultithreadedTaskDispatcher with 12 workers.
 -> (artifact id: '6009916a98aa54365d0aca4fe6e51b95') in 0.029609 seconds
Number of updated asset objects reloaded before import = 0
Number of asset objects unloaded after import = 3
========================================================================
Received Import Request.
  Time since last request: 0.000067 seconds.
  path: Assets/Tiles/main_lev_build_676.asset
  artifactKey: Guid(b1b4fd2c257ef744a91b10d3b51819a5) Importer(815301076,1909f56bfc062723c751e8b465ee728b)
Start importing Assets/Tiles/main_lev_build_676.asset using Guid(b1b4fd2c257ef744a91b10d3b51819a5) Importer(815301076,1909f56bfc062723c751e8b465ee728b) [PhysX] Initialized MultithreadedTaskDispatcher with 12 workers.
 -> (artifact id: '51519337491cc401b2209db0955ab647') in 0.031907 seconds
Number of updated asset objects reloaded before import = 0
Number of asset objects unloaded after import = 3
========================================================================
Received Import Request.
  Time since last request: 0.000039 seconds.
  path: Assets/Tiles/main_lev_build_519.asset
  artifactKey: Guid(5dc18f7135156944aa7cb9d9184fef56) Importer(815301076,1909f56bfc062723c751e8b465ee728b)
Start importing Assets/Tiles/main_lev_build_519.asset using Guid(5dc18f7135156944aa7cb9d9184fef56) Importer(815301076,1909f56bfc062723c751e8b465ee728b) [PhysX] Initialized MultithreadedTaskDispatcher with 12 workers.
 -> (artifact id: 'cc1985cd207d48613351debef84df62c') in 0.025193 seconds
Number of updated asset objects reloaded before import = 0
Number of asset objects unloaded after import = 3
========================================================================
Received Import Request.
  Time since last request: 0.000039 seconds.
  path: Assets/Tiles/main_lev_build_582.asset
  artifactKey: Guid(fcf02abcde3a2f343b93f55150946640) Importer(815301076,1909f56bfc062723c751e8b465ee728b)
Start importing Assets/Tiles/main_lev_build_582.asset using Guid(fcf02abcde3a2f343b93f55150946640) Importer(815301076,1909f56bfc062723c751e8b465ee728b) [PhysX] Initialized MultithreadedTaskDispatcher with 12 workers.
 -> (artifact id: '6ae244c36a4f556409845c43b6a15a26') in 0.032589 seconds
Number of updated asset objects reloaded before import = 0
Number of asset objects unloaded after import = 3
========================================================================
Received Import Request.
  Time since last request: 0.000023 seconds.
  path: Assets/Tiles/main_lev_build_142.asset
  artifactKey: Guid(bad319f3d09591b42a3986a6e236eff9) Importer(815301076,1909f56bfc062723c751e8b465ee728b)
Start importing Assets/Tiles/main_lev_build_142.asset using Guid(bad319f3d09591b42a3986a6e236eff9) Importer(815301076,1909f56bfc062723c751e8b465ee728b) [PhysX] Initialized MultithreadedTaskDispatcher with 12 workers.
 -> (artifact id: '68915a717bc1b9b59a05bfce3f85ecff') in 0.029392 seconds
Number of updated asset objects reloaded before import = 0
Number of asset objects unloaded after import = 3
========================================================================
Received Import Request.
  Time since last request: 0.000026 seconds.
  path: Assets/Tiles/main_lev_build_189.asset
  artifactKey: Guid(e948ca87e18170145b4b9919a992aed4) Importer(815301076,1909f56bfc062723c751e8b465ee728b)
Start importing Assets/Tiles/main_lev_build_189.asset using Guid(e948ca87e18170145b4b9919a992aed4) Importer(815301076,1909f56bfc062723c751e8b465ee728b) [PhysX] Initialized MultithreadedTaskDispatcher with 12 workers.
 -> (artifact id: '6779b2fd4afac84733bde2cb82268a0e') in 0.033825 seconds
Number of updated asset objects reloaded before import = 0
Number of asset objects unloaded after import = 3
========================================================================
Received Import Request.
  Time since last request: 0.000021 seconds.
  path: Assets/Tiles/main_lev_build_712.asset
  artifactKey: Guid(716306e284674d345953346ea1045514) Importer(815301076,1909f56bfc062723c751e8b465ee728b)
Start importing Assets/Tiles/main_lev_build_712.asset using Guid(716306e284674d345953346ea1045514) Importer(815301076,1909f56bfc062723c751e8b465ee728b) [PhysX] Initialized MultithreadedTaskDispatcher with 12 workers.
 -> (artifact id: 'e3460735e00494951011dfef2a61cdaf') in 0.033742 seconds
Number of updated asset objects reloaded before import = 0
Number of asset objects unloaded after import = 3
========================================================================
Received Import Request.
  Time since last request: 0.000034 seconds.
  path: Assets/Tiles/main_lev_build_235.asset
  artifactKey: Guid(b91c8e4461fb90b4a886c27fdfc9a84a) Importer(815301076,1909f56bfc062723c751e8b465ee728b)
Start importing Assets/Tiles/main_lev_build_235.asset using Guid(b91c8e4461fb90b4a886c27fdfc9a84a) Importer(815301076,1909f56bfc062723c751e8b465ee728b) [PhysX] Initialized MultithreadedTaskDispatcher with 12 workers.
 -> (artifact id: '3d4ec721b2bd0607a939c37fc674ebaa') in 0.028010 seconds
Number of updated asset objects reloaded before import = 0
Number of asset objects unloaded after import = 3
========================================================================
Received Import Request.
  Time since last request: 0.000051 seconds.
  path: Assets/Tiles/main_lev_build_473.asset
  artifactKey: Guid(8be9a732b7c95a44b8d6aa26808b7ea4) Importer(815301076,1909f56bfc062723c751e8b465ee728b)
Start importing Assets/Tiles/main_lev_build_473.asset using Guid(8be9a732b7c95a44b8d6aa26808b7ea4) Importer(815301076,1909f56bfc062723c751e8b465ee728b) [PhysX] Initialized MultithreadedTaskDispatcher with 12 workers.
 -> (artifact id: 'b369a10a879809dbe757820c6ad75f12') in 0.025043 seconds
Number of updated asset objects reloaded before import = 0
Number of asset objects unloaded after import = 3
========================================================================
Received Import Request.
  Time since last request: 0.000027 seconds.
  path: Assets/Tiles/main_lev_build_242.asset
  artifactKey: Guid(971e9f844680f0241884c6deee891209) Importer(815301076,1909f56bfc062723c751e8b465ee728b)
Start importing Assets/Tiles/main_lev_build_242.asset using Guid(971e9f844680f0241884c6deee891209) Importer(815301076,1909f56bfc062723c751e8b465ee728b) [PhysX] Initialized MultithreadedTaskDispatcher with 12 workers.
 -> (artifact id: 'af589bcd4f0d94c5008bbd28c6d43e04') in 0.027765 seconds
Number of updated asset objects reloaded before import = 0
Number of asset objects unloaded after import = 3
========================================================================
Received Import Request.
  Time since last request: 0.000038 seconds.
  path: Assets/Tiles/main_lev_build_110.asset
  artifactKey: Guid(823c777d071df744cb764be4c66cf97f) Importer(815301076,1909f56bfc062723c751e8b465ee728b)
Start importing Assets/Tiles/main_lev_build_110.asset using Guid(823c777d071df744cb764be4c66cf97f) Importer(815301076,1909f56bfc062723c751e8b465ee728b) [PhysX] Initialized MultithreadedTaskDispatcher with 12 workers.
 -> (artifact id: 'adaa29ebd4029f1399d06b11010d00b9') in 0.029491 seconds
Number of updated asset objects reloaded before import = 0
Number of asset objects unloaded after import = 3
========================================================================
Received Import Request.
  Time since last request: 0.000020 seconds.
  path: Assets/Tiles/main_lev_build_631.asset
  artifactKey: Guid(f307b87d254e12c49999649a21f438e6) Importer(815301076,1909f56bfc062723c751e8b465ee728b)
Start importing Assets/Tiles/main_lev_build_631.asset using Guid(f307b87d254e12c49999649a21f438e6) Importer(815301076,1909f56bfc062723c751e8b465ee728b) [PhysX] Initialized MultithreadedTaskDispatcher with 12 workers.
 -> (artifact id: '98537514d970203063064c23f6a1d5ad') in 0.025717 seconds
Number of updated asset objects reloaded before import = 0
Number of asset objects unloaded after import = 3
========================================================================
Received Import Request.
  Time since last request: 0.000029 seconds.
  path: Assets/Tiles/main_lev_build_410.asset
  artifactKey: Guid(f9cbd895900789a479aae0bcfb3e170a) Importer(815301076,1909f56bfc062723c751e8b465ee728b)
Start importing Assets/Tiles/main_lev_build_410.asset using Guid(f9cbd895900789a479aae0bcfb3e170a) Importer(815301076,1909f56bfc062723c751e8b465ee728b) [PhysX] Initialized MultithreadedTaskDispatcher with 12 workers.
 -> (artifact id: '7e868ccb74ff0e288f97d5ac91c5b8f7') in 0.043648 seconds
Number of updated asset objects reloaded before import = 0
Number of asset objects unloaded after import = 3
========================================================================
Received Import Request.
  Time since last request: 0.000018 seconds.
  path: Assets/Tiles/main_lev_build_111.asset
  artifactKey: Guid(e418c2d9d6a33694587a24f1df72acbe) Importer(815301076,1909f56bfc062723c751e8b465ee728b)
Start importing Assets/Tiles/main_lev_build_111.asset using Guid(e418c2d9d6a33694587a24f1df72acbe) Importer(815301076,1909f56bfc062723c751e8b465ee728b) [PhysX] Initialized MultithreadedTaskDispatcher with 12 workers.
 -> (artifact id: '3ad75726210e1e75c1ab4414bae18043') in 0.029068 seconds
Number of updated asset objects reloaded before import = 0
Number of asset objects unloaded after import = 3
========================================================================
Received Import Request.
  Time since last request: 0.000094 seconds.
  path: Assets/Tiles/main_lev_build_686.asset
  artifactKey: Guid(79dd3078bc1148545ad98db38ea72618) Importer(815301076,1909f56bfc062723c751e8b465ee728b)
Start importing Assets/Tiles/main_lev_build_686.asset using Guid(79dd3078bc1148545ad98db38ea72618) Importer(815301076,1909f56bfc062723c751e8b465ee728b) [PhysX] Initialized MultithreadedTaskDispatcher with 12 workers.
 -> (artifact id: 'd23579b513be450206db22506f04a126') in 0.046066 seconds
Number of updated asset objects reloaded before import = 0
Number of asset objects unloaded after import = 3
========================================================================
Received Import Request.
  Time since last request: 0.000042 seconds.
  path: Assets/Tiles/main_lev_build_376.asset
  artifactKey: Guid(8dbed136b9dd50d43af754ebad9c37ef) Importer(815301076,1909f56bfc062723c751e8b465ee728b)
Start importing Assets/Tiles/main_lev_build_376.asset using Guid(8dbed136b9dd50d43af754ebad9c37ef) Importer(815301076,1909f56bfc062723c751e8b465ee728b) [PhysX] Initialized MultithreadedTaskDispatcher with 12 workers.
 -> (artifact id: '6435c3d8b81a5133701a0e26f751000a') in 0.055003 seconds
Number of updated asset objects reloaded before import = 0
Number of asset objects unloaded after import = 3
========================================================================
Received Import Request.
  Time since last request: 0.000039 seconds.
  path: Assets/Tiles/main_lev_build_380.asset
  artifactKey: Guid(6f8e8081725c21f44af1aad1ac182d69) Importer(815301076,1909f56bfc062723c751e8b465ee728b)
Start importing Assets/Tiles/main_lev_build_380.asset using Guid(6f8e8081725c21f44af1aad1ac182d69) Importer(815301076,1909f56bfc062723c751e8b465ee728b) [PhysX] Initialized MultithreadedTaskDispatcher with 12 workers.
 -> (artifact id: 'aad39fa102564adaea67c6d1f2984572') in 0.056306 seconds
Number of updated asset objects reloaded before import = 0
Number of asset objects unloaded after import = 3
========================================================================
Received Import Request.
  Time since last request: 0.000021 seconds.
  path: Assets/Tiles/main_lev_build_653.asset
  artifactKey: Guid(c48dcd2944ff67b438416e1b9db4cd61) Importer(815301076,1909f56bfc062723c751e8b465ee728b)
Start importing Assets/Tiles/main_lev_build_653.asset using Guid(c48dcd2944ff67b438416e1b9db4cd61) Importer(815301076,1909f56bfc062723c751e8b465ee728b) [PhysX] Initialized MultithreadedTaskDispatcher with 12 workers.
 -> (artifact id: '60f05e157a19ff2dba015ccca2a3b70c') in 0.024608 seconds
Number of updated asset objects reloaded before import = 0
Number of asset objects unloaded after import = 3
========================================================================
Received Import Request.
  Time since last request: 0.000027 seconds.
  path: Assets/Tiles/main_lev_build_258.asset
  artifactKey: Guid(781c7aeeea64f094aa0630bfb69efff7) Importer(815301076,1909f56bfc062723c751e8b465ee728b)
Start importing Assets/Tiles/main_lev_build_258.asset using Guid(781c7aeeea64f094aa0630bfb69efff7) Importer(815301076,1909f56bfc062723c751e8b465ee728b) [PhysX] Initialized MultithreadedTaskDispatcher with 12 workers.
 -> (artifact id: 'fa3408d128fd3deebb2a7afcba701f4a') in 0.027567 seconds
Number of updated asset objects reloaded before import = 0
Number of asset objects unloaded after import = 3
========================================================================
Received Import Request.
  Time since last request: 0.000030 seconds.
  path: Assets/Tiles/main_lev_build_377.asset
  artifactKey: Guid(38c3fee8eb89de540a7b5939d51095ae) Importer(815301076,1909f56bfc062723c751e8b465ee728b)
Start importing Assets/Tiles/main_lev_build_377.asset using Guid(38c3fee8eb89de540a7b5939d51095ae) Importer(815301076,1909f56bfc062723c751e8b465ee728b) [PhysX] Initialized MultithreadedTaskDispatcher with 12 workers.
 -> (artifact id: 'a935f8f0d10b19cf18574fa22bcca787') in 0.030433 seconds
Number of updated asset objects reloaded before import = 0
Number of asset objects unloaded after import = 3
========================================================================
Received Import Request.
  Time since last request: 0.000026 seconds.
  path: Assets/Tiles/main_lev_build_753.asset
  artifactKey: Guid(540d737a8e5aeb04aaf19995358d9009) Importer(815301076,1909f56bfc062723c751e8b465ee728b)
Start importing Assets/Tiles/main_lev_build_753.asset using Guid(540d737a8e5aeb04aaf19995358d9009) Importer(815301076,1909f56bfc062723c751e8b465ee728b) [PhysX] Initialized MultithreadedTaskDispatcher with 12 workers.
 -> (artifact id: '3cd9c43d970eceb51ec9a6351ada20f5') in 0.027346 seconds
Number of updated asset objects reloaded before import = 0
Number of asset objects unloaded after import = 3
========================================================================
Received Import Request.
  Time since last request: 0.000032 seconds.
  path: Assets/Tiles/main_lev_build_779.asset
  artifactKey: Guid(b2a0f50a34624de4f970ff129d77bf3a) Importer(815301076,1909f56bfc062723c751e8b465ee728b)
Start importing Assets/Tiles/main_lev_build_779.asset using Guid(b2a0f50a34624de4f970ff129d77bf3a) Importer(815301076,1909f56bfc062723c751e8b465ee728b) [PhysX] Initialized MultithreadedTaskDispatcher with 12 workers.
 -> (artifact id: '9aa4ac6f0965329c1a4bac69972888e0') in 0.023717 seconds
Number of updated asset objects reloaded before import = 0
Number of asset objects unloaded after import = 3
========================================================================
Received Import Request.
  Time since last request: 0.000025 seconds.
  path: Assets/Tiles/main_lev_build_799.asset
  artifactKey: Guid(b78c2cf4737739040ad244c48baac6ef) Importer(815301076,1909f56bfc062723c751e8b465ee728b)
Start importing Assets/Tiles/main_lev_build_799.asset using Guid(b78c2cf4737739040ad244c48baac6ef) Importer(815301076,1909f56bfc062723c751e8b465ee728b) [PhysX] Initialized MultithreadedTaskDispatcher with 12 workers.
 -> (artifact id: '13572169d1838975f0896f58738b3a67') in 0.042651 seconds
Number of updated asset objects reloaded before import = 0
Number of asset objects unloaded after import = 3
========================================================================
Received Import Request.
  Time since last request: 0.000028 seconds.
  path: Assets/Tiles/main_lev_build_777.asset
  artifactKey: Guid(ec780f9fd337997409351fef8a995111) Importer(815301076,1909f56bfc062723c751e8b465ee728b)
Start importing Assets/Tiles/main_lev_build_777.asset using Guid(ec780f9fd337997409351fef8a995111) Importer(815301076,1909f56bfc062723c751e8b465ee728b) [PhysX] Initialized MultithreadedTaskDispatcher with 12 workers.
 -> (artifact id: '970dd6b2a4eace95c0daa5d1f6ec147c') in 0.023597 seconds
Number of updated asset objects reloaded before import = 0
Number of asset objects unloaded after import = 3
========================================================================
Received Import Request.
  Time since last request: 0.000040 seconds.
  path: Assets/Tiles/main_lev_build_812.asset
  artifactKey: Guid(6591012c21901b34aba19952b7a5e273) Importer(815301076,1909f56bfc062723c751e8b465ee728b)
Start importing Assets/Tiles/main_lev_build_812.asset using Guid(6591012c21901b34aba19952b7a5e273) Importer(815301076,1909f56bfc062723c751e8b465ee728b) [PhysX] Initialized MultithreadedTaskDispatcher with 12 workers.
 -> (artifact id: '6327ea42f2fb25819af0adc6dd66bab7') in 0.027019 seconds
Number of updated asset objects reloaded before import = 0
Number of asset objects unloaded after import = 3
========================================================================
Received Import Request.
  Time since last request: 0.000052 seconds.
  path: Assets/Tiles/main_lev_build_835.asset
  artifactKey: Guid(144e34fb6d17ff64d9b9b8bf363c6b93) Importer(815301076,1909f56bfc062723c751e8b465ee728b)
Start importing Assets/Tiles/main_lev_build_835.asset using Guid(144e34fb6d17ff64d9b9b8bf363c6b93) Importer(815301076,1909f56bfc062723c751e8b465ee728b) [PhysX] Initialized MultithreadedTaskDispatcher with 12 workers.
 -> (artifact id: 'e19b8c1bf2e8dbb0e8c59137210ac141') in 0.029776 seconds
Number of updated asset objects reloaded before import = 0
Number of asset objects unloaded after import = 3
========================================================================
Received Import Request.
  Time since last request: 0.000028 seconds.
  path: Assets/Tiles/main_lev_build_826.asset
  artifactKey: Guid(0cedee0428536c347a4de1a68c8e869a) Importer(815301076,1909f56bfc062723c751e8b465ee728b)
Start importing Assets/Tiles/main_lev_build_826.asset using Guid(0cedee0428536c347a4de1a68c8e869a) Importer(815301076,1909f56bfc062723c751e8b465ee728b) [PhysX] Initialized MultithreadedTaskDispatcher with 12 workers.
 -> (artifact id: 'f962c0cfde085aa7afdccd3cad82f5cb') in 0.063848 seconds
Number of updated asset objects reloaded before import = 0
Number of asset objects unloaded after import = 3
========================================================================
Received Import Request.
  Time since last request: 0.000019 seconds.
  path: Assets/Tiles/main_lev_build_818.asset
  artifactKey: Guid(25a431a8ee88b064c814caedc1c38aa4) Importer(815301076,1909f56bfc062723c751e8b465ee728b)
Start importing Assets/Tiles/main_lev_build_818.asset using Guid(25a431a8ee88b064c814caedc1c38aa4) Importer(815301076,1909f56bfc062723c751e8b465ee728b) [PhysX] Initialized MultithreadedTaskDispatcher with 12 workers.
 -> (artifact id: 'b95487a0906738814b8ea755df6dbfa8') in 0.032104 seconds
Number of updated asset objects reloaded before import = 0
Number of asset objects unloaded after import = 3
========================================================================
Received Import Request.
  Time since last request: 0.000025 seconds.
  path: Assets/Tiles/main_lev_build_836.asset
  artifactKey: Guid(6b8651e5b55853b418abaee25fc9c4fb) Importer(815301076,1909f56bfc062723c751e8b465ee728b)
Start importing Assets/Tiles/main_lev_build_836.asset using Guid(6b8651e5b55853b418abaee25fc9c4fb) Importer(815301076,1909f56bfc062723c751e8b465ee728b) [PhysX] Initialized MultithreadedTaskDispatcher with 12 workers.
 -> (artifact id: '2b54b9d9c924b58a06921ec96c950793') in 0.165276 seconds
Number of updated asset objects reloaded before import = 0
Number of asset objects unloaded after import = 3
========================================================================
Received Import Request.
  Time since last request: 0.000043 seconds.
  path: Assets/Tiles/main_lev_build_770.asset
  artifactKey: Guid(23b0e2f8d73592f46aa584b72bdcf821) Importer(815301076,1909f56bfc062723c751e8b465ee728b)
Start importing Assets/Tiles/main_lev_build_770.asset using Guid(23b0e2f8d73592f46aa584b72bdcf821) Importer(815301076,1909f56bfc062723c751e8b465ee728b) [PhysX] Initialized MultithreadedTaskDispatcher with 12 workers.
 -> (artifact id: '9c74751cca0b34e81064019082d91f13') in 0.055520 seconds
Number of updated asset objects reloaded before import = 0
Number of asset objects unloaded after import = 3
========================================================================
Received Import Request.
  Time since last request: 0.000039 seconds.
  path: Assets/Tiles/main_lev_build_425.asset
  artifactKey: Guid(8582d8b69da096443893c325aea2f9a5) Importer(815301076,1909f56bfc062723c751e8b465ee728b)
Start importing Assets/Tiles/main_lev_build_425.asset using Guid(8582d8b69da096443893c325aea2f9a5) Importer(815301076,1909f56bfc062723c751e8b465ee728b) [PhysX] Initialized MultithreadedTaskDispatcher with 12 workers.
 -> (artifact id: 'ea2439c688d9c331c8942bd5a4687255') in 0.043732 seconds
Number of updated asset objects reloaded before import = 0
Number of asset objects unloaded after import = 3
========================================================================
Received Import Request.
  Time since last request: 0.000024 seconds.
  path: Assets/Tiles/main_lev_build_301.asset
  artifactKey: Guid(e5acae7ac179a7d468500dbd8b25e18d) Importer(815301076,1909f56bfc062723c751e8b465ee728b)
Start importing Assets/Tiles/main_lev_build_301.asset using Guid(e5acae7ac179a7d468500dbd8b25e18d) Importer(815301076,1909f56bfc062723c751e8b465ee728b) [PhysX] Initialized MultithreadedTaskDispatcher with 12 workers.
 -> (artifact id: 'c0b05f40c6e772742d496954da94e5fd') in 0.030103 seconds
Number of updated asset objects reloaded before import = 0
Number of asset objects unloaded after import = 3
========================================================================
Received Import Request.
  Time since last request: 0.000026 seconds.
  path: Assets/Tiles/main_lev_build_767.asset
  artifactKey: Guid(075766e53fb736045bf136ea5ccf64c1) Importer(815301076,1909f56bfc062723c751e8b465ee728b)
Start importing Assets/Tiles/main_lev_build_767.asset using Guid(075766e53fb736045bf136ea5ccf64c1) Importer(815301076,1909f56bfc062723c751e8b465ee728b) [PhysX] Initialized MultithreadedTaskDispatcher with 12 workers.
 -> (artifact id: 'ee4250478237a994089ba82328cbf468') in 0.025703 seconds
Number of updated asset objects reloaded before import = 0
Number of asset objects unloaded after import = 3
========================================================================
Received Import Request.
  Time since last request: 0.000041 seconds.
  path: Assets/Tiles/main_lev_build_852.asset
  artifactKey: Guid(22e89a261c58fae4ebdea6c3dec53b6a) Importer(815301076,1909f56bfc062723c751e8b465ee728b)
Start importing Assets/Tiles/main_lev_build_852.asset using Guid(22e89a261c58fae4ebdea6c3dec53b6a) Importer(815301076,1909f56bfc062723c751e8b465ee728b) [PhysX] Initialized MultithreadedTaskDispatcher with 12 workers.
 -> (artifact id: '969b73a1663789d5adedcbd7fcf2c653') in 0.022313 seconds
Number of updated asset objects reloaded before import = 0
Number of asset objects unloaded after import = 3
========================================================================
Received Import Request.
  Time since last request: 0.000028 seconds.
  path: Assets/Tiles/main_lev_build_867.asset
  artifactKey: Guid(e23ea946d21dd5c499a41c4ced182ee3) Importer(815301076,1909f56bfc062723c751e8b465ee728b)
Start importing Assets/Tiles/main_lev_build_867.asset using Guid(e23ea946d21dd5c499a41c4ced182ee3) Importer(815301076,1909f56bfc062723c751e8b465ee728b) [PhysX] Initialized MultithreadedTaskDispatcher with 12 workers.
 -> (artifact id: '87c9d01ea0fedbaf0831803dba2f1dd1') in 0.030719 seconds
Number of updated asset objects reloaded before import = 0
Number of asset objects unloaded after import = 3
========================================================================
Received Import Request.
  Time since last request: 0.000028 seconds.
  path: Assets/Tiles/main_lev_build_855.asset
  artifactKey: Guid(1cf792f1c084cee4bba983823f6c9ef2) Importer(815301076,1909f56bfc062723c751e8b465ee728b)
Start importing Assets/Tiles/main_lev_build_855.asset using Guid(1cf792f1c084cee4bba983823f6c9ef2) Importer(815301076,1909f56bfc062723c751e8b465ee728b) [PhysX] Initialized MultithreadedTaskDispatcher with 12 workers.
 -> (artifact id: '3a6e19f7aa454588ff16f49012fe2792') in 0.024022 seconds
Number of updated asset objects reloaded before import = 0
Number of asset objects unloaded after import = 3
========================================================================
Received Import Request.
  Time since last request: 0.000024 seconds.
  path: Assets/Tiles/main_lev_build_872.asset
  artifactKey: Guid(cd527b47f10d4e94aa7d4b2a93d0bc9f) Importer(815301076,1909f56bfc062723c751e8b465ee728b)
Start importing Assets/Tiles/main_lev_build_872.asset using Guid(cd527b47f10d4e94aa7d4b2a93d0bc9f) Importer(815301076,1909f56bfc062723c751e8b465ee728b) [PhysX] Initialized MultithreadedTaskDispatcher with 12 workers.
 -> (artifact id: '65521777f37644a435efd6d591d5398c') in 0.026982 seconds
Number of updated asset objects reloaded before import = 0
Number of asset objects unloaded after import = 3
========================================================================
Received Import Request.
  Time since last request: 0.000023 seconds.
  path: Assets/Tiles/main_lev_build_903.asset
  artifactKey: Guid(35fea74ee4ca0094ca21529e56136831) Importer(815301076,1909f56bfc062723c751e8b465ee728b)
Start importing Assets/Tiles/main_lev_build_903.asset using Guid(35fea74ee4ca0094ca21529e56136831) Importer(815301076,1909f56bfc062723c751e8b465ee728b) [PhysX] Initialized MultithreadedTaskDispatcher with 12 workers.
 -> (artifact id: 'a608b6318154f2ddecb7789199762843') in 0.027594 seconds
Number of updated asset objects reloaded before import = 0
Number of asset objects unloaded after import = 3
========================================================================
Received Import Request.
  Time since last request: 0.000040 seconds.
  path: Assets/Tiles/main_lev_build_902.asset
  artifactKey: Guid(a1407a60dd26df44d8fa18d28d427d70) Importer(815301076,1909f56bfc062723c751e8b465ee728b)
Start importing Assets/Tiles/main_lev_build_902.asset using Guid(a1407a60dd26df44d8fa18d28d427d70) Importer(815301076,1909f56bfc062723c751e8b465ee728b) [PhysX] Initialized MultithreadedTaskDispatcher with 12 workers.
 -> (artifact id: '940b514809329e406bf68b462f2ff2ef') in 0.036797 seconds
Number of updated asset objects reloaded before import = 0
Number of asset objects unloaded after import = 3
========================================================================
Received Import Request.
  Time since last request: 0.000029 seconds.
  path: Assets/Tiles/main_lev_build_935.asset
  artifactKey: Guid(2668f6919dbca514b84f7c448fd99d7c) Importer(815301076,1909f56bfc062723c751e8b465ee728b)
Start importing Assets/Tiles/main_lev_build_935.asset using Guid(2668f6919dbca514b84f7c448fd99d7c) Importer(815301076,1909f56bfc062723c751e8b465ee728b) [PhysX] Initialized MultithreadedTaskDispatcher with 12 workers.
 -> (artifact id: '808bfc5d20f6f0223f96ff52d722cf01') in 0.029517 seconds
Number of updated asset objects reloaded before import = 0
Number of asset objects unloaded after import = 3
========================================================================
Received Import Request.
  Time since last request: 0.000034 seconds.
  path: Assets/Tiles/main_lev_build_882.asset
  artifactKey: Guid(86a5474a577bba14b8f86b64cb61de6e) Importer(815301076,1909f56bfc062723c751e8b465ee728b)
Start importing Assets/Tiles/main_lev_build_882.asset using Guid(86a5474a577bba14b8f86b64cb61de6e) Importer(815301076,1909f56bfc062723c751e8b465ee728b) [PhysX] Initialized MultithreadedTaskDispatcher with 12 workers.
 -> (artifact id: 'b579248f0229b9e0c8e406fb22e6803e') in 0.032381 seconds
Number of updated asset objects reloaded before import = 0
Number of asset objects unloaded after import = 3
========================================================================
Received Import Request.
  Time since last request: 0.000030 seconds.
  path: Assets/Tiles/main_lev_build_949.asset
  artifactKey: Guid(354008d3331e5f14790c5c72ef28bfd5) Importer(815301076,1909f56bfc062723c751e8b465ee728b)
Start importing Assets/Tiles/main_lev_build_949.asset using Guid(354008d3331e5f14790c5c72ef28bfd5) Importer(815301076,1909f56bfc062723c751e8b465ee728b) [PhysX] Initialized MultithreadedTaskDispatcher with 12 workers.
 -> (artifact id: '92d772d38928c2c97c85982d16bcd510') in 0.027716 seconds
Number of updated asset objects reloaded before import = 0
Number of asset objects unloaded after import = 3
========================================================================
Received Import Request.
  Time since last request: 0.000032 seconds.
  path: Assets/Tiles/main_lev_build_966.asset
  artifactKey: Guid(887531a0e3e978440800f9fe7f961781) Importer(815301076,1909f56bfc062723c751e8b465ee728b)
Start importing Assets/Tiles/main_lev_build_966.asset using Guid(887531a0e3e978440800f9fe7f961781) Importer(815301076,1909f56bfc062723c751e8b465ee728b) [PhysX] Initialized MultithreadedTaskDispatcher with 12 workers.
 -> (artifact id: 'bdc1e08d5fd9d541f46beb6f288cd56f') in 0.029941 seconds
Number of updated asset objects reloaded before import = 0
Number of asset objects unloaded after import = 3
========================================================================
Received Import Request.
  Time since last request: 0.000037 seconds.
  path: Assets/Tiles/main_lev_build_895.asset
  artifactKey: Guid(0aebd82b648e8474c893d4b4f3934f38) Importer(815301076,1909f56bfc062723c751e8b465ee728b)
Start importing Assets/Tiles/main_lev_build_895.asset using Guid(0aebd82b648e8474c893d4b4f3934f38) Importer(815301076,1909f56bfc062723c751e8b465ee728b) [PhysX] Initialized MultithreadedTaskDispatcher with 12 workers.
 -> (artifact id: 'f75a9b22c7bf6299cf6379a9bb288405') in 0.037480 seconds
Number of updated asset objects reloaded before import = 0
Number of asset objects unloaded after import = 3
========================================================================
Received Import Request.
  Time since last request: 0.000025 seconds.
  path: Assets/Tiles/main_lev_build_930.asset
  artifactKey: Guid(e28be3c51a718d247bc8b5d0d579826e) Importer(815301076,1909f56bfc062723c751e8b465ee728b)
Start importing Assets/Tiles/main_lev_build_930.asset using Guid(e28be3c51a718d247bc8b5d0d579826e) Importer(815301076,1909f56bfc062723c751e8b465ee728b) [PhysX] Initialized MultithreadedTaskDispatcher with 12 workers.
 -> (artifact id: 'dce170472b89bfb4a47bc76d68b76278') in 0.031984 seconds
Number of updated asset objects reloaded before import = 0
Number of asset objects unloaded after import = 3
========================================================================
Received Import Request.
  Time since last request: 0.000066 seconds.
  path: Assets/Tiles/main_lev_build_898.asset
  artifactKey: Guid(a5f2ea859f34520409441f759f19af1f) Importer(815301076,1909f56bfc062723c751e8b465ee728b)
Start importing Assets/Tiles/main_lev_build_898.asset using Guid(a5f2ea859f34520409441f759f19af1f) Importer(815301076,1909f56bfc062723c751e8b465ee728b) [PhysX] Initialized MultithreadedTaskDispatcher with 12 workers.
 -> (artifact id: '0362783a8cfd88335fe28cd106277a61') in 0.033947 seconds
Number of updated asset objects reloaded before import = 0
Number of asset objects unloaded after import = 3
========================================================================
Received Import Request.
  Time since last request: 0.000049 seconds.
  path: Assets/Tiles/main_lev_build_920.asset
  artifactKey: Guid(c0d2c54e51732704eb620b1e698cfd56) Importer(815301076,1909f56bfc062723c751e8b465ee728b)
Start importing Assets/Tiles/main_lev_build_920.asset using Guid(c0d2c54e51732704eb620b1e698cfd56) Importer(815301076,1909f56bfc062723c751e8b465ee728b) [PhysX] Initialized MultithreadedTaskDispatcher with 12 workers.
 -> (artifact id: 'cc7acfe6fa0787fc961c75be597d40be') in 0.026901 seconds
Number of updated asset objects reloaded before import = 0
Number of asset objects unloaded after import = 3
========================================================================
Received Import Request.
  Time since last request: 0.000024 seconds.
  path: Assets/Tiles/main_lev_build_452.asset
  artifactKey: Guid(fd2e3a974e30ab94fa6005b5af626312) Importer(815301076,1909f56bfc062723c751e8b465ee728b)
Start importing Assets/Tiles/main_lev_build_452.asset using Guid(fd2e3a974e30ab94fa6005b5af626312) Importer(815301076,1909f56bfc062723c751e8b465ee728b) [PhysX] Initialized MultithreadedTaskDispatcher with 12 workers.
 -> (artifact id: '22600274c274664a645d7028d1a93dc9') in 0.029954 seconds
Number of updated asset objects reloaded before import = 0
Number of asset objects unloaded after import = 3
========================================================================
Received Import Request.
  Time since last request: 0.000032 seconds.
  path: Assets/Tiles/main_lev_build_117.asset
  artifactKey: Guid(5a04b1b1f4259284db045a8c154d8a0f) Importer(815301076,1909f56bfc062723c751e8b465ee728b)
Start importing Assets/Tiles/main_lev_build_117.asset using Guid(5a04b1b1f4259284db045a8c154d8a0f) Importer(815301076,1909f56bfc062723c751e8b465ee728b) [PhysX] Initialized MultithreadedTaskDispatcher with 12 workers.
 -> (artifact id: '0d954a8a6b6edf69b39c838ea2708a02') in 0.027626 seconds
Number of updated asset objects reloaded before import = 0
Number of asset objects unloaded after import = 3
========================================================================
Received Import Request.
  Time since last request: 0.000024 seconds.
  path: Assets/Tiles/main_lev_build_984.asset
  artifactKey: Guid(d6bb2a0a238479146ae6006df428dec4) Importer(815301076,1909f56bfc062723c751e8b465ee728b)
Start importing Assets/Tiles/main_lev_build_984.asset using Guid(d6bb2a0a238479146ae6006df428dec4) Importer(815301076,1909f56bfc062723c751e8b465ee728b) [PhysX] Initialized MultithreadedTaskDispatcher with 12 workers.
 -> (artifact id: '37ef488c87316dde51eaf6218c6423bf') in 0.035652 seconds
Number of updated asset objects reloaded before import = 0
Number of asset objects unloaded after import = 3
========================================================================
Received Import Request.
  Time since last request: 0.000034 seconds.
  path: Assets/Tiles/main_lev_build_994.asset
  artifactKey: Guid(f71d70a7a79fd104eb413b9bfcb3df7c) Importer(815301076,1909f56bfc062723c751e8b465ee728b)
Start importing Assets/Tiles/main_lev_build_994.asset using Guid(f71d70a7a79fd104eb413b9bfcb3df7c) Importer(815301076,1909f56bfc062723c751e8b465ee728b) [PhysX] Initialized MultithreadedTaskDispatcher with 12 workers.
 -> (artifact id: '1b20daf79dc946d87ed633bb7cbf2bb8') in 0.034413 seconds
Number of updated asset objects reloaded before import = 0
Number of asset objects unloaded after import = 3
========================================================================
Received Import Request.
  Time since last request: 0.000061 seconds.
  path: Assets/Tiles/main_lev_build_1021.asset
  artifactKey: Guid(dd7b7646440fac84e9f27b148a43fe0a) Importer(815301076,1909f56bfc062723c751e8b465ee728b)
Start importing Assets/Tiles/main_lev_build_1021.asset using Guid(dd7b7646440fac84e9f27b148a43fe0a) Importer(815301076,1909f56bfc062723c751e8b465ee728b) [PhysX] Initialized MultithreadedTaskDispatcher with 12 workers.
 -> (artifact id: 'e45f685dbeb1bc72b148306f396a146a') in 0.026097 seconds
Number of updated asset objects reloaded before import = 0
Number of asset objects unloaded after import = 3
========================================================================
Received Import Request.
  Time since last request: 0.000050 seconds.
  path: Assets/Tiles/main_lev_build_1040.asset
  artifactKey: Guid(6fe0c02eae4717e4ca3187d58eff514d) Importer(815301076,1909f56bfc062723c751e8b465ee728b)
Start importing Assets/Tiles/main_lev_build_1040.asset using Guid(6fe0c02eae4717e4ca3187d58eff514d) Importer(815301076,1909f56bfc062723c751e8b465ee728b) [PhysX] Initialized MultithreadedTaskDispatcher with 12 workers.
 -> (artifact id: 'dfb79c834c2bb65c47492f6ebba8a557') in 0.024526 seconds
Number of updated asset objects reloaded before import = 0
Number of asset objects unloaded after import = 3
========================================================================
Received Import Request.
  Time since last request: 0.000042 seconds.
  path: Assets/Tiles/main_lev_build_1031.asset
  artifactKey: Guid(2fc6a4004fe38404884dfe7a73065201) Importer(815301076,1909f56bfc062723c751e8b465ee728b)
Start importing Assets/Tiles/main_lev_build_1031.asset using Guid(2fc6a4004fe38404884dfe7a73065201) Importer(815301076,1909f56bfc062723c751e8b465ee728b) [PhysX] Initialized MultithreadedTaskDispatcher with 12 workers.
 -> (artifact id: 'd2d0edf925c60b7acf397f77e4284eb2') in 0.030422 seconds
Number of updated asset objects reloaded before import = 0
Number of asset objects unloaded after import = 3
========================================================================
Received Import Request.
  Time since last request: 0.000024 seconds.
  path: Assets/Tiles/main_lev_build_1067.asset
  artifactKey: Guid(974f0532ad1141144a2272d1186b3dab) Importer(815301076,1909f56bfc062723c751e8b465ee728b)
Start importing Assets/Tiles/main_lev_build_1067.asset using Guid(974f0532ad1141144a2272d1186b3dab) Importer(815301076,1909f56bfc062723c751e8b465ee728b) [PhysX] Initialized MultithreadedTaskDispatcher with 12 workers.
 -> (artifact id: '2be242f1419d7ce47b494de1ea2529d0') in 0.057311 seconds
Number of updated asset objects reloaded before import = 0
Number of asset objects unloaded after import = 3
========================================================================
Received Import Request.
  Time since last request: 0.000034 seconds.
  path: Assets/Tiles/main_lev_build_1104.asset
  artifactKey: Guid(604efc309e60566479365b4eb23175be) Importer(815301076,1909f56bfc062723c751e8b465ee728b)
Start importing Assets/Tiles/main_lev_build_1104.asset using Guid(604efc309e60566479365b4eb23175be) Importer(815301076,1909f56bfc062723c751e8b465ee728b) [PhysX] Initialized MultithreadedTaskDispatcher with 12 workers.
 -> (artifact id: '76661ad52c0954633fc735758703525d') in 0.028652 seconds
Number of updated asset objects reloaded before import = 0
Number of asset objects unloaded after import = 3
========================================================================
Received Import Request.
  Time since last request: 0.000028 seconds.
  path: Assets/Tiles/main_lev_build_1110.asset
  artifactKey: Guid(cce6b40daf9813c4586c1becc4243491) Importer(815301076,1909f56bfc062723c751e8b465ee728b)
Start importing Assets/Tiles/main_lev_build_1110.asset using Guid(cce6b40daf9813c4586c1becc4243491) Importer(815301076,1909f56bfc062723c751e8b465ee728b) [PhysX] Initialized MultithreadedTaskDispatcher with 12 workers.
 -> (artifact id: 'f5d8f961d1c66ee3acd3d3c89c618bb2') in 0.029219 seconds
Number of updated asset objects reloaded before import = 0
Number of asset objects unloaded after import = 3
========================================================================
Received Import Request.
  Time since last request: 0.000029 seconds.
  path: Assets/Tiles/main_lev_build_813.asset
  artifactKey: Guid(1bb43a5dadfecdf44a2e49e647335759) Importer(815301076,1909f56bfc062723c751e8b465ee728b)
Start importing Assets/Tiles/main_lev_build_813.asset using Guid(1bb43a5dadfecdf44a2e49e647335759) Importer(815301076,1909f56bfc062723c751e8b465ee728b) [PhysX] Initialized MultithreadedTaskDispatcher with 12 workers.
 -> (artifact id: '4b55c0cd1001d167eeb6abef0fcca689') in 0.052903 seconds
Number of updated asset objects reloaded before import = 0
Number of asset objects unloaded after import = 3
========================================================================
Received Import Request.
  Time since last request: 0.000028 seconds.
  path: Assets/Tiles/main_lev_build_844.asset
  artifactKey: Guid(7ca7f39ebc9d5b74b947990215f776b3) Importer(815301076,1909f56bfc062723c751e8b465ee728b)
Start importing Assets/Tiles/main_lev_build_844.asset using Guid(7ca7f39ebc9d5b74b947990215f776b3) Importer(815301076,1909f56bfc062723c751e8b465ee728b) [PhysX] Initialized MultithreadedTaskDispatcher with 12 workers.
 -> (artifact id: '988d9efa0c3f86f8ce78cb0139f83376') in 0.031067 seconds
Number of updated asset objects reloaded before import = 0
Number of asset objects unloaded after import = 3
========================================================================
Received Import Request.
  Time since last request: 0.000148 seconds.
  path: Assets/Tiles/main_lev_build_886.asset
  artifactKey: Guid(5ea686f2288fde14db6126b28e00639b) Importer(815301076,1909f56bfc062723c751e8b465ee728b)
Start importing Assets/Tiles/main_lev_build_886.asset using Guid(5ea686f2288fde14db6126b28e00639b) Importer(815301076,1909f56bfc062723c751e8b465ee728b) [PhysX] Initialized MultithreadedTaskDispatcher with 12 workers.
 -> (artifact id: 'a8b1fe29439a57793fe544c39408b950') in 0.078822 seconds
Number of updated asset objects reloaded before import = 0
Number of asset objects unloaded after import = 3
========================================================================
Received Import Request.
  Time since last request: 0.000039 seconds.
  path: Assets/Tiles/main_lev_build_1048.asset
  artifactKey: Guid(8af1416b5c90bea4c9f5493b3766b579) Importer(815301076,1909f56bfc062723c751e8b465ee728b)
Start importing Assets/Tiles/main_lev_build_1048.asset using Guid(8af1416b5c90bea4c9f5493b3766b579) Importer(815301076,1909f56bfc062723c751e8b465ee728b) [PhysX] Initialized MultithreadedTaskDispatcher with 12 workers.
 -> (artifact id: '3c6b39aef746eea7b887152c0c17d34d') in 0.085365 seconds
Number of updated asset objects reloaded before import = 0
Number of asset objects unloaded after import = 3
========================================================================
Received Import Request.
  Time since last request: 0.000021 seconds.
  path: Assets/Tiles/main_lev_build_1131.asset
  artifactKey: Guid(f42cddbee18e5424b8fa145a376e55f6) Importer(815301076,1909f56bfc062723c751e8b465ee728b)
Start importing Assets/Tiles/main_lev_build_1131.asset using Guid(f42cddbee18e5424b8fa145a376e55f6) Importer(815301076,1909f56bfc062723c751e8b465ee728b) [PhysX] Initialized MultithreadedTaskDispatcher with 12 workers.
 -> (artifact id: 'eadbf0c608cc0f0d0290511df50407ba') in 0.110910 seconds
Number of updated asset objects reloaded before import = 0
Number of asset objects unloaded after import = 3
========================================================================
Received Import Request.
  Time since last request: 0.000028 seconds.
  path: Assets/Tiles/main_lev_build_1153.asset
  artifactKey: Guid(338583b1f7a1a6449a25636c0ebe634d) Importer(815301076,1909f56bfc062723c751e8b465ee728b)
Start importing Assets/Tiles/main_lev_build_1153.asset using Guid(338583b1f7a1a6449a25636c0ebe634d) Importer(815301076,1909f56bfc062723c751e8b465ee728b) [PhysX] Initialized MultithreadedTaskDispatcher with 12 workers.
 -> (artifact id: 'd6d5d1fa024b1bf368e0dc9f478b87f7') in 0.034293 seconds
Number of updated asset objects reloaded before import = 0
Number of asset objects unloaded after import = 3
========================================================================
Received Import Request.
  Time since last request: 0.000037 seconds.
  path: Assets/Tiles/main_lev_build_1255.asset
  artifactKey: Guid(14f9f1412ee5e9e47a72bd6e1b803e13) Importer(815301076,1909f56bfc062723c751e8b465ee728b)
Start importing Assets/Tiles/main_lev_build_1255.asset using Guid(14f9f1412ee5e9e47a72bd6e1b803e13) Importer(815301076,1909f56bfc062723c751e8b465ee728b) [PhysX] Initialized MultithreadedTaskDispatcher with 12 workers.
 -> (artifact id: '2a49bd3644060275148f5a249af15668') in 0.030057 seconds
Number of updated asset objects reloaded before import = 0
Number of asset objects unloaded after import = 3
========================================================================
Received Import Request.
  Time since last request: 0.000039 seconds.
  path: Assets/Tiles/main_lev_build_1248.asset
  artifactKey: Guid(56a5c7eac5a52234fa200e775a3db308) Importer(815301076,1909f56bfc062723c751e8b465ee728b)
Start importing Assets/Tiles/main_lev_build_1248.asset using Guid(56a5c7eac5a52234fa200e775a3db308) Importer(815301076,1909f56bfc062723c751e8b465ee728b) [PhysX] Initialized MultithreadedTaskDispatcher with 12 workers.
 -> (artifact id: '601644ebc4984b7db6e7177d89b1c09d') in 0.026670 seconds
Number of updated asset objects reloaded before import = 0
Number of asset objects unloaded after import = 3
========================================================================
Received Import Request.
  Time since last request: 0.000019 seconds.
  path: Assets/Tiles/main_lev_build_1277.asset
  artifactKey: Guid(dd7df8e5625185c45a6e45756cab3d5a) Importer(815301076,1909f56bfc062723c751e8b465ee728b)
Start importing Assets/Tiles/main_lev_build_1277.asset using Guid(dd7df8e5625185c45a6e45756cab3d5a) Importer(815301076,1909f56bfc062723c751e8b465ee728b) [PhysX] Initialized MultithreadedTaskDispatcher with 12 workers.
 -> (artifact id: 'd99d6505403bea3cd811bb8a4a840f02') in 0.031447 seconds
Number of updated asset objects reloaded before import = 0
Number of asset objects unloaded after import = 3
========================================================================
Received Import Request.
  Time since last request: 0.000336 seconds.
  path: Assets/Tiles/main_lev_build_1300.asset
  artifactKey: Guid(b04d41f2c36319d44b713c8fe7475197) Importer(815301076,1909f56bfc062723c751e8b465ee728b)
Start importing Assets/Tiles/main_lev_build_1300.asset using Guid(b04d41f2c36319d44b713c8fe7475197) Importer(815301076,1909f56bfc062723c751e8b465ee728b) [PhysX] Initialized MultithreadedTaskDispatcher with 12 workers.
 -> (artifact id: 'b6421bd9b86bbae910f5aac50c760c50') in 0.050643 seconds
Number of updated asset objects reloaded before import = 0
Number of asset objects unloaded after import = 3
========================================================================
Received Import Request.
  Time since last request: 0.000025 seconds.
  path: Assets/Tiles/main_lev_build_1272.asset
  artifactKey: Guid(5c15135d92e18f246b398e0cad275e5d) Importer(815301076,1909f56bfc062723c751e8b465ee728b)
Start importing Assets/Tiles/main_lev_build_1272.asset using Guid(5c15135d92e18f246b398e0cad275e5d) Importer(815301076,1909f56bfc062723c751e8b465ee728b) [PhysX] Initialized MultithreadedTaskDispatcher with 12 workers.
 -> (artifact id: '1f4790983076782d822bea15ba98569e') in 0.040146 seconds
Number of updated asset objects reloaded before import = 0
Number of asset objects unloaded after import = 3
========================================================================
Received Import Request.
  Time since last request: 0.000022 seconds.
  path: Assets/Tiles/main_lev_build_1319.asset
  artifactKey: Guid(faebabec2936ebe4bad266c5d6bd4038) Importer(815301076,1909f56bfc062723c751e8b465ee728b)
Start importing Assets/Tiles/main_lev_build_1319.asset using Guid(faebabec2936ebe4bad266c5d6bd4038) Importer(815301076,1909f56bfc062723c751e8b465ee728b) [PhysX] Initialized MultithreadedTaskDispatcher with 12 workers.
 -> (artifact id: 'cab6747022d67e9a5b35ab5649da87c3') in 0.026767 seconds
Number of updated asset objects reloaded before import = 0
Number of asset objects unloaded after import = 3
========================================================================
Received Import Request.
  Time since last request: 0.000025 seconds.
  path: Assets/Tiles/main_lev_build_1347.asset
  artifactKey: Guid(60e686a8d33d82e4e83ae7529a20b07e) Importer(815301076,1909f56bfc062723c751e8b465ee728b)
Start importing Assets/Tiles/main_lev_build_1347.asset using Guid(60e686a8d33d82e4e83ae7529a20b07e) Importer(815301076,1909f56bfc062723c751e8b465ee728b) [PhysX] Initialized MultithreadedTaskDispatcher with 12 workers.
 -> (artifact id: 'b43d01887a410c5e9929fa774569149b') in 0.026932 seconds
Number of updated asset objects reloaded before import = 0
Number of asset objects unloaded after import = 3
========================================================================
Received Import Request.
  Time since last request: 0.000028 seconds.
  path: Assets/Tiles/main_lev_build_431.asset
  artifactKey: Guid(2ce5caba193adc441afb1c5a3d54d3ab) Importer(815301076,1909f56bfc062723c751e8b465ee728b)
Start importing Assets/Tiles/main_lev_build_431.asset using Guid(2ce5caba193adc441afb1c5a3d54d3ab) Importer(815301076,1909f56bfc062723c751e8b465ee728b) [PhysX] Initialized MultithreadedTaskDispatcher with 12 workers.
 -> (artifact id: 'f398de99ca8a8b32b92c3277074e4ccb') in 0.025195 seconds
Number of updated asset objects reloaded before import = 0
Number of asset objects unloaded after import = 3
========================================================================
Received Import Request.
  Time since last request: 0.000048 seconds.
  path: Assets/Tiles/main_lev_build_1353.asset
  artifactKey: Guid(9325d027ae982164eb9288904bb9885b) Importer(815301076,1909f56bfc062723c751e8b465ee728b)
Start importing Assets/Tiles/main_lev_build_1353.asset using Guid(9325d027ae982164eb9288904bb9885b) Importer(815301076,1909f56bfc062723c751e8b465ee728b) [PhysX] Initialized MultithreadedTaskDispatcher with 12 workers.
 -> (artifact id: '48ecb963f1d9af534639e702e929480d') in 0.028639 seconds
Number of updated asset objects reloaded before import = 0
Number of asset objects unloaded after import = 3
========================================================================
Received Import Request.
  Time since last request: 0.000027 seconds.
  path: Assets/Tiles/main_lev_build_1109.asset
  artifactKey: Guid(5a32678991e131343ae29ee3297e6ceb) Importer(815301076,1909f56bfc062723c751e8b465ee728b)
Start importing Assets/Tiles/main_lev_build_1109.asset using Guid(5a32678991e131343ae29ee3297e6ceb) Importer(815301076,1909f56bfc062723c751e8b465ee728b) [PhysX] Initialized MultithreadedTaskDispatcher with 12 workers.
 -> (artifact id: '928893075a65c5116b07bf99b557105d') in 0.028561 seconds
Number of updated asset objects reloaded before import = 0
Number of asset objects unloaded after import = 3
========================================================================
Received Import Request.
  Time since last request: 0.000026 seconds.
  path: Assets/Tiles/main_lev_build_1507.asset
  artifactKey: Guid(385af454965b6254dad6ea5a580df137) Importer(815301076,1909f56bfc062723c751e8b465ee728b)
Start importing Assets/Tiles/main_lev_build_1507.asset using Guid(385af454965b6254dad6ea5a580df137) Importer(815301076,1909f56bfc062723c751e8b465ee728b) [PhysX] Initialized MultithreadedTaskDispatcher with 12 workers.
 -> (artifact id: 'c33cb91f2cc0a619a9da3edfc8876982') in 0.024912 seconds
Number of updated asset objects reloaded before import = 0
Number of asset objects unloaded after import = 3
========================================================================
Received Import Request.
  Time since last request: 0.000021 seconds.
  path: Assets/Tiles/main_lev_build_1529.asset
  artifactKey: Guid(4fa2a6c0fff951f4e840ccd7b9feae46) Importer(815301076,1909f56bfc062723c751e8b465ee728b)
Start importing Assets/Tiles/main_lev_build_1529.asset using Guid(4fa2a6c0fff951f4e840ccd7b9feae46) Importer(815301076,1909f56bfc062723c751e8b465ee728b) [PhysX] Initialized MultithreadedTaskDispatcher with 12 workers.
 -> (artifact id: 'a1a96010bd036f8e67a7bf30da4cf3c5') in 0.026311 seconds
Number of updated asset objects reloaded before import = 0
Number of asset objects unloaded after import = 3
========================================================================
Received Import Request.
  Time since last request: 0.000036 seconds.
  path: Assets/Tiles/main_lev_build_1497.asset
  artifactKey: Guid(7082d949f01a3e54ea9f892ee6b412ca) Importer(815301076,1909f56bfc062723c751e8b465ee728b)
Start importing Assets/Tiles/main_lev_build_1497.asset using Guid(7082d949f01a3e54ea9f892ee6b412ca) Importer(815301076,1909f56bfc062723c751e8b465ee728b) [PhysX] Initialized MultithreadedTaskDispatcher with 12 workers.
 -> (artifact id: '49d0ba6a57af0c61efdc881333ab8a99') in 0.026674 seconds
Number of updated asset objects reloaded before import = 0
Number of asset objects unloaded after import = 3
========================================================================
Received Import Request.
  Time since last request: 0.000027 seconds.
  path: Assets/Tiles/main_lev_build_1533.asset
  artifactKey: Guid(7f1a68dbc4716f54397612cba58d1e86) Importer(815301076,1909f56bfc062723c751e8b465ee728b)
Start importing Assets/Tiles/main_lev_build_1533.asset using Guid(7f1a68dbc4716f54397612cba58d1e86) Importer(815301076,1909f56bfc062723c751e8b465ee728b) [PhysX] Initialized MultithreadedTaskDispatcher with 12 workers.
 -> (artifact id: '4c1fd8057705c9f941000a75105c5179') in 0.035829 seconds
Number of updated asset objects reloaded before import = 0
Number of asset objects unloaded after import = 3
========================================================================
Received Import Request.
  Time since last request: 0.000024 seconds.
  path: Assets/Tiles/main_lev_build_1523.asset
  artifactKey: Guid(b9dc98057863ef0459da4ef1db9bf909) Importer(815301076,1909f56bfc062723c751e8b465ee728b)
Start importing Assets/Tiles/main_lev_build_1523.asset using Guid(b9dc98057863ef0459da4ef1db9bf909) Importer(815301076,1909f56bfc062723c751e8b465ee728b) [PhysX] Initialized MultithreadedTaskDispatcher with 12 workers.
 -> (artifact id: 'b9d4f7495f30f6fd949fea02ead9c419') in 0.031511 seconds
Number of updated asset objects reloaded before import = 0
Number of asset objects unloaded after import = 3
========================================================================
Received Import Request.
  Time since last request: 0.000029 seconds.
  path: Assets/Tiles/main_lev_build_1485.asset
  artifactKey: Guid(6a02b3d91bb25104e94e2e5220d47fe1) Importer(815301076,1909f56bfc062723c751e8b465ee728b)
Start importing Assets/Tiles/main_lev_build_1485.asset using Guid(6a02b3d91bb25104e94e2e5220d47fe1) Importer(815301076,1909f56bfc062723c751e8b465ee728b) [PhysX] Initialized MultithreadedTaskDispatcher with 12 workers.
 -> (artifact id: '2a468509ad13e2f9f0c829bc98fe0040') in 0.027631 seconds
Number of updated asset objects reloaded before import = 0
Number of asset objects unloaded after import = 3
========================================================================
Received Import Request.
  Time since last request: 0.000059 seconds.
  path: Assets/Tiles/main_lev_build_1568.asset
  artifactKey: Guid(3ca2b65a63380314f8ddeaca75647a3a) Importer(815301076,1909f56bfc062723c751e8b465ee728b)
Start importing Assets/Tiles/main_lev_build_1568.asset using Guid(3ca2b65a63380314f8ddeaca75647a3a) Importer(815301076,1909f56bfc062723c751e8b465ee728b) [PhysX] Initialized MultithreadedTaskDispatcher with 12 workers.
 -> (artifact id: 'f91c7f22d56b4cc72f89adeb1019dcb5') in 0.033556 seconds
Number of updated asset objects reloaded before import = 0
Number of asset objects unloaded after import = 3
========================================================================
Received Import Request.
  Time since last request: 0.000028 seconds.
  path: Assets/Tiles/main_lev_build_1062.asset
  artifactKey: Guid(a34079b622b9f484c9d2f4fc0e6c781c) Importer(815301076,1909f56bfc062723c751e8b465ee728b)
Start importing Assets/Tiles/main_lev_build_1062.asset using Guid(a34079b622b9f484c9d2f4fc0e6c781c) Importer(815301076,1909f56bfc062723c751e8b465ee728b) [PhysX] Initialized MultithreadedTaskDispatcher with 12 workers.
 -> (artifact id: 'db289d3ed437d8249fc1560919dec9ac') in 0.023703 seconds
Number of updated asset objects reloaded before import = 0
Number of asset objects unloaded after import = 3
========================================================================
Received Import Request.
  Time since last request: 0.000043 seconds.
  path: Assets/Tiles/main_lev_build_1359.asset
  artifactKey: Guid(4f20784314706ac45935bef3f0ba8af6) Importer(815301076,1909f56bfc062723c751e8b465ee728b)
Start importing Assets/Tiles/main_lev_build_1359.asset using Guid(4f20784314706ac45935bef3f0ba8af6) Importer(815301076,1909f56bfc062723c751e8b465ee728b) [PhysX] Initialized MultithreadedTaskDispatcher with 12 workers.
 -> (artifact id: 'a75840faee6b5b35f6e9018c56d26fb1') in 0.034085 seconds
Number of updated asset objects reloaded before import = 0
Number of asset objects unloaded after import = 3
========================================================================
Received Import Request.
  Time since last request: 0.000026 seconds.
  path: Assets/Tiles/main_lev_build_1345.asset
  artifactKey: Guid(cc03c64da2547764b9566fff3f0d6e37) Importer(815301076,1909f56bfc062723c751e8b465ee728b)
Start importing Assets/Tiles/main_lev_build_1345.asset using Guid(cc03c64da2547764b9566fff3f0d6e37) Importer(815301076,1909f56bfc062723c751e8b465ee728b) [PhysX] Initialized MultithreadedTaskDispatcher with 12 workers.
 -> (artifact id: '8d9ad8d62bf1b5d6be6ee24a2d5d891c') in 0.026666 seconds
Number of updated asset objects reloaded before import = 0
Number of asset objects unloaded after import = 3
========================================================================
Received Import Request.
  Time since last request: 0.000041 seconds.
  path: Assets/Tiles/main_lev_build_1613.asset
  artifactKey: Guid(58a66344f7f38744c829ab2c59ced9c9) Importer(815301076,1909f56bfc062723c751e8b465ee728b)
Start importing Assets/Tiles/main_lev_build_1613.asset using Guid(58a66344f7f38744c829ab2c59ced9c9) Importer(815301076,1909f56bfc062723c751e8b465ee728b) [PhysX] Initialized MultithreadedTaskDispatcher with 12 workers.
 -> (artifact id: '2c342d8db8b2f07b56d335831de3e28f') in 0.057180 seconds
Number of updated asset objects reloaded before import = 0
Number of asset objects unloaded after import = 3
========================================================================
Received Import Request.
  Time since last request: 0.000039 seconds.
  path: Assets/Tiles/main_lev_build_1739.asset
  artifactKey: Guid(a12b7510c4b415945b0008e4f2d97918) Importer(815301076,1909f56bfc062723c751e8b465ee728b)
Start importing Assets/Tiles/main_lev_build_1739.asset using Guid(a12b7510c4b415945b0008e4f2d97918) Importer(815301076,1909f56bfc062723c751e8b465ee728b) [PhysX] Initialized MultithreadedTaskDispatcher with 12 workers.
 -> (artifact id: '52aa1998fa744766703fa8f6b0941562') in 0.045365 seconds
Number of updated asset objects reloaded before import = 0
Number of asset objects unloaded after import = 3
========================================================================
Received Import Request.
  Time since last request: 0.000034 seconds.
  path: Assets/Tiles/main_lev_build_1672.asset
  artifactKey: Guid(416003808388c9c49b756f6bbac2fe82) Importer(815301076,1909f56bfc062723c751e8b465ee728b)
Start importing Assets/Tiles/main_lev_build_1672.asset using Guid(416003808388c9c49b756f6bbac2fe82) Importer(815301076,1909f56bfc062723c751e8b465ee728b) [PhysX] Initialized MultithreadedTaskDispatcher with 12 workers.
 -> (artifact id: '4859f99254555d519a45eee61fac5d28') in 0.027988 seconds
Number of updated asset objects reloaded before import = 0
Number of asset objects unloaded after import = 3
========================================================================
Received Import Request.
  Time since last request: 0.000025 seconds.
  path: Assets/Tiles/main_lev_build_1719.asset
  artifactKey: Guid(96744e368e211ab458553c9768cff8d2) Importer(815301076,1909f56bfc062723c751e8b465ee728b)
Start importing Assets/Tiles/main_lev_build_1719.asset using Guid(96744e368e211ab458553c9768cff8d2) Importer(815301076,1909f56bfc062723c751e8b465ee728b) [PhysX] Initialized MultithreadedTaskDispatcher with 12 workers.
 -> (artifact id: 'b82f2ae9427b696e2cec4b46ff21e820') in 0.031146 seconds
Number of updated asset objects reloaded before import = 0
Number of asset objects unloaded after import = 3
========================================================================
Received Import Request.
  Time since last request: 0.000025 seconds.
  path: Assets/Tiles/main_lev_build_1605.asset
  artifactKey: Guid(e87a4c1fdb5cf694bb2f7714eeff9e92) Importer(815301076,1909f56bfc062723c751e8b465ee728b)
Start importing Assets/Tiles/main_lev_build_1605.asset using Guid(e87a4c1fdb5cf694bb2f7714eeff9e92) Importer(815301076,1909f56bfc062723c751e8b465ee728b) [PhysX] Initialized MultithreadedTaskDispatcher with 12 workers.
 -> (artifact id: 'f1379e7fb339372cec054680945099dd') in 0.026728 seconds
Number of updated asset objects reloaded before import = 0
Number of asset objects unloaded after import = 3
========================================================================
Received Import Request.
  Time since last request: 0.000041 seconds.
  path: Assets/Tiles/main_lev_build_1676.asset
  artifactKey: Guid(21ca250e33d30bb46a752b725f614af7) Importer(815301076,1909f56bfc062723c751e8b465ee728b)
Start importing Assets/Tiles/main_lev_build_1676.asset using Guid(21ca250e33d30bb46a752b725f614af7) Importer(815301076,1909f56bfc062723c751e8b465ee728b) [PhysX] Initialized MultithreadedTaskDispatcher with 12 workers.
 -> (artifact id: '2426edd7db55ea9b4d07d92b3302758d') in 0.061044 seconds
Number of updated asset objects reloaded before import = 0
Number of asset objects unloaded after import = 3
========================================================================
Received Import Request.
  Time since last request: 0.000036 seconds.
  path: Assets/Tiles/main_lev_build_1641.asset
  artifactKey: Guid(ac630bd38e7cde443a621e6fefa32aac) Importer(815301076,1909f56bfc062723c751e8b465ee728b)
Start importing Assets/Tiles/main_lev_build_1641.asset using Guid(ac630bd38e7cde443a621e6fefa32aac) Importer(815301076,1909f56bfc062723c751e8b465ee728b) [PhysX] Initialized MultithreadedTaskDispatcher with 12 workers.
 -> (artifact id: 'd62ef00c507ed87320697f82f01655a2') in 0.237979 seconds
Number of updated asset objects reloaded before import = 0
Number of asset objects unloaded after import = 3
========================================================================
Received Import Request.
  Time since last request: 0.000024 seconds.
  path: Assets/Tiles/main_lev_build_1759.asset
  artifactKey: Guid(391f87201176e3a4ea47a99b86ba9b74) Importer(815301076,1909f56bfc062723c751e8b465ee728b)
Start importing Assets/Tiles/main_lev_build_1759.asset using Guid(391f87201176e3a4ea47a99b86ba9b74) Importer(815301076,1909f56bfc062723c751e8b465ee728b) [PhysX] Initialized MultithreadedTaskDispatcher with 12 workers.
 -> (artifact id: '3853bf1674f667d738b47bcf86d49737') in 0.032008 seconds
Number of updated asset objects reloaded before import = 0
Number of asset objects unloaded after import = 3
========================================================================
Received Import Request.
  Time since last request: 0.000049 seconds.
  path: Assets/Tiles/main_lev_build_1774.asset
  artifactKey: Guid(fbd16182eedcdc141986c860b0cc1484) Importer(815301076,1909f56bfc062723c751e8b465ee728b)
Start importing Assets/Tiles/main_lev_build_1774.asset using Guid(fbd16182eedcdc141986c860b0cc1484) Importer(815301076,1909f56bfc062723c751e8b465ee728b) [PhysX] Initialized MultithreadedTaskDispatcher with 12 workers.
 -> (artifact id: '4beb4259ebcddce12860abc648662544') in 0.042578 seconds
Number of updated asset objects reloaded before import = 0
Number of asset objects unloaded after import = 3
========================================================================
Received Import Request.
  Time since last request: 0.000030 seconds.
  path: Assets/Tiles/main_lev_build_1708.asset
  artifactKey: Guid(c0c69b35cf6cdcb4cb9f86a3fc02b8ab) Importer(815301076,1909f56bfc062723c751e8b465ee728b)
Start importing Assets/Tiles/main_lev_build_1708.asset using Guid(c0c69b35cf6cdcb4cb9f86a3fc02b8ab) Importer(815301076,1909f56bfc062723c751e8b465ee728b) [PhysX] Initialized MultithreadedTaskDispatcher with 12 workers.
 -> (artifact id: 'ad56bff0c3bd55b9867ffb886c685239') in 0.026247 seconds
Number of updated asset objects reloaded before import = 0
Number of asset objects unloaded after import = 3
========================================================================
Received Import Request.
  Time since last request: 0.000022 seconds.
  path: Assets/Tiles/main_lev_build_1714.asset
  artifactKey: Guid(d37a0f825ecdfd549a6f7dce1b7a63ab) Importer(815301076,1909f56bfc062723c751e8b465ee728b)
Start importing Assets/Tiles/main_lev_build_1714.asset using Guid(d37a0f825ecdfd549a6f7dce1b7a63ab) Importer(815301076,1909f56bfc062723c751e8b465ee728b) [PhysX] Initialized MultithreadedTaskDispatcher with 12 workers.
 -> (artifact id: '9c878554e2115ba5a431612527bb0e20') in 0.027314 seconds
Number of updated asset objects reloaded before import = 0
Number of asset objects unloaded after import = 3
========================================================================
Received Import Request.
  Time since last request: 0.000029 seconds.
  path: Assets/Tiles/main_lev_build_558.asset
  artifactKey: Guid(ee2343662c42c514d9fad0896eb558a0) Importer(815301076,1909f56bfc062723c751e8b465ee728b)
Start importing Assets/Tiles/main_lev_build_558.asset using Guid(ee2343662c42c514d9fad0896eb558a0) Importer(815301076,1909f56bfc062723c751e8b465ee728b) [PhysX] Initialized MultithreadedTaskDispatcher with 12 workers.
 -> (artifact id: '767505506d71026c877fe0acce3df363') in 0.025326 seconds
Number of updated asset objects reloaded before import = 0
Number of asset objects unloaded after import = 3
========================================================================
Received Import Request.
  Time since last request: 0.000038 seconds.
  path: Assets/Tiles/main_lev_build_791.asset
  artifactKey: Guid(0ca1fb7b39a7ce240a0a56129f606bf7) Importer(815301076,1909f56bfc062723c751e8b465ee728b)
Start importing Assets/Tiles/main_lev_build_791.asset using Guid(0ca1fb7b39a7ce240a0a56129f606bf7) Importer(815301076,1909f56bfc062723c751e8b465ee728b) [PhysX] Initialized MultithreadedTaskDispatcher with 12 workers.
 -> (artifact id: '435d46837712ddfc4b1c82f358a3e022') in 0.027659 seconds
Number of updated asset objects reloaded before import = 0
Number of asset objects unloaded after import = 3
========================================================================
Received Import Request.
  Time since last request: 0.000024 seconds.
  path: Assets/Tiles/main_lev_build_1715.asset
  artifactKey: Guid(c652c9aaebae22349b61b2dd63bce9b8) Importer(815301076,1909f56bfc062723c751e8b465ee728b)
Start importing Assets/Tiles/main_lev_build_1715.asset using Guid(c652c9aaebae22349b61b2dd63bce9b8) Importer(815301076,1909f56bfc062723c751e8b465ee728b) [PhysX] Initialized MultithreadedTaskDispatcher with 12 workers.
 -> (artifact id: 'fef23f793fc34e05419b38b3a30b937e') in 0.031324 seconds
Number of updated asset objects reloaded before import = 0
Number of asset objects unloaded after import = 3
========================================================================
Received Import Request.
  Time since last request: 0.000029 seconds.
  path: Assets/Tiles/main_lev_build_1022.asset
  artifactKey: Guid(5632b25afee57f44a88f22a4201f2a9e) Importer(815301076,1909f56bfc062723c751e8b465ee728b)
Start importing Assets/Tiles/main_lev_build_1022.asset using Guid(5632b25afee57f44a88f22a4201f2a9e) Importer(815301076,1909f56bfc062723c751e8b465ee728b) [PhysX] Initialized MultithreadedTaskDispatcher with 12 workers.
 -> (artifact id: '8ff26e8e445576a5ecbb38af780d0cba') in 0.044668 seconds
Number of updated asset objects reloaded before import = 0
Number of asset objects unloaded after import = 3
========================================================================
Received Import Request.
  Time since last request: 0.000037 seconds.
  path: Assets/Tiles/main_lev_build_313.asset
  artifactKey: Guid(f3039a46e0d757542bd7c264252ee3ef) Importer(815301076,1909f56bfc062723c751e8b465ee728b)
Start importing Assets/Tiles/main_lev_build_313.asset using Guid(f3039a46e0d757542bd7c264252ee3ef) Importer(815301076,1909f56bfc062723c751e8b465ee728b) [PhysX] Initialized MultithreadedTaskDispatcher with 12 workers.
 -> (artifact id: 'fc11feba9dcf1e05a606d3f33856a4af') in 0.032557 seconds
Number of updated asset objects reloaded before import = 0
Number of asset objects unloaded after import = 3
========================================================================
Received Import Request.
  Time since last request: 0.000021 seconds.
  path: Assets/Tiles/main_lev_build_1728.asset
  artifactKey: Guid(ea288f64213717a4686eed91c3e7634a) Importer(815301076,1909f56bfc062723c751e8b465ee728b)
Start importing Assets/Tiles/main_lev_build_1728.asset using Guid(ea288f64213717a4686eed91c3e7634a) Importer(815301076,1909f56bfc062723c751e8b465ee728b) [PhysX] Initialized MultithreadedTaskDispatcher with 12 workers.
 -> (artifact id: '3d0cfb718cd3499d738be8b99aadc63a') in 0.027415 seconds
Number of updated asset objects reloaded before import = 0
Number of asset objects unloaded after import = 3
========================================================================
Received Import Request.
  Time since last request: 0.000029 seconds.
  path: Assets/Tiles/main_lev_build_129.asset
  artifactKey: Guid(385a4f826c66e0442bef02ed47e38acc) Importer(815301076,1909f56bfc062723c751e8b465ee728b)
Start importing Assets/Tiles/main_lev_build_129.asset using Guid(385a4f826c66e0442bef02ed47e38acc) Importer(815301076,1909f56bfc062723c751e8b465ee728b) [PhysX] Initialized MultithreadedTaskDispatcher with 12 workers.
 -> (artifact id: 'd4c4fac34665c80a775bbd57e76240e7') in 0.032845 seconds
Number of updated asset objects reloaded before import = 0
Number of asset objects unloaded after import = 3
========================================================================
Received Import Request.
  Time since last request: 0.000030 seconds.
  path: Assets/Tiles/main_lev_build_1600.asset
  artifactKey: Guid(be398469693f21a4fbe9a51c3a855767) Importer(815301076,1909f56bfc062723c751e8b465ee728b)
Start importing Assets/Tiles/main_lev_build_1600.asset using Guid(be398469693f21a4fbe9a51c3a855767) Importer(815301076,1909f56bfc062723c751e8b465ee728b) [PhysX] Initialized MultithreadedTaskDispatcher with 12 workers.
 -> (artifact id: 'a3734446379d2de1621feb9f501e9566') in 0.028781 seconds
Number of updated asset objects reloaded before import = 0
Number of asset objects unloaded after import = 3
========================================================================
Received Import Request.
  Time since last request: 0.000026 seconds.
  path: Assets/Tiles/main_lev_build_1558.asset
  artifactKey: Guid(9c7ca656bdd7c0f4cb49e53eb17d345d) Importer(815301076,1909f56bfc062723c751e8b465ee728b)
Start importing Assets/Tiles/main_lev_build_1558.asset using Guid(9c7ca656bdd7c0f4cb49e53eb17d345d) Importer(815301076,1909f56bfc062723c751e8b465ee728b) [PhysX] Initialized MultithreadedTaskDispatcher with 12 workers.
 -> (artifact id: '9f5b77ce09127ddd42cf81cf79e05c17') in 0.030024 seconds
Number of updated asset objects reloaded before import = 0
Number of asset objects unloaded after import = 3
========================================================================
Received Import Request.
  Time since last request: 0.000036 seconds.
  path: Assets/Tiles/main_lev_build_1089.asset
  artifactKey: Guid(7624d9645aecef341afe6f53cbdb9bbd) Importer(815301076,1909f56bfc062723c751e8b465ee728b)
Start importing Assets/Tiles/main_lev_build_1089.asset using Guid(7624d9645aecef341afe6f53cbdb9bbd) Importer(815301076,1909f56bfc062723c751e8b465ee728b) [PhysX] Initialized MultithreadedTaskDispatcher with 12 workers.
 -> (artifact id: 'e271dc985b91eaec22a374da84ac9910') in 0.046530 seconds
Number of updated asset objects reloaded before import = 0
Number of asset objects unloaded after import = 3
========================================================================
Received Import Request.
  Time since last request: 0.000019 seconds.
  path: Assets/Tiles/main_lev_build_864.asset
  artifactKey: Guid(d094e92d7ae902240b065921203893d8) Importer(815301076,1909f56bfc062723c751e8b465ee728b)
Start importing Assets/Tiles/main_lev_build_864.asset using Guid(d094e92d7ae902240b065921203893d8) Importer(815301076,1909f56bfc062723c751e8b465ee728b) [PhysX] Initialized MultithreadedTaskDispatcher with 12 workers.
 -> (artifact id: '22a46598fb2a28ec4a0d53d78a51e128') in 0.042569 seconds
Number of updated asset objects reloaded before import = 0
Number of asset objects unloaded after import = 3
========================================================================
Received Import Request.
  Time since last request: 0.000024 seconds.
  path: Assets/Tiles/main_lev_build_537.asset
  artifactKey: Guid(6d669f373dba18b41bc867199da57255) Importer(815301076,1909f56bfc062723c751e8b465ee728b)
Start importing Assets/Tiles/main_lev_build_537.asset using Guid(6d669f373dba18b41bc867199da57255) Importer(815301076,1909f56bfc062723c751e8b465ee728b) [PhysX] Initialized MultithreadedTaskDispatcher with 12 workers.
 -> (artifact id: 'ecb4d4801be175a9203b924ddca41066') in 0.043202 seconds
Number of updated asset objects reloaded before import = 0
Number of asset objects unloaded after import = 3
========================================================================
Received Import Request.
  Time since last request: 0.000035 seconds.
  path: Assets/Tiles/main_lev_build_1038.asset
  artifactKey: Guid(647148c440284634cbe266d105527327) Importer(815301076,1909f56bfc062723c751e8b465ee728b)
Start importing Assets/Tiles/main_lev_build_1038.asset using Guid(647148c440284634cbe266d105527327) Importer(815301076,1909f56bfc062723c751e8b465ee728b) [PhysX] Initialized MultithreadedTaskDispatcher with 12 workers.
 -> (artifact id: '6f45299cd795f448187aaeda8607b2f6') in 0.037935 seconds
Number of updated asset objects reloaded before import = 0
Number of asset objects unloaded after import = 3
========================================================================
Received Import Request.
  Time since last request: 0.000027 seconds.
  path: Assets/Tiles/main_lev_build_1285.asset
  artifactKey: Guid(5c78867b81f91084c84aeaf799cae09a) Importer(815301076,1909f56bfc062723c751e8b465ee728b)
Start importing Assets/Tiles/main_lev_build_1285.asset using Guid(5c78867b81f91084c84aeaf799cae09a) Importer(815301076,1909f56bfc062723c751e8b465ee728b) [PhysX] Initialized MultithreadedTaskDispatcher with 12 workers.
 -> (artifact id: 'fdf1d308401fc84d6bf6c7c445afbfe5') in 0.033822 seconds
Number of updated asset objects reloaded before import = 0
Number of asset objects unloaded after import = 3
========================================================================
Received Import Request.
  Time since last request: 0.000023 seconds.
  path: Assets/Tiles/main_lev_build_1331.asset
  artifactKey: Guid(b9b4e27749745f74abd3656a60b04597) Importer(815301076,1909f56bfc062723c751e8b465ee728b)
Start importing Assets/Tiles/main_lev_build_1331.asset using Guid(b9b4e27749745f74abd3656a60b04597) Importer(815301076,1909f56bfc062723c751e8b465ee728b) [PhysX] Initialized MultithreadedTaskDispatcher with 12 workers.
 -> (artifact id: 'f6cedddb0288858fb43a8700430dadc0') in 0.040071 seconds
Number of updated asset objects reloaded before import = 0
Number of asset objects unloaded after import = 3
========================================================================
Received Import Request.
  Time since last request: 0.000028 seconds.
  path: Assets/Tiles/main_lev_build_115.asset
  artifactKey: Guid(5ed6573df730b8b488a22cd466ec525a) Importer(815301076,1909f56bfc062723c751e8b465ee728b)
Start importing Assets/Tiles/main_lev_build_115.asset using Guid(5ed6573df730b8b488a22cd466ec525a) Importer(815301076,1909f56bfc062723c751e8b465ee728b) [PhysX] Initialized MultithreadedTaskDispatcher with 12 workers.
 -> (artifact id: 'c893c33745fb56f669ecdb2b3258949e') in 0.037183 seconds
Number of updated asset objects reloaded before import = 0
Number of asset objects unloaded after import = 3
========================================================================
Received Import Request.
  Time since last request: 0.000033 seconds.
  path: Assets/Tiles/main_lev_build_1336.asset
  artifactKey: Guid(0187293941068ca48b771d1870f2dd81) Importer(815301076,1909f56bfc062723c751e8b465ee728b)
Start importing Assets/Tiles/main_lev_build_1336.asset using Guid(0187293941068ca48b771d1870f2dd81) Importer(815301076,1909f56bfc062723c751e8b465ee728b) [PhysX] Initialized MultithreadedTaskDispatcher with 12 workers.
 -> (artifact id: '2c71341e44827edb2f66c83fb87fdd9d') in 0.046072 seconds
Number of updated asset objects reloaded before import = 0
Number of asset objects unloaded after import = 3
========================================================================
Received Import Request.
  Time since last request: 0.000031 seconds.
  path: Assets/Tiles/main_lev_build_807.asset
  artifactKey: Guid(653eb9c9271eb6849902f58173d539ec) Importer(815301076,1909f56bfc062723c751e8b465ee728b)
Start importing Assets/Tiles/main_lev_build_807.asset using Guid(653eb9c9271eb6849902f58173d539ec) Importer(815301076,1909f56bfc062723c751e8b465ee728b) [PhysX] Initialized MultithreadedTaskDispatcher with 12 workers.
 -> (artifact id: 'beaeb7ecc74a9e388fc9d3d755193d3a') in 0.031361 seconds
Number of updated asset objects reloaded before import = 0
Number of asset objects unloaded after import = 3
========================================================================
Received Import Request.
  Time since last request: 0.000032 seconds.
  path: Assets/Tiles/main_lev_build_796.asset
  artifactKey: Guid(61185738b16468249959e823baeef38a) Importer(815301076,1909f56bfc062723c751e8b465ee728b)
Start importing Assets/Tiles/main_lev_build_796.asset using Guid(61185738b16468249959e823baeef38a) Importer(815301076,1909f56bfc062723c751e8b465ee728b) [PhysX] Initialized MultithreadedTaskDispatcher with 12 workers.
 -> (artifact id: 'eb2c4ac24c71c717cff922af71e7db35') in 0.026030 seconds
Number of updated asset objects reloaded before import = 0
Number of asset objects unloaded after import = 3
========================================================================
Received Import Request.
  Time since last request: 0.000022 seconds.
  path: Assets/Tiles/main_lev_build_1542.asset
  artifactKey: Guid(93def2b8708829c4a985c3aaa9023bad) Importer(815301076,1909f56bfc062723c751e8b465ee728b)
Start importing Assets/Tiles/main_lev_build_1542.asset using Guid(93def2b8708829c4a985c3aaa9023bad) Importer(815301076,1909f56bfc062723c751e8b465ee728b) [PhysX] Initialized MultithreadedTaskDispatcher with 12 workers.
 -> (artifact id: '8a7027b51b958d9a621770eddc5c515f') in 0.031609 seconds
Number of updated asset objects reloaded before import = 0
Number of asset objects unloaded after import = 3
========================================================================
Received Import Request.
  Time since last request: 0.000026 seconds.
  path: Assets/Tiles/main_lev_build_1525.asset
  artifactKey: Guid(c5d1ae8f82c01ce4181112c0e1ed278b) Importer(815301076,1909f56bfc062723c751e8b465ee728b)
Start importing Assets/Tiles/main_lev_build_1525.asset using Guid(c5d1ae8f82c01ce4181112c0e1ed278b) Importer(815301076,1909f56bfc062723c751e8b465ee728b) [PhysX] Initialized MultithreadedTaskDispatcher with 12 workers.
 -> (artifact id: '8ec38d59d14d197119eb272e046afaba') in 0.034524 seconds
Number of updated asset objects reloaded before import = 0
Number of asset objects unloaded after import = 3
========================================================================
Received Import Request.
  Time since last request: 0.000022 seconds.
  path: Assets/Tiles/main_lev_build_858.asset
  artifactKey: Guid(9b0b1f2446d779b418bec77aad33db84) Importer(815301076,1909f56bfc062723c751e8b465ee728b)
Start importing Assets/Tiles/main_lev_build_858.asset using Guid(9b0b1f2446d779b418bec77aad33db84) Importer(815301076,1909f56bfc062723c751e8b465ee728b) [PhysX] Initialized MultithreadedTaskDispatcher with 12 workers.
 -> (artifact id: '0b0f7fb0f8f3f9050ba4a05caca5004b') in 0.023043 seconds
Number of updated asset objects reloaded before import = 0
Number of asset objects unloaded after import = 3
========================================================================
Received Import Request.
  Time since last request: 0.000018 seconds.
  path: Assets/Tiles/main_lev_build_1570.asset
  artifactKey: Guid(dc104652de53a914388363119ab7d16b) Importer(815301076,1909f56bfc062723c751e8b465ee728b)
Start importing Assets/Tiles/main_lev_build_1570.asset using Guid(dc104652de53a914388363119ab7d16b) Importer(815301076,1909f56bfc062723c751e8b465ee728b) [PhysX] Initialized MultithreadedTaskDispatcher with 12 workers.
 -> (artifact id: '162d5cb5e235a25486eea5cfb9252415') in 0.072590 seconds
Number of updated asset objects reloaded before import = 0
Number of asset objects unloaded after import = 3
========================================================================
Received Import Request.
  Time since last request: 0.000031 seconds.
  path: Assets/Tiles/main_lev_build_151.asset
  artifactKey: Guid(d567246d58b9d24448d4879f483a20ed) Importer(815301076,1909f56bfc062723c751e8b465ee728b)
Start importing Assets/Tiles/main_lev_build_151.asset using Guid(d567246d58b9d24448d4879f483a20ed) Importer(815301076,1909f56bfc062723c751e8b465ee728b) [PhysX] Initialized MultithreadedTaskDispatcher with 12 workers.
 -> (artifact id: 'db3cab674011e196931d0638de523db8') in 0.041880 seconds
Number of updated asset objects reloaded before import = 0
Number of asset objects unloaded after import = 3
========================================================================
Received Import Request.
  Time since last request: 0.000042 seconds.
  path: Assets/Tiles/main_lev_build_1597.asset
  artifactKey: Guid(f1a41d04847720f45a6c2e0186cf3367) Importer(815301076,1909f56bfc062723c751e8b465ee728b)
Start importing Assets/Tiles/main_lev_build_1597.asset using Guid(f1a41d04847720f45a6c2e0186cf3367) Importer(815301076,1909f56bfc062723c751e8b465ee728b) [PhysX] Initialized MultithreadedTaskDispatcher with 12 workers.
 -> (artifact id: 'e2b8b2fa81ad4973d1c53a6d0eaf114b') in 0.046489 seconds
Number of updated asset objects reloaded before import = 0
Number of asset objects unloaded after import = 3
========================================================================
Received Import Request.
  Time since last request: 0.000041 seconds.
  path: Assets/Tiles/main_lev_build_1614.asset
  artifactKey: Guid(312c490d34e66f741940382388afbd05) Importer(815301076,1909f56bfc062723c751e8b465ee728b)
Start importing Assets/Tiles/main_lev_build_1614.asset using Guid(312c490d34e66f741940382388afbd05) Importer(815301076,1909f56bfc062723c751e8b465ee728b) [PhysX] Initialized MultithreadedTaskDispatcher with 12 workers.
 -> (artifact id: '4ca61e6daa4092dbfb2d2c4368fb7cd5') in 0.055132 seconds
Number of updated asset objects reloaded before import = 0
Number of asset objects unloaded after import = 3
========================================================================
Received Import Request.
  Time since last request: 0.000029 seconds.
  path: Assets/Tiles/main_lev_build_1674.asset
  artifactKey: Guid(197bdf464cce4784b866d4e27a6d1933) Importer(815301076,1909f56bfc062723c751e8b465ee728b)
Start importing Assets/Tiles/main_lev_build_1674.asset using Guid(197bdf464cce4784b866d4e27a6d1933) Importer(815301076,1909f56bfc062723c751e8b465ee728b) [PhysX] Initialized MultithreadedTaskDispatcher with 12 workers.
 -> (artifact id: 'd2c978b3db096bceb65cbc533b4a357e') in 0.042183 seconds
Number of updated asset objects reloaded before import = 0
Number of asset objects unloaded after import = 3
========================================================================
Received Import Request.
  Time since last request: 0.000183 seconds.
  path: Assets/Tiles/main_lev_build_116.asset
  artifactKey: Guid(5069699fcfaef2e47aa626e4ee0b63ba) Importer(815301076,1909f56bfc062723c751e8b465ee728b)
Start importing Assets/Tiles/main_lev_build_116.asset using Guid(5069699fcfaef2e47aa626e4ee0b63ba) Importer(815301076,1909f56bfc062723c751e8b465ee728b) [PhysX] Initialized MultithreadedTaskDispatcher with 12 workers.
 -> (artifact id: 'a564085d2ed17eadd11e65e560d49d86') in 0.037043 seconds
Number of updated asset objects reloaded before import = 0
Number of asset objects unloaded after import = 3
========================================================================
Received Import Request.
  Time since last request: 0.000023 seconds.
  path: Assets/Tiles/main_lev_build_947.asset
  artifactKey: Guid(dc76781afccd65e438acc5d8a684b190) Importer(815301076,1909f56bfc062723c751e8b465ee728b)
Start importing Assets/Tiles/main_lev_build_947.asset using Guid(dc76781afccd65e438acc5d8a684b190) Importer(815301076,1909f56bfc062723c751e8b465ee728b) [PhysX] Initialized MultithreadedTaskDispatcher with 12 workers.
 -> (artifact id: 'e2d90fb98eb9d09483bdde855a93c7f9') in 0.016354 seconds
Number of updated asset objects reloaded before import = 0
Number of asset objects unloaded after import = 3
========================================================================
Received Import Request.
  Time since last request: 0.000035 seconds.
  path: Assets/Tiles/main_lev_build_475.asset
  artifactKey: Guid(afd43be8f89b101499ac7195787761d6) Importer(815301076,1909f56bfc062723c751e8b465ee728b)
Start importing Assets/Tiles/main_lev_build_475.asset using Guid(afd43be8f89b101499ac7195787761d6) Importer(815301076,1909f56bfc062723c751e8b465ee728b) [PhysX] Initialized MultithreadedTaskDispatcher with 12 workers.
 -> (artifact id: 'bb767e95e929847013adb7d56fe029e5') in 0.025906 seconds
Number of updated asset objects reloaded before import = 0
Number of asset objects unloaded after import = 3
========================================================================
Received Import Request.
  Time since last request: 0.000058 seconds.
  path: Assets/Tiles/main_lev_build_1745.asset
  artifactKey: Guid(0c854cc1c5d2dd742b1a766375f0b3b5) Importer(815301076,1909f56bfc062723c751e8b465ee728b)
Start importing Assets/Tiles/main_lev_build_1745.asset using Guid(0c854cc1c5d2dd742b1a766375f0b3b5) Importer(815301076,1909f56bfc062723c751e8b465ee728b) [PhysX] Initialized MultithreadedTaskDispatcher with 12 workers.
 -> (artifact id: '2eccf8e71e02080e18446777443c9b86') in 0.027517 seconds
Number of updated asset objects reloaded before import = 0
Number of asset objects unloaded after import = 3
========================================================================
Received Import Request.
  Time since last request: 0.000082 seconds.
  path: Assets/Tiles/main_lev_build_970.asset
  artifactKey: Guid(44c373938d3bad946ba07dad4c552c33) Importer(815301076,1909f56bfc062723c751e8b465ee728b)
Start importing Assets/Tiles/main_lev_build_970.asset using Guid(44c373938d3bad946ba07dad4c552c33) Importer(815301076,1909f56bfc062723c751e8b465ee728b) [PhysX] Initialized MultithreadedTaskDispatcher with 12 workers.
 -> (artifact id: 'fecaf9c29f3ea3ade2aeb7a0ebbe1d8f') in 0.028992 seconds
Number of updated asset objects reloaded before import = 0
Number of asset objects unloaded after import = 3
========================================================================
Received Import Request.
  Time since last request: 0.000037 seconds.
  path: Assets/Tiles/main_lev_build_780.asset
  artifactKey: Guid(56f4c998b438c4f4d859c989f127e392) Importer(815301076,1909f56bfc062723c751e8b465ee728b)
Start importing Assets/Tiles/main_lev_build_780.asset using Guid(56f4c998b438c4f4d859c989f127e392) Importer(815301076,1909f56bfc062723c751e8b465ee728b) [PhysX] Initialized MultithreadedTaskDispatcher with 12 workers.
 -> (artifact id: 'c53b3d480d810e8798fa0e0e0b53b347') in 0.023675 seconds
Number of updated asset objects reloaded before import = 0
Number of asset objects unloaded after import = 3
========================================================================
Received Import Request.
  Time since last request: 0.000024 seconds.
  path: Assets/Tiles/main_lev_build_1329.asset
  artifactKey: Guid(aecfdcdcc8a79f647a5dbb9e108a51f0) Importer(815301076,1909f56bfc062723c751e8b465ee728b)
Start importing Assets/Tiles/main_lev_build_1329.asset using Guid(aecfdcdcc8a79f647a5dbb9e108a51f0) Importer(815301076,1909f56bfc062723c751e8b465ee728b) [PhysX] Initialized MultithreadedTaskDispatcher with 12 workers.
 -> (artifact id: '8036fca12983fe5cae8948925bc2efaf') in 0.029135 seconds
Number of updated asset objects reloaded before import = 0
Number of asset objects unloaded after import = 3
========================================================================
Received Import Request.
  Time since last request: 0.000026 seconds.
  path: Assets/Tiles/main_lev_build_1717.asset
  artifactKey: Guid(c65c0dd7f78fb3f42a2ce14267bed74a) Importer(815301076,1909f56bfc062723c751e8b465ee728b)
Start importing Assets/Tiles/main_lev_build_1717.asset using Guid(c65c0dd7f78fb3f42a2ce14267bed74a) Importer(815301076,1909f56bfc062723c751e8b465ee728b) [PhysX] Initialized MultithreadedTaskDispatcher with 12 workers.
 -> (artifact id: 'b82b3ebe2269b66b6644713039535153') in 0.029353 seconds
Number of updated asset objects reloaded before import = 0
Number of asset objects unloaded after import = 3
========================================================================
Received Import Request.
  Time since last request: 0.000027 seconds.
  path: Assets/Tiles/main_lev_build_1058.asset
  artifactKey: Guid(5170c09789399bb41b65fff51385526e) Importer(815301076,1909f56bfc062723c751e8b465ee728b)
Start importing Assets/Tiles/main_lev_build_1058.asset using Guid(5170c09789399bb41b65fff51385526e) Importer(815301076,1909f56bfc062723c751e8b465ee728b) [PhysX] Initialized MultithreadedTaskDispatcher with 12 workers.
 -> (artifact id: 'ff5db3423b5b953d8b5e24b8c38ed3ca') in 0.044223 seconds
Number of updated asset objects reloaded before import = 0
Number of asset objects unloaded after import = 3
========================================================================
Received Import Request.
  Time since last request: 0.000042 seconds.
  path: Assets/Tiles/main_lev_build_1567.asset
  artifactKey: Guid(8613e1bbaa63f6e428c78db9451a1ae2) Importer(815301076,1909f56bfc062723c751e8b465ee728b)
Start importing Assets/Tiles/main_lev_build_1567.asset using Guid(8613e1bbaa63f6e428c78db9451a1ae2) Importer(815301076,1909f56bfc062723c751e8b465ee728b) [PhysX] Initialized MultithreadedTaskDispatcher with 12 workers.
 -> (artifact id: 'c67b4444cf88037716c39eacaa74f8f3') in 0.025222 seconds
Number of updated asset objects reloaded before import = 0
Number of asset objects unloaded after import = 3
========================================================================
Received Import Request.
  Time since last request: 0.000061 seconds.
  path: Assets/Tiles/main_lev_build_276.asset
  artifactKey: Guid(1e7073444e3001c4e82be1f449477a7a) Importer(815301076,1909f56bfc062723c751e8b465ee728b)
Start importing Assets/Tiles/main_lev_build_276.asset using Guid(1e7073444e3001c4e82be1f449477a7a) Importer(815301076,1909f56bfc062723c751e8b465ee728b) [PhysX] Initialized MultithreadedTaskDispatcher with 12 workers.
 -> (artifact id: '495ee013d1feac7f222305c69b0333ef') in 0.032398 seconds
Number of updated asset objects reloaded before import = 0
Number of asset objects unloaded after import = 3
========================================================================
Received Import Request.
  Time since last request: 0.000071 seconds.
  path: Assets/Tiles/main_lev_build_400.asset
  artifactKey: Guid(6164241a418f81a4e9b8081605b9a7e5) Importer(815301076,1909f56bfc062723c751e8b465ee728b)
Start importing Assets/Tiles/main_lev_build_400.asset using Guid(6164241a418f81a4e9b8081605b9a7e5) Importer(815301076,1909f56bfc062723c751e8b465ee728b) [PhysX] Initialized MultithreadedTaskDispatcher with 12 workers.
 -> (artifact id: '84f80364b8d093374f0416de3579f977') in 0.021318 seconds
Number of updated asset objects reloaded before import = 0
Number of asset objects unloaded after import = 3
========================================================================
Received Import Request.
  Time since last request: 0.000026 seconds.
  path: Assets/Tiles/main_lev_build_1711.asset
  artifactKey: Guid(612bde7a96f5da8469ca72f6313928ff) Importer(815301076,1909f56bfc062723c751e8b465ee728b)
Start importing Assets/Tiles/main_lev_build_1711.asset using Guid(612bde7a96f5da8469ca72f6313928ff) Importer(815301076,1909f56bfc062723c751e8b465ee728b) [PhysX] Initialized MultithreadedTaskDispatcher with 12 workers.
 -> (artifact id: 'b66027594c7095a77fa8ecb86499abcc') in 0.024816 seconds
Number of updated asset objects reloaded before import = 0
Number of asset objects unloaded after import = 3
========================================================================
Received Import Request.
  Time since last request: 0.000042 seconds.
  path: Assets/Tiles/main_lev_build_928.asset
  artifactKey: Guid(08f9da146b9901e47a85acaec9ae5d4a) Importer(815301076,1909f56bfc062723c751e8b465ee728b)
Start importing Assets/Tiles/main_lev_build_928.asset using Guid(08f9da146b9901e47a85acaec9ae5d4a) Importer(815301076,1909f56bfc062723c751e8b465ee728b) [PhysX] Initialized MultithreadedTaskDispatcher with 12 workers.
 -> (artifact id: '8ae9bfc109f6dace065bf25bf6c215fe') in 0.024173 seconds
Number of updated asset objects reloaded before import = 0
Number of asset objects unloaded after import = 3
========================================================================
Received Import Request.
  Time since last request: 0.000024 seconds.
  path: Assets/Tiles/main_lev_build_391.asset
  artifactKey: Guid(f12abb3eb06244b47be9776413d753d9) Importer(815301076,1909f56bfc062723c751e8b465ee728b)
Start importing Assets/Tiles/main_lev_build_391.asset using Guid(f12abb3eb06244b47be9776413d753d9) Importer(815301076,1909f56bfc062723c751e8b465ee728b) [PhysX] Initialized MultithreadedTaskDispatcher with 12 workers.
 -> (artifact id: '59a70e68784b5a9bafd5aceb3ebb47db') in 0.022886 seconds
Number of updated asset objects reloaded before import = 0
Number of asset objects unloaded after import = 3
========================================================================
Received Import Request.
  Time since last request: 0.000059 seconds.
  path: Assets/Tiles/main_lev_build_413.asset
  artifactKey: Guid(345497068045b8449aa734f11dd009e8) Importer(815301076,1909f56bfc062723c751e8b465ee728b)
Start importing Assets/Tiles/main_lev_build_413.asset using Guid(345497068045b8449aa734f11dd009e8) Importer(815301076,1909f56bfc062723c751e8b465ee728b) [PhysX] Initialized MultithreadedTaskDispatcher with 12 workers.
 -> (artifact id: 'f9ad6bc4745d0d9bffe65a887d21479d') in 0.026404 seconds
Number of updated asset objects reloaded before import = 0
Number of asset objects unloaded after import = 3
========================================================================
Received Import Request.
  Time since last request: 0.000018 seconds.
  path: Assets/Tiles/main_lev_build_185.asset
  artifactKey: Guid(6d61afcf13465fe4fa8ff15fb610f9fb) Importer(815301076,1909f56bfc062723c751e8b465ee728b)
Start importing Assets/Tiles/main_lev_build_185.asset using Guid(6d61afcf13465fe4fa8ff15fb610f9fb) Importer(815301076,1909f56bfc062723c751e8b465ee728b) [PhysX] Initialized MultithreadedTaskDispatcher with 12 workers.
 -> (artifact id: '4114d64dae0ed7097a3abe5abd6e8d04') in 0.025982 seconds
Number of updated asset objects reloaded before import = 0
Number of asset objects unloaded after import = 3
========================================================================
Received Import Request.
  Time since last request: 0.000033 seconds.
  path: Assets/Tiles/main_lev_build_1108.asset
  artifactKey: Guid(a4d9f67a77f9e0843863c864f27c2063) Importer(815301076,1909f56bfc062723c751e8b465ee728b)
Start importing Assets/Tiles/main_lev_build_1108.asset using Guid(a4d9f67a77f9e0843863c864f27c2063) Importer(815301076,1909f56bfc062723c751e8b465ee728b) [PhysX] Initialized MultithreadedTaskDispatcher with 12 workers.
 -> (artifact id: '163a766d76768e38aa5a3c8e3c6e1a67') in 0.025217 seconds
Number of updated asset objects reloaded before import = 0
Number of asset objects unloaded after import = 3
========================================================================
Received Import Request.
  Time since last request: 0.000021 seconds.
  path: Assets/Tiles/main_lev_build_1019.asset
  artifactKey: Guid(66dfee99aa82e8e49a0c02573b143165) Importer(815301076,1909f56bfc062723c751e8b465ee728b)
Start importing Assets/Tiles/main_lev_build_1019.asset using Guid(66dfee99aa82e8e49a0c02573b143165) Importer(815301076,1909f56bfc062723c751e8b465ee728b) [PhysX] Initialized MultithreadedTaskDispatcher with 12 workers.
 -> (artifact id: 'cb44e576dd1c3b2a9df0286379103f31') in 0.022451 seconds
Number of updated asset objects reloaded before import = 0
Number of asset objects unloaded after import = 3
========================================================================
Received Import Request.
  Time since last request: 0.000030 seconds.
  path: Assets/Tiles/main_lev_build_1700.asset
  artifactKey: Guid(6ca4b2975da00254489ffce56e18168b) Importer(815301076,1909f56bfc062723c751e8b465ee728b)
Start importing Assets/Tiles/main_lev_build_1700.asset using Guid(6ca4b2975da00254489ffce56e18168b) Importer(815301076,1909f56bfc062723c751e8b465ee728b) [PhysX] Initialized MultithreadedTaskDispatcher with 12 workers.
 -> (artifact id: 'e76f4e69ffb2e1b6961cc8f4e6b15d61') in 0.023759 seconds
Number of updated asset objects reloaded before import = 0
Number of asset objects unloaded after import = 3
========================================================================
Received Import Request.
  Time since last request: 0.000030 seconds.
  path: Assets/Tiles/main_lev_build_964.asset
  artifactKey: Guid(053a8fd86d9a4b24faadb6255aaa1a34) Importer(815301076,1909f56bfc062723c751e8b465ee728b)
Start importing Assets/Tiles/main_lev_build_964.asset using Guid(053a8fd86d9a4b24faadb6255aaa1a34) Importer(815301076,1909f56bfc062723c751e8b465ee728b) [PhysX] Initialized MultithreadedTaskDispatcher with 12 workers.
 -> (artifact id: 'fcfa3e348ae68929d98cbe07a70571b7') in 0.025901 seconds
Number of updated asset objects reloaded before import = 0
Number of asset objects unloaded after import = 3
========================================================================
Received Import Request.
  Time since last request: 0.000033 seconds.
  path: Assets/Tiles/main_lev_build_288.asset
  artifactKey: Guid(2b2b982c23e6a484eb71f1e546d3b79e) Importer(815301076,1909f56bfc062723c751e8b465ee728b)
Start importing Assets/Tiles/main_lev_build_288.asset using Guid(2b2b982c23e6a484eb71f1e546d3b79e) Importer(815301076,1909f56bfc062723c751e8b465ee728b) [PhysX] Initialized MultithreadedTaskDispatcher with 12 workers.
 -> (artifact id: 'cc89050dd341283941a56d3e5486c5c9') in 0.024875 seconds
Number of updated asset objects reloaded before import = 0
Number of asset objects unloaded after import = 3
========================================================================
Received Import Request.
  Time since last request: 0.000035 seconds.
  path: Assets/Tiles/main_lev_build_484.asset
  artifactKey: Guid(9ac945b327fb59d4eb1c4840902fbc69) Importer(815301076,1909f56bfc062723c751e8b465ee728b)
Start importing Assets/Tiles/main_lev_build_484.asset using Guid(9ac945b327fb59d4eb1c4840902fbc69) Importer(815301076,1909f56bfc062723c751e8b465ee728b) [PhysX] Initialized MultithreadedTaskDispatcher with 12 workers.
 -> (artifact id: '5c16be6f74c961d2a5824d4e2943d539') in 0.036640 seconds
Number of updated asset objects reloaded before import = 0
Number of asset objects unloaded after import = 3
========================================================================
Received Import Request.
  Time since last request: 0.000025 seconds.
  path: Assets/Tiles/main_lev_build_298.asset
  artifactKey: Guid(4c897c4d2959a9346982bd8d5910a473) Importer(815301076,1909f56bfc062723c751e8b465ee728b)
Start importing Assets/Tiles/main_lev_build_298.asset using Guid(4c897c4d2959a9346982bd8d5910a473) Importer(815301076,1909f56bfc062723c751e8b465ee728b) [PhysX] Initialized MultithreadedTaskDispatcher with 12 workers.
 -> (artifact id: '3c675520c08d109f1ce011c6dd6b3c2c') in 0.029061 seconds
Number of updated asset objects reloaded before import = 0
Number of asset objects unloaded after import = 3
========================================================================
Received Import Request.
  Time since last request: 0.000020 seconds.
  path: Assets/Tiles/main_lev_build_1666.asset
  artifactKey: Guid(b63a618572e77a54d846ee09fdb4ecff) Importer(815301076,1909f56bfc062723c751e8b465ee728b)
Start importing Assets/Tiles/main_lev_build_1666.asset using Guid(b63a618572e77a54d846ee09fdb4ecff) Importer(815301076,1909f56bfc062723c751e8b465ee728b) [PhysX] Initialized MultithreadedTaskDispatcher with 12 workers.
 -> (artifact id: '45bf75f91162705653ff64c9648f8cd3') in 0.022780 seconds
Number of updated asset objects reloaded before import = 0
Number of asset objects unloaded after import = 3
========================================================================
Received Import Request.
  Time since last request: 0.000025 seconds.
  path: Assets/Tiles/main_lev_build_1703.asset
  artifactKey: Guid(0860ad7dc33241a478067250880f5175) Importer(815301076,1909f56bfc062723c751e8b465ee728b)
Start importing Assets/Tiles/main_lev_build_1703.asset using Guid(0860ad7dc33241a478067250880f5175) Importer(815301076,1909f56bfc062723c751e8b465ee728b) [PhysX] Initialized MultithreadedTaskDispatcher with 12 workers.
 -> (artifact id: '5b2650ecbd07a7ad76c0847446741219') in 0.023798 seconds
Number of updated asset objects reloaded before import = 0
Number of asset objects unloaded after import = 3
========================================================================
Received Import Request.
  Time since last request: 0.000034 seconds.
  path: Assets/Tiles/main_lev_build_136.asset
  artifactKey: Guid(28a311363fd00ac49a4cd2dfa790fe31) Importer(815301076,1909f56bfc062723c751e8b465ee728b)
Start importing Assets/Tiles/main_lev_build_136.asset using Guid(28a311363fd00ac49a4cd2dfa790fe31) Importer(815301076,1909f56bfc062723c751e8b465ee728b) [PhysX] Initialized MultithreadedTaskDispatcher with 12 workers.
 -> (artifact id: '3134d2efcb14e5274f67d7544effa4f2') in 0.043202 seconds
Number of updated asset objects reloaded before import = 0
Number of asset objects unloaded after import = 3
========================================================================
Received Import Request.
  Time since last request: 0.000036 seconds.
  path: Assets/Tiles/main_lev_build_237.asset
  artifactKey: Guid(e928965a6b1f93247a6f4cd62b59e599) Importer(815301076,1909f56bfc062723c751e8b465ee728b)
Start importing Assets/Tiles/main_lev_build_237.asset using Guid(e928965a6b1f93247a6f4cd62b59e599) Importer(815301076,1909f56bfc062723c751e8b465ee728b) [PhysX] Initialized MultithreadedTaskDispatcher with 12 workers.
 -> (artifact id: 'e5e8fd93a670b80b1562912df63032cb') in 0.021368 seconds
Number of updated asset objects reloaded before import = 0
Number of asset objects unloaded after import = 3
========================================================================
Received Import Request.
  Time since last request: 0.000020 seconds.
  path: Assets/Tiles/main_lev_build_552.asset
  artifactKey: Guid(4f559eac51a18aa4da08cfa0f7042270) Importer(815301076,1909f56bfc062723c751e8b465ee728b)
Start importing Assets/Tiles/main_lev_build_552.asset using Guid(4f559eac51a18aa4da08cfa0f7042270) Importer(815301076,1909f56bfc062723c751e8b465ee728b) [PhysX] Initialized MultithreadedTaskDispatcher with 12 workers.
 -> (artifact id: '150ebffa35b78722d9de812a7e8cebf4') in 0.027147 seconds
Number of updated asset objects reloaded before import = 0
Number of asset objects unloaded after import = 3
========================================================================
Received Import Request.
  Time since last request: 0.000040 seconds.
  path: Assets/Tiles/main_lev_build_390.asset
  artifactKey: Guid(1eec6cd0e83becf4da4e7f6feb89156f) Importer(815301076,1909f56bfc062723c751e8b465ee728b)
Start importing Assets/Tiles/main_lev_build_390.asset using Guid(1eec6cd0e83becf4da4e7f6feb89156f) Importer(815301076,1909f56bfc062723c751e8b465ee728b) [PhysX] Initialized MultithreadedTaskDispatcher with 12 workers.
 -> (artifact id: '8d9e3bd5a146a9e71ddd99d0920b235f') in 0.022218 seconds
Number of updated asset objects reloaded before import = 0
Number of asset objects unloaded after import = 3
========================================================================
Received Import Request.
  Time since last request: 0.000060 seconds.
  path: Assets/Tiles/main_lev_build_1358.asset
  artifactKey: Guid(497a337191e74c04ab18327b5cbe6c4d) Importer(815301076,1909f56bfc062723c751e8b465ee728b)
Start importing Assets/Tiles/main_lev_build_1358.asset using Guid(497a337191e74c04ab18327b5cbe6c4d) Importer(815301076,1909f56bfc062723c751e8b465ee728b) [PhysX] Initialized MultithreadedTaskDispatcher with 12 workers.
 -> (artifact id: '95022d19f91b72daf84c7fb3ce84ff98') in 0.035956 seconds
Number of updated asset objects reloaded before import = 0
Number of asset objects unloaded after import = 3
========================================================================
Received Import Request.
  Time since last request: 0.000028 seconds.
  path: Assets/Tiles/main_lev_build_490.asset
  artifactKey: Guid(6a72dc8b46d23984e8a4563be6b7ed5c) Importer(815301076,1909f56bfc062723c751e8b465ee728b)
Start importing Assets/Tiles/main_lev_build_490.asset using Guid(6a72dc8b46d23984e8a4563be6b7ed5c) Importer(815301076,1909f56bfc062723c751e8b465ee728b) [PhysX] Initialized MultithreadedTaskDispatcher with 12 workers.
 -> (artifact id: '7d1eca1dc67a643fc160a8410e33d0dd') in 0.027888 seconds
Number of updated asset objects reloaded before import = 0
Number of asset objects unloaded after import = 3
========================================================================
Received Import Request.
  Time since last request: 0.000025 seconds.
  path: Assets/Tiles/main_lev_build_1361.asset
  artifactKey: Guid(8192288a19a9d3b499eb685e8b8d3529) Importer(815301076,1909f56bfc062723c751e8b465ee728b)
Start importing Assets/Tiles/main_lev_build_1361.asset using Guid(8192288a19a9d3b499eb685e8b8d3529) Importer(815301076,1909f56bfc062723c751e8b465ee728b) [PhysX] Initialized MultithreadedTaskDispatcher with 12 workers.
 -> (artifact id: '7ab0014a4059ffa8220ae276ce83a726') in 0.022267 seconds
Number of updated asset objects reloaded before import = 0
Number of asset objects unloaded after import = 3
========================================================================
Received Import Request.
  Time since last request: 0.000028 seconds.
  path: Assets/Tiles/main_lev_build_489.asset
  artifactKey: Guid(c83f90a1bcf764a4db15b6641ab04a61) Importer(815301076,1909f56bfc062723c751e8b465ee728b)
Start importing Assets/Tiles/main_lev_build_489.asset using Guid(c83f90a1bcf764a4db15b6641ab04a61) Importer(815301076,1909f56bfc062723c751e8b465ee728b) [PhysX] Initialized MultithreadedTaskDispatcher with 12 workers.
 -> (artifact id: '182b23a22646157d657bccdaa1539038') in 0.024542 seconds
Number of updated asset objects reloaded before import = 0
Number of asset objects unloaded after import = 3
========================================================================
Received Import Request.
  Time since last request: 0.000023 seconds.
  path: Assets/Tiles/main_lev_build_467.asset
  artifactKey: Guid(641dc3e450762e34093b50bf7b685e45) Importer(815301076,1909f56bfc062723c751e8b465ee728b)
Start importing Assets/Tiles/main_lev_build_467.asset using Guid(641dc3e450762e34093b50bf7b685e45) Importer(815301076,1909f56bfc062723c751e8b465ee728b) [PhysX] Initialized MultithreadedTaskDispatcher with 12 workers.
 -> (artifact id: '2f63b87264312281c402482e721b24d7') in 0.024071 seconds
Number of updated asset objects reloaded before import = 0
Number of asset objects unloaded after import = 3
========================================================================
Received Import Request.
  Time since last request: 0.000028 seconds.
  path: Assets/Tiles/main_lev_build_1585.asset
  artifactKey: Guid(0d171f70f3fc5df4eabdb59fbef1ff49) Importer(815301076,1909f56bfc062723c751e8b465ee728b)
Start importing Assets/Tiles/main_lev_build_1585.asset using Guid(0d171f70f3fc5df4eabdb59fbef1ff49) Importer(815301076,1909f56bfc062723c751e8b465ee728b) [PhysX] Initialized MultithreadedTaskDispatcher with 12 workers.
 -> (artifact id: 'a160768ebddc49904a091ec58b62e64c') in 0.026946 seconds
Number of updated asset objects reloaded before import = 0
Number of asset objects unloaded after import = 3
========================================================================
Received Import Request.
  Time since last request: 0.000029 seconds.
  path: Assets/Tiles/main_lev_build_384.asset
  artifactKey: Guid(82601be008b5640479fe25b06d93d834) Importer(815301076,1909f56bfc062723c751e8b465ee728b)
Start importing Assets/Tiles/main_lev_build_384.asset using Guid(82601be008b5640479fe25b06d93d834) Importer(815301076,1909f56bfc062723c751e8b465ee728b) [PhysX] Initialized MultithreadedTaskDispatcher with 12 workers.
 -> (artifact id: 'fafb2f7afca1ffca879f780861355100') in 0.063756 seconds
Number of updated asset objects reloaded before import = 0
Number of asset objects unloaded after import = 3
========================================================================
Received Import Request.
  Time since last request: 0.000031 seconds.
  path: Assets/Tiles/main_lev_build_221.asset
  artifactKey: Guid(6665f3b186a754a4ea076ef389ff2b82) Importer(815301076,1909f56bfc062723c751e8b465ee728b)
Start importing Assets/Tiles/main_lev_build_221.asset using Guid(6665f3b186a754a4ea076ef389ff2b82) Importer(815301076,1909f56bfc062723c751e8b465ee728b) [PhysX] Initialized MultithreadedTaskDispatcher with 12 workers.
 -> (artifact id: 'f59208e08a4026c5b1420ed849fd9fe6') in 0.064986 seconds
Number of updated asset objects reloaded before import = 0
Number of asset objects unloaded after import = 3
========================================================================
Received Import Request.
  Time since last request: 0.000036 seconds.
  path: Assets/Tiles/main_lev_build_851.asset
  artifactKey: Guid(a7ae6ab140c33994bbe3f8c867cca460) Importer(815301076,1909f56bfc062723c751e8b465ee728b)
Start importing Assets/Tiles/main_lev_build_851.asset using Guid(a7ae6ab140c33994bbe3f8c867cca460) Importer(815301076,1909f56bfc062723c751e8b465ee728b) [PhysX] Initialized MultithreadedTaskDispatcher with 12 workers.
 -> (artifact id: 'b5b642bab051c9d0b430c19cefee8a10') in 0.054672 seconds
Number of updated asset objects reloaded before import = 0
Number of asset objects unloaded after import = 3
========================================================================
Received Import Request.
  Time since last request: 0.000030 seconds.
  path: Assets/Tiles/main_lev_build_1592.asset
  artifactKey: Guid(0552665eebf7da64ca407cd8044f1ae4) Importer(815301076,1909f56bfc062723c751e8b465ee728b)
Start importing Assets/Tiles/main_lev_build_1592.asset using Guid(0552665eebf7da64ca407cd8044f1ae4) Importer(815301076,1909f56bfc062723c751e8b465ee728b) [PhysX] Initialized MultithreadedTaskDispatcher with 12 workers.
 -> (artifact id: 'c164628a0d02b8cc259ffcb9cd002218') in 0.028460 seconds
Number of updated asset objects reloaded before import = 0
Number of asset objects unloaded after import = 3
========================================================================
Received Import Request.
  Time since last request: 0.000023 seconds.
  path: Assets/Tiles/main_lev_build_657.asset
  artifactKey: Guid(7c7eda6bb30a0554da8e5d03b8fc663c) Importer(815301076,1909f56bfc062723c751e8b465ee728b)
Start importing Assets/Tiles/main_lev_build_657.asset using Guid(7c7eda6bb30a0554da8e5d03b8fc663c) Importer(815301076,1909f56bfc062723c751e8b465ee728b) [PhysX] Initialized MultithreadedTaskDispatcher with 12 workers.
 -> (artifact id: 'dc60eab53f757b0fbbf7e21014f4078d') in 0.044310 seconds
Number of updated asset objects reloaded before import = 0
Number of asset objects unloaded after import = 3
========================================================================
Received Import Request.
  Time since last request: 0.000102 seconds.
  path: Assets/Tiles/main_lev_build_1678.asset
  artifactKey: Guid(42d90c2d9431e0f47bab8e68d61d50bc) Importer(815301076,1909f56bfc062723c751e8b465ee728b)
Start importing Assets/Tiles/main_lev_build_1678.asset using Guid(42d90c2d9431e0f47bab8e68d61d50bc) Importer(815301076,1909f56bfc062723c751e8b465ee728b) [PhysX] Initialized MultithreadedTaskDispatcher with 12 workers.
 -> (artifact id: 'a7ae22bf2622a5242b7df4681174f695') in 0.027000 seconds
Number of updated asset objects reloaded before import = 0
Number of asset objects unloaded after import = 3
========================================================================
Received Import Request.
  Time since last request: 0.000027 seconds.
  path: Assets/Tiles/main_lev_build_1591.asset
  artifactKey: Guid(d444ec09008ab67458ffe83ac9b08c59) Importer(815301076,1909f56bfc062723c751e8b465ee728b)
Start importing Assets/Tiles/main_lev_build_1591.asset using Guid(d444ec09008ab67458ffe83ac9b08c59) Importer(815301076,1909f56bfc062723c751e8b465ee728b) [PhysX] Initialized MultithreadedTaskDispatcher with 12 workers.
 -> (artifact id: 'b575b323b2299108c0233d849d5ba219') in 0.023034 seconds
Number of updated asset objects reloaded before import = 0
Number of asset objects unloaded after import = 3
========================================================================
Received Import Request.
  Time since last request: 0.000020 seconds.
  path: Assets/Tiles/main_lev_build_708.asset
  artifactKey: Guid(4d51a02d7dca22d4bb5a7738268540ec) Importer(815301076,1909f56bfc062723c751e8b465ee728b)
Start importing Assets/Tiles/main_lev_build_708.asset using Guid(4d51a02d7dca22d4bb5a7738268540ec) Importer(815301076,1909f56bfc062723c751e8b465ee728b) [PhysX] Initialized MultithreadedTaskDispatcher with 12 workers.
 -> (artifact id: 'abf02bdc6506995577a15cdd4352892c') in 0.025416 seconds
Number of updated asset objects reloaded before import = 0
Number of asset objects unloaded after import = 3
========================================================================
Received Import Request.
  Time since last request: 0.000020 seconds.
  path: Assets/Tiles/main_lev_build_472.asset
  artifactKey: Guid(67ab89bbf1e51d246b415655b3fc0ca9) Importer(815301076,1909f56bfc062723c751e8b465ee728b)
Start importing Assets/Tiles/main_lev_build_472.asset using Guid(67ab89bbf1e51d246b415655b3fc0ca9) Importer(815301076,1909f56bfc062723c751e8b465ee728b) [PhysX] Initialized MultithreadedTaskDispatcher with 12 workers.
 -> (artifact id: 'a87b87eead59b2271740620ade7fb3de') in 0.023937 seconds
Number of updated asset objects reloaded before import = 0
Number of asset objects unloaded after import = 3
========================================================================
Received Import Request.
  Time since last request: 0.000057 seconds.
  path: Assets/Tiles/main_lev_build_683.asset
  artifactKey: Guid(5dcbc02d190481d4cad0e5aee8069133) Importer(815301076,1909f56bfc062723c751e8b465ee728b)
Start importing Assets/Tiles/main_lev_build_683.asset using Guid(5dcbc02d190481d4cad0e5aee8069133) Importer(815301076,1909f56bfc062723c751e8b465ee728b) [PhysX] Initialized MultithreadedTaskDispatcher with 12 workers.
 -> (artifact id: '174c60d7398f9cd803afcccf31619d94') in 0.022961 seconds
Number of updated asset objects reloaded before import = 0
Number of asset objects unloaded after import = 3
========================================================================
Received Import Request.
  Time since last request: 0.000021 seconds.
  path: Assets/Tiles/main_lev_build_407.asset
  artifactKey: Guid(e2298bb0f4270de48bca697d8c8c5cdd) Importer(815301076,1909f56bfc062723c751e8b465ee728b)
Start importing Assets/Tiles/main_lev_build_407.asset using Guid(e2298bb0f4270de48bca697d8c8c5cdd) Importer(815301076,1909f56bfc062723c751e8b465ee728b) [PhysX] Initialized MultithreadedTaskDispatcher with 12 workers.
 -> (artifact id: '6fb146639e5ea118bb302118f0bcf458') in 0.023286 seconds
Number of updated asset objects reloaded before import = 0
Number of asset objects unloaded after import = 3
========================================================================
Received Import Request.
  Time since last request: 0.000031 seconds.
  path: Assets/Tiles/main_lev_build_1051.asset
  artifactKey: Guid(c0dd7b7820ed36445ae9e53b0da22668) Importer(815301076,1909f56bfc062723c751e8b465ee728b)
Start importing Assets/Tiles/main_lev_build_1051.asset using Guid(c0dd7b7820ed36445ae9e53b0da22668) Importer(815301076,1909f56bfc062723c751e8b465ee728b) [PhysX] Initialized MultithreadedTaskDispatcher with 12 workers.
 -> (artifact id: '12bdd3fbb0eaadaf00eca6be8a04c78d') in 0.024935 seconds
Number of updated asset objects reloaded before import = 0
Number of asset objects unloaded after import = 3
========================================================================
Received Import Request.
  Time since last request: 0.000019 seconds.
  path: Assets/Tiles/main_lev_build_916.asset
  artifactKey: Guid(00daa934650ea0d49afbf35175f8672c) Importer(815301076,1909f56bfc062723c751e8b465ee728b)
Start importing Assets/Tiles/main_lev_build_916.asset using Guid(00daa934650ea0d49afbf35175f8672c) Importer(815301076,1909f56bfc062723c751e8b465ee728b) [PhysX] Initialized MultithreadedTaskDispatcher with 12 workers.
 -> (artifact id: 'b5db8ecc4d7838e6a48061cb64028281') in 0.028642 seconds
Number of updated asset objects reloaded before import = 0
Number of asset objects unloaded after import = 3
========================================================================
Received Import Request.
  Time since last request: 0.000027 seconds.
  path: Assets/Tiles/main_lev_build_1340.asset
  artifactKey: Guid(2d3f3683be0980043a3e341b1f9bcdc7) Importer(815301076,1909f56bfc062723c751e8b465ee728b)
Start importing Assets/Tiles/main_lev_build_1340.asset using Guid(2d3f3683be0980043a3e341b1f9bcdc7) Importer(815301076,1909f56bfc062723c751e8b465ee728b) [PhysX] Initialized MultithreadedTaskDispatcher with 12 workers.
 -> (artifact id: 'efdd18207e6eb25b93f8d0e96c197b92') in 0.032668 seconds
Number of updated asset objects reloaded before import = 0
Number of asset objects unloaded after import = 3
========================================================================
Received Import Request.
  Time since last request: 0.000033 seconds.
  path: Assets/Tiles/main_lev_build_402.asset
  artifactKey: Guid(f2feeb6c0ddda1045bb5dc0f862ae8b0) Importer(815301076,1909f56bfc062723c751e8b465ee728b)
Start importing Assets/Tiles/main_lev_build_402.asset using Guid(f2feeb6c0ddda1045bb5dc0f862ae8b0) Importer(815301076,1909f56bfc062723c751e8b465ee728b) [PhysX] Initialized MultithreadedTaskDispatcher with 12 workers.
 -> (artifact id: 'fd3b72230a88c316fe702a18f4f1d8fb') in 0.030702 seconds
Number of updated asset objects reloaded before import = 0
Number of asset objects unloaded after import = 3
========================================================================
Received Import Request.
  Time since last request: 0.000029 seconds.
  path: Assets/Tiles/main_lev_build_1150.asset
  artifactKey: Guid(ccdef4c27e84a5b44b03e5e72464c8aa) Importer(815301076,1909f56bfc062723c751e8b465ee728b)
Start importing Assets/Tiles/main_lev_build_1150.asset using Guid(ccdef4c27e84a5b44b03e5e72464c8aa) Importer(815301076,1909f56bfc062723c751e8b465ee728b) [PhysX] Initialized MultithreadedTaskDispatcher with 12 workers.
 -> (artifact id: '38248d6b00ece5eed39fa87d6cc3f545') in 0.035555 seconds
Number of updated asset objects reloaded before import = 0
Number of asset objects unloaded after import = 3
========================================================================
Received Import Request.
  Time since last request: 0.000023 seconds.
  path: Assets/Tiles/main_lev_build_977.asset
  artifactKey: Guid(5a4e9ed3f5cae0248a54e8a5a2204837) Importer(815301076,1909f56bfc062723c751e8b465ee728b)
Start importing Assets/Tiles/main_lev_build_977.asset using Guid(5a4e9ed3f5cae0248a54e8a5a2204837) Importer(815301076,1909f56bfc062723c751e8b465ee728b) [PhysX] Initialized MultithreadedTaskDispatcher with 12 workers.
 -> (artifact id: 'f226caae8da0ea719166d4b3e243be51') in 0.025095 seconds
Number of updated asset objects reloaded before import = 0
Number of asset objects unloaded after import = 3
========================================================================
Received Import Request.
  Time since last request: 0.000042 seconds.
  path: Assets/Tiles/main_lev_build_399.asset
  artifactKey: Guid(e314a291fd5d66945b83cd33760b0177) Importer(815301076,1909f56bfc062723c751e8b465ee728b)
Start importing Assets/Tiles/main_lev_build_399.asset using Guid(e314a291fd5d66945b83cd33760b0177) Importer(815301076,1909f56bfc062723c751e8b465ee728b) [PhysX] Initialized MultithreadedTaskDispatcher with 12 workers.
 -> (artifact id: '876dd80d44c9fc9682d2a680102f548d') in 0.027024 seconds
Number of updated asset objects reloaded before import = 0
Number of asset objects unloaded after import = 3
========================================================================
Received Import Request.
  Time since last request: 0.000029 seconds.
  path: Assets/Tiles/main_lev_build_1520.asset
  artifactKey: Guid(27efa68b4dc273b46a95ec49e57f291d) Importer(815301076,1909f56bfc062723c751e8b465ee728b)
Start importing Assets/Tiles/main_lev_build_1520.asset using Guid(27efa68b4dc273b46a95ec49e57f291d) Importer(815301076,1909f56bfc062723c751e8b465ee728b) [PhysX] Initialized MultithreadedTaskDispatcher with 12 workers.
 -> (artifact id: '3f6bc8089c8c069890de3a460036b4c3') in 0.029858 seconds
Number of updated asset objects reloaded before import = 0
Number of asset objects unloaded after import = 3
========================================================================
Received Import Request.
  Time since last request: 0.000022 seconds.
  path: Assets/Tiles/main_lev_build_1491.asset
  artifactKey: Guid(12bcd84944dea4748ad84951c2e257bb) Importer(815301076,1909f56bfc062723c751e8b465ee728b)
Start importing Assets/Tiles/main_lev_build_1491.asset using Guid(12bcd84944dea4748ad84951c2e257bb) Importer(815301076,1909f56bfc062723c751e8b465ee728b) [PhysX] Initialized MultithreadedTaskDispatcher with 12 workers.
 -> (artifact id: '5fe8a5fcf077b9e010716a5e5163d235') in 0.027583 seconds
Number of updated asset objects reloaded before import = 0
Number of asset objects unloaded after import = 3
========================================================================
Received Import Request.
  Time since last request: 0.000019 seconds.
  path: Assets/Tiles/main_lev_build_1557.asset
  artifactKey: Guid(04925372782143745be71e63d6ff293d) Importer(815301076,1909f56bfc062723c751e8b465ee728b)
Start importing Assets/Tiles/main_lev_build_1557.asset using Guid(04925372782143745be71e63d6ff293d) Importer(815301076,1909f56bfc062723c751e8b465ee728b) [PhysX] Initialized MultithreadedTaskDispatcher with 12 workers.
 -> (artifact id: '1875159465519f095d7b08777b3f7136') in 0.028335 seconds
Number of updated asset objects reloaded before import = 0
Number of asset objects unloaded after import = 3
========================================================================
Received Import Request.
  Time since last request: 0.000022 seconds.
  path: Assets/Tiles/main_lev_build_588.asset
  artifactKey: Guid(b4a352c16967889419b191c401860668) Importer(815301076,1909f56bfc062723c751e8b465ee728b)
Start importing Assets/Tiles/main_lev_build_588.asset using Guid(b4a352c16967889419b191c401860668) Importer(815301076,1909f56bfc062723c751e8b465ee728b) [PhysX] Initialized MultithreadedTaskDispatcher with 12 workers.
 -> (artifact id: '79723fa06e731637a36a6bb3b9d42a8a') in 0.035651 seconds
Number of updated asset objects reloaded before import = 0
Number of asset objects unloaded after import = 3
========================================================================
Received Import Request.
  Time since last request: 0.000027 seconds.
  path: Assets/Tiles/main_lev_build_750.asset
  artifactKey: Guid(8742a3ec124847742a68547f34ac2764) Importer(815301076,1909f56bfc062723c751e8b465ee728b)
Start importing Assets/Tiles/main_lev_build_750.asset using Guid(8742a3ec124847742a68547f34ac2764) Importer(815301076,1909f56bfc062723c751e8b465ee728b) [PhysX] Initialized MultithreadedTaskDispatcher with 12 workers.
 -> (artifact id: 'b7b83d0db42513fd37ec3d295ae9a43c') in 0.032168 seconds
Number of updated asset objects reloaded before import = 0
Number of asset objects unloaded after import = 3
========================================================================
Received Import Request.
  Time since last request: 0.000022 seconds.
  path: Assets/Tiles/main_lev_build_940.asset
  artifactKey: Guid(ce989122640725d44a1c51f2f3e5dec4) Importer(815301076,1909f56bfc062723c751e8b465ee728b)
Start importing Assets/Tiles/main_lev_build_940.asset using Guid(ce989122640725d44a1c51f2f3e5dec4) Importer(815301076,1909f56bfc062723c751e8b465ee728b) [PhysX] Initialized MultithreadedTaskDispatcher with 12 workers.
 -> (artifact id: 'd5ffd5e6e7d4cdc0c663027e452d8708') in 0.030798 seconds
Number of updated asset objects reloaded before import = 0
Number of asset objects unloaded after import = 3
========================================================================
Received Import Request.
  Time since last request: 0.000048 seconds.
  path: Assets/Tiles/main_lev_build_883.asset
  artifactKey: Guid(58dd0091664d1514ebbaa5d9efabea77) Importer(815301076,1909f56bfc062723c751e8b465ee728b)
Start importing Assets/Tiles/main_lev_build_883.asset using Guid(58dd0091664d1514ebbaa5d9efabea77) Importer(815301076,1909f56bfc062723c751e8b465ee728b) [PhysX] Initialized MultithreadedTaskDispatcher with 12 workers.
 -> (artifact id: '71508db122f6381c4f2ea1e9a1b7b327') in 0.024129 seconds
Number of updated asset objects reloaded before import = 0
Number of asset objects unloaded after import = 3
========================================================================
Received Import Request.
  Time since last request: 0.000047 seconds.
  path: Assets/Tiles/main_lev_build_1608.asset
  artifactKey: Guid(0a4512e769f83664e91d42ba43d257ab) Importer(815301076,1909f56bfc062723c751e8b465ee728b)
Start importing Assets/Tiles/main_lev_build_1608.asset using Guid(0a4512e769f83664e91d42ba43d257ab) Importer(815301076,1909f56bfc062723c751e8b465ee728b) [PhysX] Initialized MultithreadedTaskDispatcher with 12 workers.
 -> (artifact id: '773b3d9ee9f711b4d58c96bf0b0ca3df') in 0.031357 seconds
Number of updated asset objects reloaded before import = 0
Number of asset objects unloaded after import = 3
========================================================================
Received Import Request.
  Time since last request: 0.000039 seconds.
  path: Assets/Tiles/main_lev_build_538.asset
  artifactKey: Guid(19726af6653d8544da06006b48aec418) Importer(815301076,1909f56bfc062723c751e8b465ee728b)
Start importing Assets/Tiles/main_lev_build_538.asset using Guid(19726af6653d8544da06006b48aec418) Importer(815301076,1909f56bfc062723c751e8b465ee728b) [PhysX] Initialized MultithreadedTaskDispatcher with 12 workers.
 -> (artifact id: '2855cd2e5a5e69760360ddeaefa91a46') in 0.027475 seconds
Number of updated asset objects reloaded before import = 0
Number of asset objects unloaded after import = 3
========================================================================
Received Import Request.
  Time since last request: 0.000026 seconds.
  path: Assets/Tiles/main_lev_build_421.asset
  artifactKey: Guid(609f8d11baf459d43b64dcf1727211c2) Importer(815301076,1909f56bfc062723c751e8b465ee728b)
Start importing Assets/Tiles/main_lev_build_421.asset using Guid(609f8d11baf459d43b64dcf1727211c2) Importer(815301076,1909f56bfc062723c751e8b465ee728b) [PhysX] Initialized MultithreadedTaskDispatcher with 12 workers.
 -> (artifact id: 'eea74d40d57d3b09f73710d1af0d47df') in 0.026918 seconds
Number of updated asset objects reloaded before import = 0
Number of asset objects unloaded after import = 3
========================================================================
Received Import Request.
  Time since last request: 0.000027 seconds.
  path: Assets/Tiles/main_lev_build_885.asset
  artifactKey: Guid(f33cb4a43f1b5104e9223a4d40550b98) Importer(815301076,1909f56bfc062723c751e8b465ee728b)
Start importing Assets/Tiles/main_lev_build_885.asset using Guid(f33cb4a43f1b5104e9223a4d40550b98) Importer(815301076,1909f56bfc062723c751e8b465ee728b) [PhysX] Initialized MultithreadedTaskDispatcher with 12 workers.
 -> (artifact id: 'a3085dd9d7bd706ba0df1c6d7462f36e') in 0.027027 seconds
Number of updated asset objects reloaded before import = 0
Number of asset objects unloaded after import = 3
========================================================================
Received Import Request.
  Time since last request: 0.000037 seconds.
  path: Assets/Tiles/main_lev_build_1665.asset
  artifactKey: Guid(8d99814b8e56c49408ebc88f56b30f8a) Importer(815301076,1909f56bfc062723c751e8b465ee728b)
Start importing Assets/Tiles/main_lev_build_1665.asset using Guid(8d99814b8e56c49408ebc88f56b30f8a) Importer(815301076,1909f56bfc062723c751e8b465ee728b) [PhysX] Initialized MultithreadedTaskDispatcher with 12 workers.
 -> (artifact id: 'c986e801a968326bb7542bec33e307fa') in 0.025632 seconds
Number of updated asset objects reloaded before import = 0
Number of asset objects unloaded after import = 3
========================================================================
Received Import Request.
  Time since last request: 0.000025 seconds.
  path: Assets/Tiles/main_lev_build_547.asset
  artifactKey: Guid(74e69e2de438f9043ae852d80eddb851) Importer(815301076,1909f56bfc062723c751e8b465ee728b)
Start importing Assets/Tiles/main_lev_build_547.asset using Guid(74e69e2de438f9043ae852d80eddb851) Importer(815301076,1909f56bfc062723c751e8b465ee728b) [PhysX] Initialized MultithreadedTaskDispatcher with 12 workers.
 -> (artifact id: '62dacdd2c2f322adca8653031a6c886e') in 0.029327 seconds
Number of updated asset objects reloaded before import = 0
Number of asset objects unloaded after import = 3
========================================================================
Received Import Request.
  Time since last request: 0.000034 seconds.
  path: Assets/Tiles/main_lev_build_862.asset
  artifactKey: Guid(56d98f6ffec098340bb6892a16aee0ba) Importer(815301076,1909f56bfc062723c751e8b465ee728b)
Start importing Assets/Tiles/main_lev_build_862.asset using Guid(56d98f6ffec098340bb6892a16aee0ba) Importer(815301076,1909f56bfc062723c751e8b465ee728b) [PhysX] Initialized MultithreadedTaskDispatcher with 12 workers.
 -> (artifact id: '9c796568a7f0f6d3080becad0dd75db4') in 0.030686 seconds
Number of updated asset objects reloaded before import = 0
Number of asset objects unloaded after import = 3
========================================================================
Received Import Request.
  Time since last request: 0.000031 seconds.
  path: Assets/Tiles/main_lev_build_803.asset
  artifactKey: Guid(5e6fda982d46ea34881985b954a393f0) Importer(815301076,1909f56bfc062723c751e8b465ee728b)
Start importing Assets/Tiles/main_lev_build_803.asset using Guid(5e6fda982d46ea34881985b954a393f0) Importer(815301076,1909f56bfc062723c751e8b465ee728b) [PhysX] Initialized MultithreadedTaskDispatcher with 12 workers.
 -> (artifact id: '6be4a2b26ef5f9a8cdae84b4719dbf95') in 0.031075 seconds
Number of updated asset objects reloaded before import = 0
Number of asset objects unloaded after import = 3
========================================================================
Received Import Request.
  Time since last request: 0.000037 seconds.
  path: Assets/Tiles/main_lev_build_1628.asset
  artifactKey: Guid(998277b30563b1f4aaa53620e176820e) Importer(815301076,1909f56bfc062723c751e8b465ee728b)
Start importing Assets/Tiles/main_lev_build_1628.asset using Guid(998277b30563b1f4aaa53620e176820e) Importer(815301076,1909f56bfc062723c751e8b465ee728b) [PhysX] Initialized MultithreadedTaskDispatcher with 12 workers.
 -> (artifact id: '44ce52dbad8e007bf804adebfdffaa8f') in 0.031013 seconds
Number of updated asset objects reloaded before import = 0
Number of asset objects unloaded after import = 3
========================================================================
Received Import Request.
  Time since last request: 0.000032 seconds.
  path: Assets/Tiles/main_lev_build_1500.asset
  artifactKey: Guid(8d3999e24748bd44a97584ccf1caefcc) Importer(815301076,1909f56bfc062723c751e8b465ee728b)
Start importing Assets/Tiles/main_lev_build_1500.asset using Guid(8d3999e24748bd44a97584ccf1caefcc) Importer(815301076,1909f56bfc062723c751e8b465ee728b) [PhysX] Initialized MultithreadedTaskDispatcher with 12 workers.
 -> (artifact id: '662ef7923d854f8ce136894f9af9d4c5') in 0.013859 seconds
Number of updated asset objects reloaded before import = 0
Number of asset objects unloaded after import = 3
========================================================================
Received Import Request.
  Time since last request: 0.000027 seconds.
  path: Assets/Tiles/main_lev_build_1306.asset
  artifactKey: Guid(2efcec4d5fdf18547b1db36afdcba403) Importer(815301076,1909f56bfc062723c751e8b465ee728b)
Start importing Assets/Tiles/main_lev_build_1306.asset using Guid(2efcec4d5fdf18547b1db36afdcba403) Importer(815301076,1909f56bfc062723c751e8b465ee728b) [PhysX] Initialized MultithreadedTaskDispatcher with 12 workers.
 -> (artifact id: 'eb432143f2e22f71546b2847b6d617b5') in 0.026585 seconds
Number of updated asset objects reloaded before import = 0
Number of asset objects unloaded after import = 3
========================================================================
Received Import Request.
  Time since last request: 0.000048 seconds.
  path: Assets/Tiles/main_lev_build_1080.asset
  artifactKey: Guid(86007941d49b2344eade3fb348642b66) Importer(815301076,1909f56bfc062723c751e8b465ee728b)
Start importing Assets/Tiles/main_lev_build_1080.asset using Guid(86007941d49b2344eade3fb348642b66) Importer(815301076,1909f56bfc062723c751e8b465ee728b) [PhysX] Initialized MultithreadedTaskDispatcher with 12 workers.
 -> (artifact id: 'b40006bdc5efc228075f2261112501e4') in 0.027684 seconds
Number of updated asset objects reloaded before import = 0
Number of asset objects unloaded after import = 3
========================================================================
Received Import Request.
  Time since last request: 0.000031 seconds.
  path: Assets/Tiles/main_lev_build_1638.asset
  artifactKey: Guid(803f40770be3bde42915112680b6441a) Importer(815301076,1909f56bfc062723c751e8b465ee728b)
Start importing Assets/Tiles/main_lev_build_1638.asset using Guid(803f40770be3bde42915112680b6441a) Importer(815301076,1909f56bfc062723c751e8b465ee728b) [PhysX] Initialized MultithreadedTaskDispatcher with 12 workers.
 -> (artifact id: '0cadf97193867e5fea4ddcb28695e65c') in 0.032322 seconds
Number of updated asset objects reloaded before import = 0
Number of asset objects unloaded after import = 3
========================================================================
Received Import Request.
  Time since last request: 0.000028 seconds.
  path: Assets/Tiles/main_lev_build_1682.asset
  artifactKey: Guid(891dbf68e31ee3c419453c50acefd6eb) Importer(815301076,1909f56bfc062723c751e8b465ee728b)
Start importing Assets/Tiles/main_lev_build_1682.asset using Guid(891dbf68e31ee3c419453c50acefd6eb) Importer(815301076,1909f56bfc062723c751e8b465ee728b) [PhysX] Initialized MultithreadedTaskDispatcher with 12 workers.
 -> (artifact id: 'e2984fee2fa09a5c25839d3af038bf7c') in 0.063143 seconds
Number of updated asset objects reloaded before import = 0
Number of asset objects unloaded after import = 3
========================================================================
Received Import Request.
  Time since last request: 0.000152 seconds.
  path: Assets/Tiles/main_lev_build_957.asset
  artifactKey: Guid(cf75714c3a732b04882adead9ae52f54) Importer(815301076,1909f56bfc062723c751e8b465ee728b)
Start importing Assets/Tiles/main_lev_build_957.asset using Guid(cf75714c3a732b04882adead9ae52f54) Importer(815301076,1909f56bfc062723c751e8b465ee728b) [PhysX] Initialized MultithreadedTaskDispatcher with 12 workers.
 -> (artifact id: '4a4c9f2d770ab3d017996894814360ec') in 0.103176 seconds
Number of updated asset objects reloaded before import = 0
Number of asset objects unloaded after import = 3
========================================================================
Received Import Request.
  Time since last request: 0.000053 seconds.
  path: Assets/Tiles/main_lev_build_393.asset
  artifactKey: Guid(8d792d0b7e1a4cc429cb97b837a37ea7) Importer(815301076,1909f56bfc062723c751e8b465ee728b)
Start importing Assets/Tiles/main_lev_build_393.asset using Guid(8d792d0b7e1a4cc429cb97b837a37ea7) Importer(815301076,1909f56bfc062723c751e8b465ee728b) [PhysX] Initialized MultithreadedTaskDispatcher with 12 workers.
 -> (artifact id: '3267960b3860c0a7f4ed9bd66fe90eb1') in 0.105962 seconds
Number of updated asset objects reloaded before import = 0
Number of asset objects unloaded after import = 3
========================================================================
Received Import Request.
  Time since last request: 0.000032 seconds.
  path: Assets/Tiles/main_lev_build_1494.asset
  artifactKey: Guid(3c6ac84526c1dbe419585f2285a5bee4) Importer(815301076,1909f56bfc062723c751e8b465ee728b)
Start importing Assets/Tiles/main_lev_build_1494.asset using Guid(3c6ac84526c1dbe419585f2285a5bee4) Importer(815301076,1909f56bfc062723c751e8b465ee728b) [PhysX] Initialized MultithreadedTaskDispatcher with 12 workers.
 -> (artifact id: '44e65ca1aa68e44a971ea8094e595aa0') in 0.031089 seconds
Number of updated asset objects reloaded before import = 0
Number of asset objects unloaded after import = 3
========================================================================
Received Import Request.
  Time since last request: 0.000031 seconds.
  path: Assets/Tiles/main_lev_build_284.asset
  artifactKey: Guid(70ab07a72ed9a454aa42bc7ef27809a3) Importer(815301076,1909f56bfc062723c751e8b465ee728b)
Start importing Assets/Tiles/main_lev_build_284.asset using Guid(70ab07a72ed9a454aa42bc7ef27809a3) Importer(815301076,1909f56bfc062723c751e8b465ee728b) [PhysX] Initialized MultithreadedTaskDispatcher with 12 workers.
 -> (artifact id: '408d7c7e4c0c5617025f747ca718da53') in 0.014600 seconds
Number of updated asset objects reloaded before import = 0
Number of asset objects unloaded after import = 3
========================================================================
Received Import Request.
  Time since last request: 0.000030 seconds.
  path: Assets/Tiles/main_lev_build_1066.asset
  artifactKey: Guid(7611388eeec5562409d24fc9615e195a) Importer(815301076,1909f56bfc062723c751e8b465ee728b)
Start importing Assets/Tiles/main_lev_build_1066.asset using Guid(7611388eeec5562409d24fc9615e195a) Importer(815301076,1909f56bfc062723c751e8b465ee728b) [PhysX] Initialized MultithreadedTaskDispatcher with 12 workers.
 -> (artifact id: 'd1de2ef233ef4f71f7a94e0b3c871c2b') in 0.028595 seconds
Number of updated asset objects reloaded before import = 0
Number of asset objects unloaded after import = 3
========================================================================
Received Import Request.
  Time since last request: 0.000027 seconds.
  path: Assets/Tiles/main_lev_build_310.asset
  artifactKey: Guid(671a66dbc1d50824cbacb9fe00db40e7) Importer(815301076,1909f56bfc062723c751e8b465ee728b)
Start importing Assets/Tiles/main_lev_build_310.asset using Guid(671a66dbc1d50824cbacb9fe00db40e7) Importer(815301076,1909f56bfc062723c751e8b465ee728b) [PhysX] Initialized MultithreadedTaskDispatcher with 12 workers.
 -> (artifact id: '19e1033e11b139c1d8ce10901c964b2c') in 0.026477 seconds
Number of updated asset objects reloaded before import = 0
Number of asset objects unloaded after import = 3
========================================================================
Received Import Request.
  Time since last request: 0.000033 seconds.
  path: Assets/Tiles/main_lev_build_969.asset
  artifactKey: Guid(267bcc45fb1e2b14b9d9b854d599a702) Importer(815301076,1909f56bfc062723c751e8b465ee728b)
Start importing Assets/Tiles/main_lev_build_969.asset using Guid(267bcc45fb1e2b14b9d9b854d599a702) Importer(815301076,1909f56bfc062723c751e8b465ee728b) [PhysX] Initialized MultithreadedTaskDispatcher with 12 workers.
 -> (artifact id: 'f09ba64a1b35fa63021934f2b63ebd29') in 0.026606 seconds
Number of updated asset objects reloaded before import = 0
Number of asset objects unloaded after import = 3
========================================================================
Received Import Request.
  Time since last request: 0.000041 seconds.
  path: Assets/Tiles/main_lev_build_511.asset
  artifactKey: Guid(d48c9666fc02d3a4e9f69e0018c74258) Importer(815301076,1909f56bfc062723c751e8b465ee728b)
Start importing Assets/Tiles/main_lev_build_511.asset using Guid(d48c9666fc02d3a4e9f69e0018c74258) Importer(815301076,1909f56bfc062723c751e8b465ee728b) [PhysX] Initialized MultithreadedTaskDispatcher with 12 workers.
 -> (artifact id: '9240eedafb138f7892a9ee270ac71fce') in 0.031172 seconds
Number of updated asset objects reloaded before import = 0
Number of asset objects unloaded after import = 3
========================================================================
Received Import Request.
  Time since last request: 0.000034 seconds.
  path: Assets/Tiles/main_lev_build_1043.asset
  artifactKey: Guid(5b7f31ac6274a724f91a7bc2f6246aed) Importer(815301076,1909f56bfc062723c751e8b465ee728b)
Start importing Assets/Tiles/main_lev_build_1043.asset using Guid(5b7f31ac6274a724f91a7bc2f6246aed) Importer(815301076,1909f56bfc062723c751e8b465ee728b) [PhysX] Initialized MultithreadedTaskDispatcher with 12 workers.
 -> (artifact id: '18c9c40377762ba509d10f032948d8e1') in 0.026051 seconds
Number of updated asset objects reloaded before import = 0
Number of asset objects unloaded after import = 3
========================================================================
Received Import Request.
  Time since last request: 0.000036 seconds.
  path: Assets/Tiles/main_lev_build_1132.asset
  artifactKey: Guid(9750a337e42645748a4af154ad8fa56b) Importer(815301076,1909f56bfc062723c751e8b465ee728b)
Start importing Assets/Tiles/main_lev_build_1132.asset using Guid(9750a337e42645748a4af154ad8fa56b) Importer(815301076,1909f56bfc062723c751e8b465ee728b) [PhysX] Initialized MultithreadedTaskDispatcher with 12 workers.
 -> (artifact id: '7d8bde2c9a07a56f3fac823eba5e39a6') in 0.029383 seconds
Number of updated asset objects reloaded before import = 0
Number of asset objects unloaded after import = 3
========================================================================
Received Import Request.
  Time since last request: 0.000028 seconds.
  path: Assets/Tiles/main_lev_build_404.asset
  artifactKey: Guid(9d312fff321c55743aa410deba9b2240) Importer(815301076,1909f56bfc062723c751e8b465ee728b)
Start importing Assets/Tiles/main_lev_build_404.asset using Guid(9d312fff321c55743aa410deba9b2240) Importer(815301076,1909f56bfc062723c751e8b465ee728b) [PhysX] Initialized MultithreadedTaskDispatcher with 12 workers.
 -> (artifact id: '14bdb1c629b2c74a6477b6ae762f5c5e') in 0.039536 seconds
Number of updated asset objects reloaded before import = 0
Number of asset objects unloaded after import = 3
========================================================================
Received Import Request.
  Time since last request: 0.000023 seconds.
  path: Assets/Tiles/main_lev_build_1092.asset
  artifactKey: Guid(c0db06e19661f30429135a9ce2c07af5) Importer(815301076,1909f56bfc062723c751e8b465ee728b)
Start importing Assets/Tiles/main_lev_build_1092.asset using Guid(c0db06e19661f30429135a9ce2c07af5) Importer(815301076,1909f56bfc062723c751e8b465ee728b) [PhysX] Initialized MultithreadedTaskDispatcher with 12 workers.
 -> (artifact id: '72830399401caeab47d61d84b889315e') in 0.030245 seconds
Number of updated asset objects reloaded before import = 0
Number of asset objects unloaded after import = 3
========================================================================
Received Import Request.
  Time since last request: 0.000027 seconds.
  path: Assets/Tiles/main_lev_build_387.asset
  artifactKey: Guid(a0b92aadda80d514ca2da07e1aa52443) Importer(815301076,1909f56bfc062723c751e8b465ee728b)
Start importing Assets/Tiles/main_lev_build_387.asset using Guid(a0b92aadda80d514ca2da07e1aa52443) Importer(815301076,1909f56bfc062723c751e8b465ee728b) [PhysX] Initialized MultithreadedTaskDispatcher with 12 workers.
 -> (artifact id: 'edf1375d431627a19ef8c2a7a3e3ae13') in 0.030453 seconds
Number of updated asset objects reloaded before import = 0
Number of asset objects unloaded after import = 3
========================================================================
Received Import Request.
  Time since last request: 0.000026 seconds.
  path: Assets/Tiles/main_lev_build_1061.asset
  artifactKey: Guid(799703a59230417448a289e37e115f49) Importer(815301076,1909f56bfc062723c751e8b465ee728b)
Start importing Assets/Tiles/main_lev_build_1061.asset using Guid(799703a59230417448a289e37e115f49) Importer(815301076,1909f56bfc062723c751e8b465ee728b) [PhysX] Initialized MultithreadedTaskDispatcher with 12 workers.
 -> (artifact id: '21a443150eb0b244fbd7ca8bc6969ff3') in 0.028331 seconds
Number of updated asset objects reloaded before import = 0
Number of asset objects unloaded after import = 3
========================================================================
Received Import Request.
  Time since last request: 0.000036 seconds.
  path: Assets/Tiles/main_lev_build_837.asset
  artifactKey: Guid(4d7763e2b57f4a648b8083083ab9e84e) Importer(815301076,1909f56bfc062723c751e8b465ee728b)
Start importing Assets/Tiles/main_lev_build_837.asset using Guid(4d7763e2b57f4a648b8083083ab9e84e) Importer(815301076,1909f56bfc062723c751e8b465ee728b) [PhysX] Initialized MultithreadedTaskDispatcher with 12 workers.
 -> (artifact id: 'e6ceb637bece85253985a5faecbd08a2') in 0.027565 seconds
Number of updated asset objects reloaded before import = 0
Number of asset objects unloaded after import = 3
========================================================================
Received Import Request.
  Time since last request: 0.000181 seconds.
  path: Assets/Tiles/main_lev_build_899.asset
  artifactKey: Guid(342c4f8b645dcbe4a86ed95a66b77bc7) Importer(815301076,1909f56bfc062723c751e8b465ee728b)
Start importing Assets/Tiles/main_lev_build_899.asset using Guid(342c4f8b645dcbe4a86ed95a66b77bc7) Importer(815301076,1909f56bfc062723c751e8b465ee728b) [PhysX] Initialized MultithreadedTaskDispatcher with 12 workers.
 -> (artifact id: 'ea855b95f69de99de72ec5f8d8117c8d') in 0.026533 seconds
Number of updated asset objects reloaded before import = 0
Number of asset objects unloaded after import = 3
========================================================================
Received Import Request.
  Time since last request: 0.000026 seconds.
  path: Assets/Tiles/main_lev_build_1129.asset
  artifactKey: Guid(a4087409dd34a694aa923ba7eda12124) Importer(815301076,1909f56bfc062723c751e8b465ee728b)
Start importing Assets/Tiles/main_lev_build_1129.asset using Guid(a4087409dd34a694aa923ba7eda12124) Importer(815301076,1909f56bfc062723c751e8b465ee728b) [PhysX] Initialized MultithreadedTaskDispatcher with 12 workers.
 -> (artifact id: '4e9466459eeb6e6b4c73b9c402835e87') in 0.028825 seconds
Number of updated asset objects reloaded before import = 0
Number of asset objects unloaded after import = 3
========================================================================
Received Import Request.
  Time since last request: 0.000028 seconds.
  path: Assets/Tiles/main_lev_build_1673.asset
  artifactKey: Guid(1f4c8d20253a81c4a9f2cce75611b2a6) Importer(815301076,1909f56bfc062723c751e8b465ee728b)
Start importing Assets/Tiles/main_lev_build_1673.asset using Guid(1f4c8d20253a81c4a9f2cce75611b2a6) Importer(815301076,1909f56bfc062723c751e8b465ee728b) [PhysX] Initialized MultithreadedTaskDispatcher with 12 workers.
 -> (artifact id: 'dd5e0312ad358276a1b93e55d956d96d') in 0.027732 seconds
Number of updated asset objects reloaded before import = 0
Number of asset objects unloaded after import = 3
========================================================================
Received Import Request.
  Time since last request: 0.000156 seconds.
  path: Assets/Tiles/main_lev_build_1758.asset
  artifactKey: Guid(ae5fe26b7ae434943a559f8fd8a39ee5) Importer(815301076,1909f56bfc062723c751e8b465ee728b)
Start importing Assets/Tiles/main_lev_build_1758.asset using Guid(ae5fe26b7ae434943a559f8fd8a39ee5) Importer(815301076,1909f56bfc062723c751e8b465ee728b) [PhysX] Initialized MultithreadedTaskDispatcher with 12 workers.
 -> (artifact id: '9a3c363d94de381caf0e163297f61116') in 0.027228 seconds
Number of updated asset objects reloaded before import = 0
Number of asset objects unloaded after import = 3
========================================================================
Received Import Request.
  Time since last request: 0.000028 seconds.
  path: Assets/Tiles/main_lev_build_1777.asset
  artifactKey: Guid(f6bd8a536dad4b64193b159be0541fed) Importer(815301076,1909f56bfc062723c751e8b465ee728b)
Start importing Assets/Tiles/main_lev_build_1777.asset using Guid(f6bd8a536dad4b64193b159be0541fed) Importer(815301076,1909f56bfc062723c751e8b465ee728b) [PhysX] Initialized MultithreadedTaskDispatcher with 12 workers.
 -> (artifact id: 'f73120ef46e2ee4d64ee0a0cde90475c') in 0.025642 seconds
Number of updated asset objects reloaded before import = 0
Number of asset objects unloaded after import = 3
========================================================================
Received Import Request.
  Time since last request: 0.000027 seconds.
  path: Assets/Tiles/main_lev_build_1705.asset
  artifactKey: Guid(3b693d5c0b1f2ad459608e3bda7a66f4) Importer(815301076,1909f56bfc062723c751e8b465ee728b)
Start importing Assets/Tiles/main_lev_build_1705.asset using Guid(3b693d5c0b1f2ad459608e3bda7a66f4) Importer(815301076,1909f56bfc062723c751e8b465ee728b) [PhysX] Initialized MultithreadedTaskDispatcher with 12 workers.
 -> (artifact id: '3c9e445e79537740ff9c48dd1056c942') in 0.026965 seconds
Number of updated asset objects reloaded before import = 0
Number of asset objects unloaded after import = 3
========================================================================
Received Import Request.
  Time since last request: 0.000033 seconds.
  path: Assets/Tiles/main_lev_build_828.asset
  artifactKey: Guid(77cee340407aa164ab69afce192ba256) Importer(815301076,1909f56bfc062723c751e8b465ee728b)
Start importing Assets/Tiles/main_lev_build_828.asset using Guid(77cee340407aa164ab69afce192ba256) Importer(815301076,1909f56bfc062723c751e8b465ee728b) [PhysX] Initialized MultithreadedTaskDispatcher with 12 workers.
 -> (artifact id: 'dca89727098b32b07fde93304024319d') in 0.032089 seconds
Number of updated asset objects reloaded before import = 0
Number of asset objects unloaded after import = 3
========================================================================
Received Import Request.
  Time since last request: 0.000030 seconds.
  path: Assets/Tiles/main_lev_build_1511.asset
  artifactKey: Guid(9d586a8cf761ac84a9e66a17d5b0a434) Importer(815301076,1909f56bfc062723c751e8b465ee728b)
Start importing Assets/Tiles/main_lev_build_1511.asset using Guid(9d586a8cf761ac84a9e66a17d5b0a434) Importer(815301076,1909f56bfc062723c751e8b465ee728b) [PhysX] Initialized MultithreadedTaskDispatcher with 12 workers.
 -> (artifact id: 'bce84ec5d6a219fb7830052470cd6814') in 0.030110 seconds
Number of updated asset objects reloaded before import = 0
Number of asset objects unloaded after import = 3
========================================================================
Received Import Request.
  Time since last request: 0.000033 seconds.
  path: Assets/Tiles/main_lev_build_635.asset
  artifactKey: Guid(bd7c688a0990ad04aaa3a23cb8d96393) Importer(815301076,1909f56bfc062723c751e8b465ee728b)
Start importing Assets/Tiles/main_lev_build_635.asset using Guid(bd7c688a0990ad04aaa3a23cb8d96393) Importer(815301076,1909f56bfc062723c751e8b465ee728b) [PhysX] Initialized MultithreadedTaskDispatcher with 12 workers.
 -> (artifact id: 'c48a9204419464400c648e255acfd221') in 0.013917 seconds
Number of updated asset objects reloaded before import = 0
Number of asset objects unloaded after import = 3
========================================================================
Received Import Request.
  Time since last request: 0.000102 seconds.
  path: Assets/Tiles/main_lev_build_158.asset
  artifactKey: Guid(bacc14b872badc44ea6c3261707efc85) Importer(815301076,1909f56bfc062723c751e8b465ee728b)
Start importing Assets/Tiles/main_lev_build_158.asset using Guid(bacc14b872badc44ea6c3261707efc85) Importer(815301076,1909f56bfc062723c751e8b465ee728b) [PhysX] Initialized MultithreadedTaskDispatcher with 12 workers.
 -> (artifact id: '6456b8dee0318cc3675d41f392e118d3') in 0.029051 seconds
Number of updated asset objects reloaded before import = 0
Number of asset objects unloaded after import = 3
========================================================================
Received Import Request.
  Time since last request: 0.000029 seconds.
  path: Assets/Tiles/main_lev_build_953.asset
  artifactKey: Guid(2c6a20ba0f76f6d44bf416f0a9e1ca04) Importer(815301076,1909f56bfc062723c751e8b465ee728b)
Start importing Assets/Tiles/main_lev_build_953.asset using Guid(2c6a20ba0f76f6d44bf416f0a9e1ca04) Importer(815301076,1909f56bfc062723c751e8b465ee728b) [PhysX] Initialized MultithreadedTaskDispatcher with 12 workers.
 -> (artifact id: '8947d3877ccb53c9fbba77b749c46d4a') in 0.035295 seconds
Number of updated asset objects reloaded before import = 0
Number of asset objects unloaded after import = 3
========================================================================
Received Import Request.
  Time since last request: 0.000030 seconds.
  path: Assets/Tiles/main_lev_build_590.asset
  artifactKey: Guid(c77bca87221bdab4fbd8c0c5b82ec135) Importer(815301076,1909f56bfc062723c751e8b465ee728b)
Start importing Assets/Tiles/main_lev_build_590.asset using Guid(c77bca87221bdab4fbd8c0c5b82ec135) Importer(815301076,1909f56bfc062723c751e8b465ee728b) [PhysX] Initialized MultithreadedTaskDispatcher with 12 workers.
 -> (artifact id: '0d5c9225cd8dae76907d267b55a4e45d') in 0.050257 seconds
Number of updated asset objects reloaded before import = 0
Number of asset objects unloaded after import = 3
========================================================================
Received Import Request.
  Time since last request: 0.000048 seconds.
  path: Assets/Tiles/main_lev_build_1314.asset
  artifactKey: Guid(968c8d2171075a042b9ad1c075bac829) Importer(815301076,1909f56bfc062723c751e8b465ee728b)
Start importing Assets/Tiles/main_lev_build_1314.asset using Guid(968c8d2171075a042b9ad1c075bac829) Importer(815301076,1909f56bfc062723c751e8b465ee728b) [PhysX] Initialized MultithreadedTaskDispatcher with 12 workers.
 -> (artifact id: '2879d8459eb498559defb7f6607f6b01') in 0.639910 seconds
Number of updated asset objects reloaded before import = 0
Number of asset objects unloaded after import = 3
========================================================================
Received Import Request.
  Time since last request: 0.000025 seconds.
  path: Assets/Tiles/main_lev_build_587.asset
  artifactKey: Guid(0552159435eae994d8a94270aa263e44) Importer(815301076,1909f56bfc062723c751e8b465ee728b)
Start importing Assets/Tiles/main_lev_build_587.asset using Guid(0552159435eae994d8a94270aa263e44) Importer(815301076,1909f56bfc062723c751e8b465ee728b) [PhysX] Initialized MultithreadedTaskDispatcher with 12 workers.
 -> (artifact id: '964d518cb8aa31a240bddc2c45a20e81') in 0.024618 seconds
Number of updated asset objects reloaded before import = 0
Number of asset objects unloaded after import = 3
========================================================================
Received Import Request.
  Time since last request: 0.000034 seconds.
  path: Assets/Tiles/main_lev_build_998.asset
  artifactKey: Guid(1a432e9e41d8b404e945975d323793cf) Importer(815301076,1909f56bfc062723c751e8b465ee728b)
Start importing Assets/Tiles/main_lev_build_998.asset using Guid(1a432e9e41d8b404e945975d323793cf) Importer(815301076,1909f56bfc062723c751e8b465ee728b) [PhysX] Initialized MultithreadedTaskDispatcher with 12 workers.
 -> (artifact id: '68e85c8e7e979903783722ed768548c8') in 0.032379 seconds
Number of updated asset objects reloaded before import = 0
Number of asset objects unloaded after import = 3
========================================================================
Received Import Request.
  Time since last request: 0.000037 seconds.
  path: Assets/Tiles/main_lev_build_1009.asset
  artifactKey: Guid(1c51fb7b45a598341948c6c527fabe37) Importer(815301076,1909f56bfc062723c751e8b465ee728b)
Start importing Assets/Tiles/main_lev_build_1009.asset using Guid(1c51fb7b45a598341948c6c527fabe37) Importer(815301076,1909f56bfc062723c751e8b465ee728b) [PhysX] Initialized MultithreadedTaskDispatcher with 12 workers.
 -> (artifact id: 'e220fa6bffd0ffda0e84aad483303696') in 0.031790 seconds
Number of updated asset objects reloaded before import = 0
Number of asset objects unloaded after import = 3
========================================================================
Received Import Request.
  Time since last request: 0.000040 seconds.
  path: Assets/Tiles/main_lev_build_1281.asset
  artifactKey: Guid(b82071313db85244fa67cd38b1139574) Importer(815301076,1909f56bfc062723c751e8b465ee728b)
Start importing Assets/Tiles/main_lev_build_1281.asset using Guid(b82071313db85244fa67cd38b1139574) Importer(815301076,1909f56bfc062723c751e8b465ee728b) [PhysX] Initialized MultithreadedTaskDispatcher with 12 workers.
 -> (artifact id: '8294873eaac042a4a1c6fe40d8825437') in 0.056921 seconds
Number of updated asset objects reloaded before import = 0
Number of asset objects unloaded after import = 3
========================================================================
Received Import Request.
  Time since last request: 0.000029 seconds.
  path: Assets/Tiles/main_lev_build_1581.asset
  artifactKey: Guid(6bea766bba9b31d4c9cd309954254d0a) Importer(815301076,1909f56bfc062723c751e8b465ee728b)
Start importing Assets/Tiles/main_lev_build_1581.asset using Guid(6bea766bba9b31d4c9cd309954254d0a) Importer(815301076,1909f56bfc062723c751e8b465ee728b) [PhysX] Initialized MultithreadedTaskDispatcher with 12 workers.
 -> (artifact id: 'd3330f3c864d3d24bbc4491f288acdec') in 0.036546 seconds
Number of updated asset objects reloaded before import = 0
Number of asset objects unloaded after import = 3
========================================================================
Received Import Request.
  Time since last request: 0.000033 seconds.
  path: Assets/Tiles/main_lev_build_1246.asset
  artifactKey: Guid(667c12b23feab7749bda24cda7535a8b) Importer(815301076,1909f56bfc062723c751e8b465ee728b)
Start importing Assets/Tiles/main_lev_build_1246.asset using Guid(667c12b23feab7749bda24cda7535a8b) Importer(815301076,1909f56bfc062723c751e8b465ee728b) [PhysX] Initialized MultithreadedTaskDispatcher with 12 workers.
 -> (artifact id: '9527e9dc8aa3319de99f803bc00cfadc') in 0.082857 seconds
Number of updated asset objects reloaded before import = 0
Number of asset objects unloaded after import = 3
========================================================================
Received Import Request.
  Time since last request: 0.000034 seconds.
  path: Assets/Tiles/main_lev_build_965.asset
  artifactKey: Guid(04cae571ef48dc04b940119592d06371) Importer(815301076,1909f56bfc062723c751e8b465ee728b)
Start importing Assets/Tiles/main_lev_build_965.asset using Guid(04cae571ef48dc04b940119592d06371) Importer(815301076,1909f56bfc062723c751e8b465ee728b) [PhysX] Initialized MultithreadedTaskDispatcher with 12 workers.
 -> (artifact id: '6545d0fd1c1c850ea268b1b7304b288a') in 0.033749 seconds
Number of updated asset objects reloaded before import = 0
Number of asset objects unloaded after import = 3
========================================================================
Received Import Request.
  Time since last request: 0.000047 seconds.
  path: Assets/Tiles/main_lev_build_1249.asset
  artifactKey: Guid(a812ec8a4a8892b46835cff064f9aea8) Importer(815301076,1909f56bfc062723c751e8b465ee728b)
Start importing Assets/Tiles/main_lev_build_1249.asset using Guid(a812ec8a4a8892b46835cff064f9aea8) Importer(815301076,1909f56bfc062723c751e8b465ee728b) [PhysX] Initialized MultithreadedTaskDispatcher with 12 workers.
 -> (artifact id: '9e6c6aca618c2eb9b4b133518e71687d') in 0.032036 seconds
Number of updated asset objects reloaded before import = 0
Number of asset objects unloaded after import = 3
========================================================================
Received Import Request.
  Time since last request: 0.000035 seconds.
  path: Assets/Tiles/main_lev_build_1053.asset
  artifactKey: Guid(7342072be8c514f4cad884f1a9835022) Importer(815301076,1909f56bfc062723c751e8b465ee728b)
Start importing Assets/Tiles/main_lev_build_1053.asset using Guid(7342072be8c514f4cad884f1a9835022) Importer(815301076,1909f56bfc062723c751e8b465ee728b) [PhysX] Initialized MultithreadedTaskDispatcher with 12 workers.
 -> (artifact id: '01b4061cebf612bef5f35145d06d2da5') in 0.035964 seconds
Number of updated asset objects reloaded before import = 0
Number of asset objects unloaded after import = 3
========================================================================
Received Import Request.
  Time since last request: 0.000027 seconds.
  path: Assets/Tiles/main_lev_build_1105.asset
  artifactKey: Guid(f1ae1a251c8611b4babcc007b088cd4b) Importer(815301076,1909f56bfc062723c751e8b465ee728b)
Start importing Assets/Tiles/main_lev_build_1105.asset using Guid(f1ae1a251c8611b4babcc007b088cd4b) Importer(815301076,1909f56bfc062723c751e8b465ee728b) [PhysX] Initialized MultithreadedTaskDispatcher with 12 workers.
 -> (artifact id: 'df4b0c551c04b88b4d51a5a1b2eb4970') in 0.040452 seconds
Number of updated asset objects reloaded before import = 0
Number of asset objects unloaded after import = 3
========================================================================
Received Import Request.
  Time since last request: 0.000034 seconds.
  path: Assets/Tiles/main_lev_build_1552.asset
  artifactKey: Guid(0a629378f05b1e64e86f709e4c285d88) Importer(815301076,1909f56bfc062723c751e8b465ee728b)
Start importing Assets/Tiles/main_lev_build_1552.asset using Guid(0a629378f05b1e64e86f709e4c285d88) Importer(815301076,1909f56bfc062723c751e8b465ee728b) [PhysX] Initialized MultithreadedTaskDispatcher with 12 workers.
 -> (artifact id: 'b3c8183025eb8f72e30eaba88239d3ec') in 0.057482 seconds
Number of updated asset objects reloaded before import = 0
Number of asset objects unloaded after import = 3
========================================================================
Received Import Request.
  Time since last request: 0.000073 seconds.
  path: Assets/Tiles/main_lev_build_1122.asset
  artifactKey: Guid(1bafe1db299c3784aa3493bf010e25fa) Importer(815301076,1909f56bfc062723c751e8b465ee728b)
Start importing Assets/Tiles/main_lev_build_1122.asset using Guid(1bafe1db299c3784aa3493bf010e25fa) Importer(815301076,1909f56bfc062723c751e8b465ee728b) [PhysX] Initialized MultithreadedTaskDispatcher with 12 workers.
 -> (artifact id: '30a26f2329ca0981e72d9e97d0525cf9') in 0.033872 seconds
Number of updated asset objects reloaded before import = 0
Number of asset objects unloaded after import = 3
========================================================================
Received Import Request.
  Time since last request: 0.000038 seconds.
  path: Assets/Tiles/main_lev_build_1292.asset
  artifactKey: Guid(1b8021f3c1b6fe44a85c813813493112) Importer(815301076,1909f56bfc062723c751e8b465ee728b)
Start importing Assets/Tiles/main_lev_build_1292.asset using Guid(1b8021f3c1b6fe44a85c813813493112) Importer(815301076,1909f56bfc062723c751e8b465ee728b) [PhysX] Initialized MultithreadedTaskDispatcher with 12 workers.
 -> (artifact id: 'c7a34d7ecf8799982f6c8daa89d3b016') in 0.033747 seconds
Number of updated asset objects reloaded before import = 0
Number of asset objects unloaded after import = 3
========================================================================
Received Import Request.
  Time since last request: 0.000041 seconds.
  path: Assets/Tiles/main_lev_build_1693.asset
  artifactKey: Guid(b7e20154cabb46142908eb826672cbe2) Importer(815301076,1909f56bfc062723c751e8b465ee728b)
Start importing Assets/Tiles/main_lev_build_1693.asset using Guid(b7e20154cabb46142908eb826672cbe2) Importer(815301076,1909f56bfc062723c751e8b465ee728b) [PhysX] Initialized MultithreadedTaskDispatcher with 12 workers.
 -> (artifact id: '0e1587391fbfb13ee02f3502967f86e9') in 0.032135 seconds
Number of updated asset objects reloaded before import = 0
Number of asset objects unloaded after import = 3
========================================================================
Received Import Request.
  Time since last request: 0.000034 seconds.
  path: Assets/Tiles/main_lev_build_1584.asset
  artifactKey: Guid(d155b519c567a014b921ccf841177748) Importer(815301076,1909f56bfc062723c751e8b465ee728b)
Start importing Assets/Tiles/main_lev_build_1584.asset using Guid(d155b519c567a014b921ccf841177748) Importer(815301076,1909f56bfc062723c751e8b465ee728b) [PhysX] Initialized MultithreadedTaskDispatcher with 12 workers.
 -> (artifact id: '4c3ee6a99dccb0a42a308181e26cf4a3') in 0.035007 seconds
Number of updated asset objects reloaded before import = 0
Number of asset objects unloaded after import = 3
========================================================================
Received Import Request.
  Time since last request: 0.000030 seconds.
  path: Assets/Tiles/main_lev_build_938.asset
  artifactKey: Guid(f672aa3162ef2c94cb47aa13009b1015) Importer(815301076,1909f56bfc062723c751e8b465ee728b)
Start importing Assets/Tiles/main_lev_build_938.asset using Guid(f672aa3162ef2c94cb47aa13009b1015) Importer(815301076,1909f56bfc062723c751e8b465ee728b) [PhysX] Initialized MultithreadedTaskDispatcher with 12 workers.
 -> (artifact id: 'd7505f2c3714e30a3fb64837d5322041') in 0.033861 seconds
Number of updated asset objects reloaded before import = 0
Number of asset objects unloaded after import = 3
========================================================================
Received Import Request.
  Time since last request: 0.000047 seconds.
  path: Assets/Tiles/main_lev_build_1749.asset
  artifactKey: Guid(e86bfad90df1d3949ad061a2faea48a4) Importer(815301076,1909f56bfc062723c751e8b465ee728b)
Start importing Assets/Tiles/main_lev_build_1749.asset using Guid(e86bfad90df1d3949ad061a2faea48a4) Importer(815301076,1909f56bfc062723c751e8b465ee728b) [PhysX] Initialized MultithreadedTaskDispatcher with 12 workers.
 -> (artifact id: 'f9c6e68c178a8018c50efb32a26370a1') in 0.041155 seconds
Number of updated asset objects reloaded before import = 0
Number of asset objects unloaded after import = 3
========================================================================
Received Import Request.
  Time since last request: 0.000029 seconds.
  path: Assets/Tiles/main_lev_build_1780.asset
  artifactKey: Guid(684e0395bd2ec53489db6eb13ebe6c7e) Importer(815301076,1909f56bfc062723c751e8b465ee728b)
Start importing Assets/Tiles/main_lev_build_1780.asset using Guid(684e0395bd2ec53489db6eb13ebe6c7e) Importer(815301076,1909f56bfc062723c751e8b465ee728b) [PhysX] Initialized MultithreadedTaskDispatcher with 12 workers.
 -> (artifact id: 'e70dee9bdfddaaeab5aaacb6d27c9a8d') in 0.036934 seconds
Number of updated asset objects reloaded before import = 0
Number of asset objects unloaded after import = 3
========================================================================
Received Import Request.
  Time since last request: 0.000035 seconds.
  path: Assets/Tiles/main_lev_build_1093.asset
  artifactKey: Guid(daf70bf665078564eba3ce440f647b28) Importer(815301076,1909f56bfc062723c751e8b465ee728b)
Start importing Assets/Tiles/main_lev_build_1093.asset using Guid(daf70bf665078564eba3ce440f647b28) Importer(815301076,1909f56bfc062723c751e8b465ee728b) [PhysX] Initialized MultithreadedTaskDispatcher with 12 workers.
 -> (artifact id: 'f02eea0fe24adcfc44b8ff65dfb8d31f') in 0.041584 seconds
Number of updated asset objects reloaded before import = 0
Number of asset objects unloaded after import = 3
========================================================================
Received Import Request.
  Time since last request: 0.000036 seconds.
  path: Assets/Tiles/main_lev_build_1325.asset
  artifactKey: Guid(310d9b205fef2a6429070bc379cf8488) Importer(815301076,1909f56bfc062723c751e8b465ee728b)
Start importing Assets/Tiles/main_lev_build_1325.asset using Guid(310d9b205fef2a6429070bc379cf8488) Importer(815301076,1909f56bfc062723c751e8b465ee728b) [PhysX] Initialized MultithreadedTaskDispatcher with 12 workers.
 -> (artifact id: '3cd530f220445d52c6e6c2cb1e265be1') in 0.035361 seconds
Number of updated asset objects reloaded before import = 0
Number of asset objects unloaded after import = 3
========================================================================
Received Import Request.
  Time since last request: 0.000168 seconds.
  path: Assets/Tiles/main_lev_build_1257.asset
  artifactKey: Guid(827ea4c4eed8cc940934c20657f817ce) Importer(815301076,1909f56bfc062723c751e8b465ee728b)
Start importing Assets/Tiles/main_lev_build_1257.asset using Guid(827ea4c4eed8cc940934c20657f817ce) Importer(815301076,1909f56bfc062723c751e8b465ee728b) [PhysX] Initialized MultithreadedTaskDispatcher with 12 workers.
 -> (artifact id: '2b454e0294c0efeb352d6be6ad2eb748') in 0.029549 seconds
Number of updated asset objects reloaded before import = 0
Number of asset objects unloaded after import = 3
========================================================================
Received Import Request.
  Time since last request: 0.000030 seconds.
  path: Assets/Tiles/main_lev_build_1607.asset
  artifactKey: Guid(ee4345ca405091b46837366edf0c2412) Importer(815301076,1909f56bfc062723c751e8b465ee728b)
Start importing Assets/Tiles/main_lev_build_1607.asset using Guid(ee4345ca405091b46837366edf0c2412) Importer(815301076,1909f56bfc062723c751e8b465ee728b) [PhysX] Initialized MultithreadedTaskDispatcher with 12 workers.
 -> (artifact id: '0b5da4ce4ff78f3ed4581a05c54d7ee6') in 0.055593 seconds
Number of updated asset objects reloaded before import = 0
Number of asset objects unloaded after import = 3
========================================================================
Received Import Request.
  Time since last request: 0.000028 seconds.
  path: Assets/Tiles/main_lev_build_905.asset
  artifactKey: Guid(fea09c1579497f64bbb16adac0f780f3) Importer(815301076,1909f56bfc062723c751e8b465ee728b)
Start importing Assets/Tiles/main_lev_build_905.asset using Guid(fea09c1579497f64bbb16adac0f780f3) Importer(815301076,1909f56bfc062723c751e8b465ee728b) [PhysX] Initialized MultithreadedTaskDispatcher with 12 workers.
 -> (artifact id: 'fa37cb435fb8bfdb0e137944f81e997d') in 0.044877 seconds
Number of updated asset objects reloaded before import = 0
Number of asset objects unloaded after import = 3
========================================================================
Received Import Request.
  Time since last request: 0.000028 seconds.
  path: Assets/Tiles/main_lev_build_1004.asset
  artifactKey: Guid(8d60d36a7c819fa46bf8cda48010d3ec) Importer(815301076,1909f56bfc062723c751e8b465ee728b)
Start importing Assets/Tiles/main_lev_build_1004.asset using Guid(8d60d36a7c819fa46bf8cda48010d3ec) Importer(815301076,1909f56bfc062723c751e8b465ee728b) [PhysX] Initialized MultithreadedTaskDispatcher with 12 workers.
 -> (artifact id: 'ceac4b01b19067751a6a76192898e45c') in 0.057269 seconds
Number of updated asset objects reloaded before import = 0
Number of asset objects unloaded after import = 3
========================================================================
Received Import Request.
  Time since last request: 0.000033 seconds.
  path: Assets/Tiles/main_lev_build_1102.asset
  artifactKey: Guid(ef895ebcf7dfc2b45b5e2713653c7d88) Importer(815301076,1909f56bfc062723c751e8b465ee728b)
Start importing Assets/Tiles/main_lev_build_1102.asset using Guid(ef895ebcf7dfc2b45b5e2713653c7d88) Importer(815301076,1909f56bfc062723c751e8b465ee728b) [PhysX] Initialized MultithreadedTaskDispatcher with 12 workers.
 -> (artifact id: 'f21a0b65e032c7abb4377c830c6a2342') in 0.068851 seconds
Number of updated asset objects reloaded before import = 0
Number of asset objects unloaded after import = 3
========================================================================
Received Import Request.
  Time since last request: 0.000035 seconds.
  path: Assets/Tiles/main_lev_build_1595.asset
  artifactKey: Guid(00e58de7a1fb0c64d8cd8a360e4ab395) Importer(815301076,1909f56bfc062723c751e8b465ee728b)
Start importing Assets/Tiles/main_lev_build_1595.asset using Guid(00e58de7a1fb0c64d8cd8a360e4ab395) Importer(815301076,1909f56bfc062723c751e8b465ee728b) [PhysX] Initialized MultithreadedTaskDispatcher with 12 workers.
 -> (artifact id: '8d0f1897c36028ee7174c7bdd4a7546d') in 0.056900 seconds
Number of updated asset objects reloaded before import = 0
Number of asset objects unloaded after import = 3
========================================================================
Received Import Request.
  Time since last request: 0.000054 seconds.
  path: Assets/Tiles/main_lev_build_1617.asset
  artifactKey: Guid(35ed10e4ebd246d458743129069aed58) Importer(815301076,1909f56bfc062723c751e8b465ee728b)
Start importing Assets/Tiles/main_lev_build_1617.asset using Guid(35ed10e4ebd246d458743129069aed58) Importer(815301076,1909f56bfc062723c751e8b465ee728b) [PhysX] Initialized MultithreadedTaskDispatcher with 12 workers.
 -> (artifact id: '1061f7ab0f7fac52cd8b789187b10db7') in 0.048438 seconds
Number of updated asset objects reloaded before import = 0
Number of asset objects unloaded after import = 3
========================================================================
Received Import Request.
  Time since last request: 0.000030 seconds.
  path: Assets/Tiles/main_lev_build_1582.asset
  artifactKey: Guid(59dc0c314c16f6440801a45f2f60123a) Importer(815301076,1909f56bfc062723c751e8b465ee728b)
Start importing Assets/Tiles/main_lev_build_1582.asset using Guid(59dc0c314c16f6440801a45f2f60123a) Importer(815301076,1909f56bfc062723c751e8b465ee728b) [PhysX] Initialized MultithreadedTaskDispatcher with 12 workers.
 -> (artifact id: '4b2e956c7603ede1cfbaf0891cb3c1d2') in 0.080952 seconds
Number of updated asset objects reloaded before import = 0
Number of asset objects unloaded after import = 3
========================================================================
Received Import Request.
  Time since last request: 0.000024 seconds.
  path: Assets/Tiles/main_lev_build_997.asset
  artifactKey: Guid(fd3d65ddf0539ac4996e778bb16b98e7) Importer(815301076,1909f56bfc062723c751e8b465ee728b)
Start importing Assets/Tiles/main_lev_build_997.asset using Guid(fd3d65ddf0539ac4996e778bb16b98e7) Importer(815301076,1909f56bfc062723c751e8b465ee728b) [PhysX] Initialized MultithreadedTaskDispatcher with 12 workers.
 -> (artifact id: '6e8a9d7e557eefa0c00889150d3faa09') in 0.043228 seconds
Number of updated asset objects reloaded before import = 0
Number of asset objects unloaded after import = 3
========================================================================
Received Import Request.
  Time since last request: 0.000042 seconds.
  path: Assets/Tiles/main_lev_build_1538.asset
  artifactKey: Guid(f736985b26f1a4d48bd12a2d8b9fa649) Importer(815301076,1909f56bfc062723c751e8b465ee728b)
Start importing Assets/Tiles/main_lev_build_1538.asset using Guid(f736985b26f1a4d48bd12a2d8b9fa649) Importer(815301076,1909f56bfc062723c751e8b465ee728b) [PhysX] Initialized MultithreadedTaskDispatcher with 12 workers.
 -> (artifact id: '50640418e8687fab0c6ae8b85d2280de') in 0.036995 seconds
Number of updated asset objects reloaded before import = 0
Number of asset objects unloaded after import = 3
========================================================================
Received Import Request.
  Time since last request: 0.000029 seconds.
  path: Assets/Tiles/main_lev_build_1317.asset
  artifactKey: Guid(8784341e70dbe3f4ea8a8989fca98c68) Importer(815301076,1909f56bfc062723c751e8b465ee728b)
Start importing Assets/Tiles/main_lev_build_1317.asset using Guid(8784341e70dbe3f4ea8a8989fca98c68) Importer(815301076,1909f56bfc062723c751e8b465ee728b) [PhysX] Initialized MultithreadedTaskDispatcher with 12 workers.
 -> (artifact id: '684542c88e5fc58d67727454eee80bff') in 0.280794 seconds
Number of updated asset objects reloaded before import = 0
Number of asset objects unloaded after import = 3
========================================================================
Received Import Request.
  Time since last request: 0.000092 seconds.
  path: Assets/Tiles/main_lev_build_1101.asset
  artifactKey: Guid(c61de3fc1f0956a4e812818a87a7a7db) Importer(815301076,1909f56bfc062723c751e8b465ee728b)
Start importing Assets/Tiles/main_lev_build_1101.asset using Guid(c61de3fc1f0956a4e812818a87a7a7db) Importer(815301076,1909f56bfc062723c751e8b465ee728b) [PhysX] Initialized MultithreadedTaskDispatcher with 12 workers.
 -> (artifact id: '6b5e8883df6d500b87885ab43736f24d') in 0.040797 seconds
Number of updated asset objects reloaded before import = 0
Number of asset objects unloaded after import = 3
========================================================================
Received Import Request.
  Time since last request: 0.000031 seconds.
  path: Assets/Tiles/main_lev_build_1509.asset
  artifactKey: Guid(8fe1f75a1d63c4443a6febaba333528e) Importer(815301076,1909f56bfc062723c751e8b465ee728b)
Start importing Assets/Tiles/main_lev_build_1509.asset using Guid(8fe1f75a1d63c4443a6febaba333528e) Importer(815301076,1909f56bfc062723c751e8b465ee728b) [PhysX] Initialized MultithreadedTaskDispatcher with 12 workers.
 -> (artifact id: '60dd068387017369d2d62ca041a50842') in 0.042010 seconds
Number of updated asset objects reloaded before import = 0
Number of asset objects unloaded after import = 3
========================================================================
Received Import Request.
  Time since last request: 0.000029 seconds.
  path: Assets/Tiles/main_lev_build_1621.asset
  artifactKey: Guid(30b85725f68a62d40bdf7faac3bc0af3) Importer(815301076,1909f56bfc062723c751e8b465ee728b)
Start importing Assets/Tiles/main_lev_build_1621.asset using Guid(30b85725f68a62d40bdf7faac3bc0af3) Importer(815301076,1909f56bfc062723c751e8b465ee728b) [PhysX] Initialized MultithreadedTaskDispatcher with 12 workers.
 -> (artifact id: 'cb141e5efeebefb2a8286c08b627b843') in 0.043436 seconds
Number of updated asset objects reloaded before import = 0
Number of asset objects unloaded after import = 3
========================================================================
Received Import Request.
  Time since last request: 0.000034 seconds.
  path: Assets/Tiles/main_lev_build_1576.asset
  artifactKey: Guid(651c1df3bfca6264c866913bf8b369b9) Importer(815301076,1909f56bfc062723c751e8b465ee728b)
Start importing Assets/Tiles/main_lev_build_1576.asset using Guid(651c1df3bfca6264c866913bf8b369b9) Importer(815301076,1909f56bfc062723c751e8b465ee728b) [PhysX] Initialized MultithreadedTaskDispatcher with 12 workers.
 -> (artifact id: '9dffdee379da051072f26b457c3e3aee') in 0.058084 seconds
Number of updated asset objects reloaded before import = 0
Number of asset objects unloaded after import = 3
========================================================================
Received Import Request.
  Time since last request: 0.000119 seconds.
  path: Assets/Tiles/main_lev_build_1139.asset
  artifactKey: Guid(3a80b7cf961246d4aba51036e9961175) Importer(815301076,1909f56bfc062723c751e8b465ee728b)
Start importing Assets/Tiles/main_lev_build_1139.asset using Guid(3a80b7cf961246d4aba51036e9961175) Importer(815301076,1909f56bfc062723c751e8b465ee728b) [PhysX] Initialized MultithreadedTaskDispatcher with 12 workers.
 -> (artifact id: 'cdb5bb47d96f176828881a9523e5a8a7') in 0.030719 seconds
Number of updated asset objects reloaded before import = 0
Number of asset objects unloaded after import = 3
========================================================================
Received Import Request.
  Time since last request: 0.000040 seconds.
  path: Assets/Tiles/main_lev_build_893.asset
  artifactKey: Guid(77e7d38e9d89e7046a581e2a07266353) Importer(815301076,1909f56bfc062723c751e8b465ee728b)
Start importing Assets/Tiles/main_lev_build_893.asset using Guid(77e7d38e9d89e7046a581e2a07266353) Importer(815301076,1909f56bfc062723c751e8b465ee728b) [PhysX] Initialized MultithreadedTaskDispatcher with 12 workers.
 -> (artifact id: 'c9f94199d92f7db49e43588917db14ea') in 0.038585 seconds
Number of updated asset objects reloaded before import = 0
Number of asset objects unloaded after import = 3
========================================================================
Received Import Request.
  Time since last request: 0.000040 seconds.
  path: Assets/Tiles/main_lev_build_1635.asset
  artifactKey: Guid(57460b5ac1c25cf4799d053c92e0cc07) Importer(815301076,1909f56bfc062723c751e8b465ee728b)
Start importing Assets/Tiles/main_lev_build_1635.asset using Guid(57460b5ac1c25cf4799d053c92e0cc07) Importer(815301076,1909f56bfc062723c751e8b465ee728b) [PhysX] Initialized MultithreadedTaskDispatcher with 12 workers.
 -> (artifact id: '77ee4f9ad4458add4d1851ca159ac109') in 0.034264 seconds
Number of updated asset objects reloaded before import = 0
Number of asset objects unloaded after import = 3
========================================================================
Received Import Request.
  Time since last request: 0.000024 seconds.
  path: Assets/Tiles/main_lev_build_1083.asset
  artifactKey: Guid(d3f690deb35105841afddd0312cf701a) Importer(815301076,1909f56bfc062723c751e8b465ee728b)
Start importing Assets/Tiles/main_lev_build_1083.asset using Guid(d3f690deb35105841afddd0312cf701a) Importer(815301076,1909f56bfc062723c751e8b465ee728b) [PhysX] Initialized MultithreadedTaskDispatcher with 12 workers.
 -> (artifact id: 'be38e280e981d2b72b352a00be92e17e') in 0.030818 seconds
Number of updated asset objects reloaded before import = 0
Number of asset objects unloaded after import = 3
========================================================================
Received Import Request.
  Time since last request: 0.000032 seconds.
  path: Assets/Tiles/main_lev_build_308.asset
  artifactKey: Guid(1521d17fb7e54b148aaf7e15f5fa728f) Importer(815301076,1909f56bfc062723c751e8b465ee728b)
Start importing Assets/Tiles/main_lev_build_308.asset using Guid(1521d17fb7e54b148aaf7e15f5fa728f) Importer(815301076,1909f56bfc062723c751e8b465ee728b) [PhysX] Initialized MultithreadedTaskDispatcher with 12 workers.
 -> (artifact id: 'b3104ab298989880296360fdeaa0d704') in 0.032681 seconds
Number of updated asset objects reloaded before import = 0
Number of asset objects unloaded after import = 3
========================================================================
Received Import Request.
  Time since last request: 0.000042 seconds.
  path: Assets/Tiles/main_lev_build_621.asset
  artifactKey: Guid(314ac153c57504343b042213608188aa) Importer(815301076,1909f56bfc062723c751e8b465ee728b)
Start importing Assets/Tiles/main_lev_build_621.asset using Guid(314ac153c57504343b042213608188aa) Importer(815301076,1909f56bfc062723c751e8b465ee728b) [PhysX] Initialized MultithreadedTaskDispatcher with 12 workers.
 -> (artifact id: 'e5439273f5f44a5fc7072bf0697512ec') in 0.035813 seconds
Number of updated asset objects reloaded before import = 0
Number of asset objects unloaded after import = 3
========================================================================
Received Import Request.
  Time since last request: 0.000033 seconds.
  path: Assets/Tiles/main_lev_build_183.asset
  artifactKey: Guid(8359f6fff1b4cf5448d612635362540f) Importer(815301076,1909f56bfc062723c751e8b465ee728b)
Start importing Assets/Tiles/main_lev_build_183.asset using Guid(8359f6fff1b4cf5448d612635362540f) Importer(815301076,1909f56bfc062723c751e8b465ee728b) [PhysX] Initialized MultithreadedTaskDispatcher with 12 workers.
 -> (artifact id: 'f0a6b230c0d192e9f3607ea0da33f13d') in 0.042143 seconds
Number of updated asset objects reloaded before import = 0
Number of asset objects unloaded after import = 3
========================================================================
Received Import Request.
  Time since last request: 0.000027 seconds.
  path: Assets/Tiles/main_lev_build_1770.asset
  artifactKey: Guid(e81a69bb897dbda4b9b3188be7685a92) Importer(815301076,1909f56bfc062723c751e8b465ee728b)
Start importing Assets/Tiles/main_lev_build_1770.asset using Guid(e81a69bb897dbda4b9b3188be7685a92) Importer(815301076,1909f56bfc062723c751e8b465ee728b) [PhysX] Initialized MultithreadedTaskDispatcher with 12 workers.
 -> (artifact id: '215e00efb142536f94d19d75925d2716') in 0.032988 seconds
Number of updated asset objects reloaded before import = 0
Number of asset objects unloaded after import = 3
========================================================================
Received Import Request.
  Time since last request: 0.000026 seconds.
  path: Assets/Tiles/main_lev_build_586.asset
  artifactKey: Guid(98ba3f1486f17ca4d9ad26823f6aac91) Importer(815301076,1909f56bfc062723c751e8b465ee728b)
Start importing Assets/Tiles/main_lev_build_586.asset using Guid(98ba3f1486f17ca4d9ad26823f6aac91) Importer(815301076,1909f56bfc062723c751e8b465ee728b) [PhysX] Initialized MultithreadedTaskDispatcher with 12 workers.
 -> (artifact id: '8a5db6e76e3279789f92b1824ffab686') in 0.034110 seconds
Number of updated asset objects reloaded before import = 0
Number of asset objects unloaded after import = 3
========================================================================
Received Import Request.
  Time since last request: 0.000053 seconds.
  path: Assets/Tiles/main_lev_build_1550.asset
  artifactKey: Guid(4b13b41560493b04a979491bb05cf609) Importer(815301076,1909f56bfc062723c751e8b465ee728b)
Start importing Assets/Tiles/main_lev_build_1550.asset using Guid(4b13b41560493b04a979491bb05cf609) Importer(815301076,1909f56bfc062723c751e8b465ee728b) [PhysX] Initialized MultithreadedTaskDispatcher with 12 workers.
 -> (artifact id: '2dd4c290378a69d09fabdd913fc34e70') in 0.030313 seconds
Number of updated asset objects reloaded before import = 0
Number of asset objects unloaded after import = 3
========================================================================
Received Import Request.
  Time since last request: 0.000028 seconds.
  path: Assets/Tiles/main_lev_build_1294.asset
  artifactKey: Guid(0ba83a83415189746a4a0e87d83e2a77) Importer(815301076,1909f56bfc062723c751e8b465ee728b)
Start importing Assets/Tiles/main_lev_build_1294.asset using Guid(0ba83a83415189746a4a0e87d83e2a77) Importer(815301076,1909f56bfc062723c751e8b465ee728b) [PhysX] Initialized MultithreadedTaskDispatcher with 12 workers.
 -> (artifact id: '62433e075dbe897689c67ad76a8c5927') in 0.032584 seconds
Number of updated asset objects reloaded before import = 0
Number of asset objects unloaded after import = 3
========================================================================
Received Import Request.
  Time since last request: 0.000026 seconds.
  path: Assets/Tiles/main_lev_build_1027.asset
  artifactKey: Guid(709a7abd5a60e2d41b48435b1ec28eb5) Importer(815301076,1909f56bfc062723c751e8b465ee728b)
Start importing Assets/Tiles/main_lev_build_1027.asset using Guid(709a7abd5a60e2d41b48435b1ec28eb5) Importer(815301076,1909f56bfc062723c751e8b465ee728b) [PhysX] Initialized MultithreadedTaskDispatcher with 12 workers.
 -> (artifact id: 'ab626869fb844a7198ae4625d6b15319') in 0.029825 seconds
Number of updated asset objects reloaded before import = 0
Number of asset objects unloaded after import = 3
========================================================================
Received Import Request.
  Time since last request: 0.000035 seconds.
  path: Assets/Tiles/main_lev_build_670.asset
  artifactKey: Guid(d657784427b36d940b7715e3b2b2d785) Importer(815301076,1909f56bfc062723c751e8b465ee728b)
Start importing Assets/Tiles/main_lev_build_670.asset using Guid(d657784427b36d940b7715e3b2b2d785) Importer(815301076,1909f56bfc062723c751e8b465ee728b) [PhysX] Initialized MultithreadedTaskDispatcher with 12 workers.
 -> (artifact id: '81f8f3898feecb628fdaf09489b50db2') in 0.031287 seconds
Number of updated asset objects reloaded before import = 0
Number of asset objects unloaded after import = 3
========================================================================
Received Import Request.
  Time since last request: 0.000035 seconds.
  path: Assets/Tiles/main_lev_build_1784.asset
  artifactKey: Guid(7e8f38b84a5401f48b93ff7530d976bb) Importer(815301076,1909f56bfc062723c751e8b465ee728b)
Start importing Assets/Tiles/main_lev_build_1784.asset using Guid(7e8f38b84a5401f48b93ff7530d976bb) Importer(815301076,1909f56bfc062723c751e8b465ee728b) [PhysX] Initialized MultithreadedTaskDispatcher with 12 workers.
 -> (artifact id: '703705d07743116044e5f3e4dadef2b0') in 0.037570 seconds
Number of updated asset objects reloaded before import = 0
Number of asset objects unloaded after import = 3
========================================================================
Received Import Request.
  Time since last request: 0.000043 seconds.
  path: Assets/Tiles/main_lev_build_554.asset
  artifactKey: Guid(cc784f83d92f73f45a4f3551d845fb98) Importer(815301076,1909f56bfc062723c751e8b465ee728b)
Start importing Assets/Tiles/main_lev_build_554.asset using Guid(cc784f83d92f73f45a4f3551d845fb98) Importer(815301076,1909f56bfc062723c751e8b465ee728b) [PhysX] Initialized MultithreadedTaskDispatcher with 12 workers.
 -> (artifact id: '50c96af4dbd31779a59f7a6463b18ae5') in 0.035395 seconds
Number of updated asset objects reloaded before import = 0
Number of asset objects unloaded after import = 3
========================================================================
Received Import Request.
  Time since last request: 0.000037 seconds.
  path: Assets/Tiles/main_lev_build_551.asset
  artifactKey: Guid(73ca9cd9b15d97645b9e4b2169166f8c) Importer(815301076,1909f56bfc062723c751e8b465ee728b)
Start importing Assets/Tiles/main_lev_build_551.asset using Guid(73ca9cd9b15d97645b9e4b2169166f8c) Importer(815301076,1909f56bfc062723c751e8b465ee728b) [PhysX] Initialized MultithreadedTaskDispatcher with 12 workers.
 -> (artifact id: 'c7bd7a96e9edf10a8eab1804f7fc443e') in 0.043273 seconds
Number of updated asset objects reloaded before import = 0
Number of asset objects unloaded after import = 3
========================================================================
Received Import Request.
  Time since last request: 0.000047 seconds.
  path: Assets/Tiles/main_lev_build_1349.asset
  artifactKey: Guid(a2d3f258b4a24314eb777744824fdeb8) Importer(815301076,1909f56bfc062723c751e8b465ee728b)
Start importing Assets/Tiles/main_lev_build_1349.asset using Guid(a2d3f258b4a24314eb777744824fdeb8) Importer(815301076,1909f56bfc062723c751e8b465ee728b) [PhysX] Initialized MultithreadedTaskDispatcher with 12 workers.
 -> (artifact id: '5c3c07b74b3a145018e8308386c973cc') in 0.017286 seconds
Number of updated asset objects reloaded before import = 0
Number of asset objects unloaded after import = 3
========================================================================
Received Import Request.
  Time since last request: 0.000034 seconds.
  path: Assets/Tiles/main_lev_build_801.asset
  artifactKey: Guid(2a6ac2fe49adcc440b35578268f13e19) Importer(815301076,1909f56bfc062723c751e8b465ee728b)
Start importing Assets/Tiles/main_lev_build_801.asset using Guid(2a6ac2fe49adcc440b35578268f13e19) Importer(815301076,1909f56bfc062723c751e8b465ee728b) [PhysX] Initialized MultithreadedTaskDispatcher with 12 workers.
 -> (artifact id: '4328a82acce30bb6f404973c57d7cb36') in 0.047886 seconds
Number of updated asset objects reloaded before import = 0
Number of asset objects unloaded after import = 3
========================================================================
Received Import Request.
  Time since last request: 0.000025 seconds.
  path: Assets/Tiles/main_lev_build_624.asset
  artifactKey: Guid(f57bfbc95081cb24083412af2ada83d6) Importer(815301076,1909f56bfc062723c751e8b465ee728b)
Start importing Assets/Tiles/main_lev_build_624.asset using Guid(f57bfbc95081cb24083412af2ada83d6) Importer(815301076,1909f56bfc062723c751e8b465ee728b) [PhysX] Initialized MultithreadedTaskDispatcher with 12 workers.
 -> (artifact id: '70db43fa371ab0a0bbb62ab420f8c0a3') in 0.066123 seconds
Number of updated asset objects reloaded before import = 0
Number of asset objects unloaded after import = 3
========================================================================
Received Import Request.
  Time since last request: 0.000029 seconds.
  path: Assets/Tiles/main_lev_build_1598.asset
  artifactKey: Guid(ea874da784735fd47a383ad1e4cdea42) Importer(815301076,1909f56bfc062723c751e8b465ee728b)
Start importing Assets/Tiles/main_lev_build_1598.asset using Guid(ea874da784735fd47a383ad1e4cdea42) Importer(815301076,1909f56bfc062723c751e8b465ee728b) [PhysX] Initialized MultithreadedTaskDispatcher with 12 workers.
 -> (artifact id: '6ec4643b05a6b442b33da482eb984b7d') in 0.047394 seconds
Number of updated asset objects reloaded before import = 0
Number of asset objects unloaded after import = 3
========================================================================
Received Import Request.
  Time since last request: 0.000028 seconds.
  path: Assets/Tiles/main_lev_build_1627.asset
  artifactKey: Guid(0d1576316b18e054db67f62385268901) Importer(815301076,1909f56bfc062723c751e8b465ee728b)
Start importing Assets/Tiles/main_lev_build_1627.asset using Guid(0d1576316b18e054db67f62385268901) Importer(815301076,1909f56bfc062723c751e8b465ee728b) [PhysX] Initialized MultithreadedTaskDispatcher with 12 workers.
 -> (artifact id: '6570ee26f48304631d41387d80b41e89') in 0.028052 seconds
Number of updated asset objects reloaded before import = 0
Number of asset objects unloaded after import = 3
========================================================================
Received Import Request.
  Time since last request: 0.000033 seconds.
  path: Assets/Tiles/main_lev_build_669.asset
  artifactKey: Guid(8f549de8644754d488f5fcbcbe8f1bc1) Importer(815301076,1909f56bfc062723c751e8b465ee728b)
Start importing Assets/Tiles/main_lev_build_669.asset using Guid(8f549de8644754d488f5fcbcbe8f1bc1) Importer(815301076,1909f56bfc062723c751e8b465ee728b) [PhysX] Initialized MultithreadedTaskDispatcher with 12 workers.
 -> (artifact id: 'f88c6453486eb8082bea8a3802f5249d') in 0.035342 seconds
Number of updated asset objects reloaded before import = 0
Number of asset objects unloaded after import = 3
========================================================================
Received Import Request.
  Time since last request: 0.000045 seconds.
  path: Assets/Tiles/main_lev_build_541.asset
  artifactKey: Guid(526890aa0a8a7f94dbae77ff03b4e7d4) Importer(815301076,1909f56bfc062723c751e8b465ee728b)
Start importing Assets/Tiles/main_lev_build_541.asset using Guid(526890aa0a8a7f94dbae77ff03b4e7d4) Importer(815301076,1909f56bfc062723c751e8b465ee728b) [PhysX] Initialized MultithreadedTaskDispatcher with 12 workers.
 -> (artifact id: '33bc9ec7cca8387ad329558590fb8321') in 0.037989 seconds
Number of updated asset objects reloaded before import = 0
Number of asset objects unloaded after import = 3
========================================================================
Received Import Request.
  Time since last request: 0.000036 seconds.
  path: Assets/Tiles/main_lev_build_498.asset
  artifactKey: Guid(b8c72b74564744a4eadc58cf604d90e4) Importer(815301076,1909f56bfc062723c751e8b465ee728b)
Start importing Assets/Tiles/main_lev_build_498.asset using Guid(b8c72b74564744a4eadc58cf604d90e4) Importer(815301076,1909f56bfc062723c751e8b465ee728b) [PhysX] Initialized MultithreadedTaskDispatcher with 12 workers.
 -> (artifact id: 'fec896ba06320e29f0a32ff837240209') in 0.038685 seconds
Number of updated asset objects reloaded before import = 0
Number of asset objects unloaded after import = 3
========================================================================
Received Import Request.
  Time since last request: 0.000034 seconds.
  path: Assets/Tiles/main_lev_build_766.asset
  artifactKey: Guid(df933dc79c9c13247b87181359d46139) Importer(815301076,1909f56bfc062723c751e8b465ee728b)
Start importing Assets/Tiles/main_lev_build_766.asset using Guid(df933dc79c9c13247b87181359d46139) Importer(815301076,1909f56bfc062723c751e8b465ee728b) [PhysX] Initialized MultithreadedTaskDispatcher with 12 workers.
 -> (artifact id: '1ca54fddc63dc5d3da689f2ac0ecc040') in 0.035124 seconds
Number of updated asset objects reloaded before import = 0
Number of asset objects unloaded after import = 3
========================================================================
Received Import Request.
  Time since last request: 0.000032 seconds.
  path: Assets/Tiles/main_lev_build_492.asset
  artifactKey: Guid(ef97709b55da67c48877088891a7f779) Importer(815301076,1909f56bfc062723c751e8b465ee728b)
Start importing Assets/Tiles/main_lev_build_492.asset using Guid(ef97709b55da67c48877088891a7f779) Importer(815301076,1909f56bfc062723c751e8b465ee728b) [PhysX] Initialized MultithreadedTaskDispatcher with 12 workers.
 -> (artifact id: 'f745878dd256f700b2296adec67336de') in 0.038856 seconds
Number of updated asset objects reloaded before import = 0
Number of asset objects unloaded after import = 3
========================================================================
Received Import Request.
  Time since last request: 0.000048 seconds.
  path: Assets/Tiles/main_lev_build_1609.asset
  artifactKey: Guid(44a0f599682a1274ea287d9223deff5b) Importer(815301076,1909f56bfc062723c751e8b465ee728b)
Start importing Assets/Tiles/main_lev_build_1609.asset using Guid(44a0f599682a1274ea287d9223deff5b) Importer(815301076,1909f56bfc062723c751e8b465ee728b) [PhysX] Initialized MultithreadedTaskDispatcher with 12 workers.
 -> (artifact id: '4eb3c91276a632e3d7f397c752499ca8') in 0.032546 seconds
Number of updated asset objects reloaded before import = 0
Number of asset objects unloaded after import = 3
========================================================================
Received Import Request.
  Time since last request: 0.000034 seconds.
  path: Assets/Tiles/main_lev_build_843.asset
  artifactKey: Guid(d54c9aaed55a6ee40bb3949c46bae767) Importer(815301076,1909f56bfc062723c751e8b465ee728b)
Start importing Assets/Tiles/main_lev_build_843.asset using Guid(d54c9aaed55a6ee40bb3949c46bae767) Importer(815301076,1909f56bfc062723c751e8b465ee728b) [PhysX] Initialized MultithreadedTaskDispatcher with 12 workers.
 -> (artifact id: '89e6badcc6f5caa16c921f6d2ba27785') in 0.031602 seconds
Number of updated asset objects reloaded before import = 0
Number of asset objects unloaded after import = 3
========================================================================
Received Import Request.
  Time since last request: 0.000030 seconds.
  path: Assets/Tiles/main_lev_build_1303.asset
  artifactKey: Guid(e0029069531f1e847be09e58a6453b41) Importer(815301076,1909f56bfc062723c751e8b465ee728b)
Start importing Assets/Tiles/main_lev_build_1303.asset using Guid(e0029069531f1e847be09e58a6453b41) Importer(815301076,1909f56bfc062723c751e8b465ee728b) [PhysX] Initialized MultithreadedTaskDispatcher with 12 workers.
 -> (artifact id: '4c733b4433f96ef92cfdf5e1ee1a3df7') in 0.030623 seconds
Number of updated asset objects reloaded before import = 0
Number of asset objects unloaded after import = 3
========================================================================
Received Import Request.
  Time since last request: 0.000039 seconds.
  path: Assets/Tiles/main_lev_build_748.asset
  artifactKey: Guid(7805e938d16baee43874701de530572c) Importer(815301076,1909f56bfc062723c751e8b465ee728b)
Start importing Assets/Tiles/main_lev_build_748.asset using Guid(7805e938d16baee43874701de530572c) Importer(815301076,1909f56bfc062723c751e8b465ee728b) [PhysX] Initialized MultithreadedTaskDispatcher with 12 workers.
 -> (artifact id: '19cd9b304733e3ba6fa8b206a493c6c3') in 0.028314 seconds
Number of updated asset objects reloaded before import = 0
Number of asset objects unloaded after import = 3
========================================================================
Received Import Request.
  Time since last request: 0.000030 seconds.
  path: Assets/Tiles/main_lev_build_1348.asset
  artifactKey: Guid(82e2ee6b1f14a994196b91e999d70ea9) Importer(815301076,1909f56bfc062723c751e8b465ee728b)
Start importing Assets/Tiles/main_lev_build_1348.asset using Guid(82e2ee6b1f14a994196b91e999d70ea9) Importer(815301076,1909f56bfc062723c751e8b465ee728b) [PhysX] Initialized MultithreadedTaskDispatcher with 12 workers.
 -> (artifact id: 'c349571c30d0df0dff80cddd490aa494') in 0.027727 seconds
Number of updated asset objects reloaded before import = 0
Number of asset objects unloaded after import = 3
========================================================================
Received Import Request.
  Time since last request: 0.000030 seconds.
  path: Assets/Tiles/main_lev_build_375.asset
  artifactKey: Guid(00daf418b40382a46b9e62ca7377549b) Importer(815301076,1909f56bfc062723c751e8b465ee728b)
Start importing Assets/Tiles/main_lev_build_375.asset using Guid(00daf418b40382a46b9e62ca7377549b) Importer(815301076,1909f56bfc062723c751e8b465ee728b) [PhysX] Initialized MultithreadedTaskDispatcher with 12 workers.
 -> (artifact id: 'ce8c5eabc5584bc7d6cc708e62e7c778') in 0.028989 seconds
Number of updated asset objects reloaded before import = 0
Number of asset objects unloaded after import = 3
========================================================================
Received Import Request.
  Time since last request: 0.000029 seconds.
  path: Assets/Tiles/main_lev_build_971.asset
  artifactKey: Guid(f964d749b62c7b94893206f2e3d10c0e) Importer(815301076,1909f56bfc062723c751e8b465ee728b)
Start importing Assets/Tiles/main_lev_build_971.asset using Guid(f964d749b62c7b94893206f2e3d10c0e) Importer(815301076,1909f56bfc062723c751e8b465ee728b) [PhysX] Initialized MultithreadedTaskDispatcher with 12 workers.
 -> (artifact id: '340cd4c013789c2fd460c2e4fe90d808') in 0.028694 seconds
Number of updated asset objects reloaded before import = 0
Number of asset objects unloaded after import = 3
========================================================================
Received Import Request.
  Time since last request: 0.000045 seconds.
  path: Assets/Tiles/main_lev_build_1318.asset
  artifactKey: Guid(a6b29e7042b106945aa23391d6a9c291) Importer(815301076,1909f56bfc062723c751e8b465ee728b)
Start importing Assets/Tiles/main_lev_build_1318.asset using Guid(a6b29e7042b106945aa23391d6a9c291) Importer(815301076,1909f56bfc062723c751e8b465ee728b) [PhysX] Initialized MultithreadedTaskDispatcher with 12 workers.
 -> (artifact id: 'e3b4d3e820bbce7d5d22f53f3d198970') in 0.042696 seconds
Number of updated asset objects reloaded before import = 0
Number of asset objects unloaded after import = 3
========================================================================
Received Import Request.
  Time since last request: 0.000032 seconds.
  path: Assets/Tiles/main_lev_build_406.asset
  artifactKey: Guid(1e868101fb5d15c48b08adb2f28940ae) Importer(815301076,1909f56bfc062723c751e8b465ee728b)
Start importing Assets/Tiles/main_lev_build_406.asset using Guid(1e868101fb5d15c48b08adb2f28940ae) Importer(815301076,1909f56bfc062723c751e8b465ee728b) [PhysX] Initialized MultithreadedTaskDispatcher with 12 workers.
 -> (artifact id: '292e1790ec6a1e9d64f2f3752462811b') in 0.035741 seconds
Number of updated asset objects reloaded before import = 0
Number of asset objects unloaded after import = 3
========================================================================
Received Import Request.
  Time since last request: 0.000038 seconds.
  path: Assets/Tiles/main_lev_build_658.asset
  artifactKey: Guid(a169554b7bd2d1147a0892228a629e9b) Importer(815301076,1909f56bfc062723c751e8b465ee728b)
Start importing Assets/Tiles/main_lev_build_658.asset using Guid(a169554b7bd2d1147a0892228a629e9b) Importer(815301076,1909f56bfc062723c751e8b465ee728b) [PhysX] Initialized MultithreadedTaskDispatcher with 12 workers.
 -> (artifact id: 'b6ab1103dec0cccba207f4ba8e6fcea7') in 0.027329 seconds
Number of updated asset objects reloaded before import = 0
Number of asset objects unloaded after import = 3
========================================================================
Received Import Request.
  Time since last request: 0.000043 seconds.
  path: Assets/Tiles/main_lev_build_952.asset
  artifactKey: Guid(0ab2ca00e15a234409a4104a0f1f3ca9) Importer(815301076,1909f56bfc062723c751e8b465ee728b)
Start importing Assets/Tiles/main_lev_build_952.asset using Guid(0ab2ca00e15a234409a4104a0f1f3ca9) Importer(815301076,1909f56bfc062723c751e8b465ee728b) [PhysX] Initialized MultithreadedTaskDispatcher with 12 workers.
 -> (artifact id: '4d298b0f4ee669eb3d6228d9299d858c') in 0.026951 seconds
Number of updated asset objects reloaded before import = 0
Number of asset objects unloaded after import = 3
========================================================================
Received Import Request.
  Time since last request: 0.000030 seconds.
  path: Assets/Tiles/main_lev_build_1002.asset
  artifactKey: Guid(ebd1cca0125a017409d00597cfe94a91) Importer(815301076,1909f56bfc062723c751e8b465ee728b)
Start importing Assets/Tiles/main_lev_build_1002.asset using Guid(ebd1cca0125a017409d00597cfe94a91) Importer(815301076,1909f56bfc062723c751e8b465ee728b) [PhysX] Initialized MultithreadedTaskDispatcher with 12 workers.
 -> (artifact id: '732cce0e797f8ece12f0386fce89d357') in 0.028851 seconds
Number of updated asset objects reloaded before import = 0
Number of asset objects unloaded after import = 3
========================================================================
Received Import Request.
  Time since last request: 0.000028 seconds.
  path: Assets/Tiles/main_lev_build_534.asset
  artifactKey: Guid(cf2cd26125e90a84c8a51e4a3c424486) Importer(815301076,1909f56bfc062723c751e8b465ee728b)
Start importing Assets/Tiles/main_lev_build_534.asset using Guid(cf2cd26125e90a84c8a51e4a3c424486) Importer(815301076,1909f56bfc062723c751e8b465ee728b) [PhysX] Initialized MultithreadedTaskDispatcher with 12 workers.
 -> (artifact id: '8a7192a6d9797590962397d08950e331') in 0.028312 seconds
Number of updated asset objects reloaded before import = 0
Number of asset objects unloaded after import = 3
========================================================================
Received Import Request.
  Time since last request: 0.000030 seconds.
  path: Assets/Tiles/main_lev_build_1680.asset
  artifactKey: Guid(c468dda4bb4036f4b92762c6138e2051) Importer(815301076,1909f56bfc062723c751e8b465ee728b)
Start importing Assets/Tiles/main_lev_build_1680.asset using Guid(c468dda4bb4036f4b92762c6138e2051) Importer(815301076,1909f56bfc062723c751e8b465ee728b) [PhysX] Initialized MultithreadedTaskDispatcher with 12 workers.
 -> (artifact id: '0069c4343e4f71ee39ddf0dba77defaf') in 0.027453 seconds
Number of updated asset objects reloaded before import = 0
Number of asset objects unloaded after import = 3
========================================================================
Received Import Request.
  Time since last request: 0.000028 seconds.
  path: Assets/Tiles/main_lev_build_1632.asset
  artifactKey: Guid(617836ce938c0c4448abfa42061216a1) Importer(815301076,1909f56bfc062723c751e8b465ee728b)
Start importing Assets/Tiles/main_lev_build_1632.asset using Guid(617836ce938c0c4448abfa42061216a1) Importer(815301076,1909f56bfc062723c751e8b465ee728b) [PhysX] Initialized MultithreadedTaskDispatcher with 12 workers.
 -> (artifact id: 'a5ae0cdfa3615833a9ddb73761ecca93') in 0.029066 seconds
Number of updated asset objects reloaded before import = 0
Number of asset objects unloaded after import = 3
========================================================================
Received Import Request.
  Time since last request: 0.000032 seconds.
  path: Assets/Tiles/main_lev_build_1694.asset
  artifactKey: Guid(7db79ba99a36d1b47a1b9bf43c498725) Importer(815301076,1909f56bfc062723c751e8b465ee728b)
Start importing Assets/Tiles/main_lev_build_1694.asset using Guid(7db79ba99a36d1b47a1b9bf43c498725) Importer(815301076,1909f56bfc062723c751e8b465ee728b) [PhysX] Initialized MultithreadedTaskDispatcher with 12 workers.
 -> (artifact id: '0dbba3e6c7d0451ddb4f9b5e08306b92') in 0.029202 seconds
Number of updated asset objects reloaded before import = 0
Number of asset objects unloaded after import = 3
========================================================================
Received Import Request.
  Time since last request: 0.000026 seconds.
  path: Assets/Tiles/main_lev_build_1743.asset
  artifactKey: Guid(b2fb911d3f3cce24282a1644e2f578cf) Importer(815301076,1909f56bfc062723c751e8b465ee728b)
Start importing Assets/Tiles/main_lev_build_1743.asset using Guid(b2fb911d3f3cce24282a1644e2f578cf) Importer(815301076,1909f56bfc062723c751e8b465ee728b) [PhysX] Initialized MultithreadedTaskDispatcher with 12 workers.
 -> (artifact id: 'a42de2c45e223834d472910c596e491a') in 0.027150 seconds
Number of updated asset objects reloaded before import = 0
Number of asset objects unloaded after import = 3
========================================================================
Received Import Request.
  Time since last request: 0.000089 seconds.
  path: Assets/Tiles/main_lev_build_540.asset
  artifactKey: Guid(ff20475bfb50717479835cc21482f5a9) Importer(815301076,1909f56bfc062723c751e8b465ee728b)
Start importing Assets/Tiles/main_lev_build_540.asset using Guid(ff20475bfb50717479835cc21482f5a9) Importer(815301076,1909f56bfc062723c751e8b465ee728b) [PhysX] Initialized MultithreadedTaskDispatcher with 12 workers.
 -> (artifact id: '07ab48e4f0061294c91722fef72b5df7') in 0.029433 seconds
Number of updated asset objects reloaded before import = 0
Number of asset objects unloaded after import = 3
========================================================================
Received Import Request.
  Time since last request: 0.000041 seconds.
  path: Assets/Tiles/main_lev_build_1099.asset
  artifactKey: Guid(895dc5965ec94cf438e5f4870c7ef290) Importer(815301076,1909f56bfc062723c751e8b465ee728b)
Start importing Assets/Tiles/main_lev_build_1099.asset using Guid(895dc5965ec94cf438e5f4870c7ef290) Importer(815301076,1909f56bfc062723c751e8b465ee728b) [PhysX] Initialized MultithreadedTaskDispatcher with 12 workers.
 -> (artifact id: 'bb5795fa2f024402658458f6d9d32f60') in 0.029970 seconds
Number of updated asset objects reloaded before import = 0
Number of asset objects unloaded after import = 3
========================================================================
Received Import Request.
  Time since last request: 0.000028 seconds.
  path: Assets/Tiles/main_lev_build_937.asset
  artifactKey: Guid(d16eec9570988f74baa9408baaf9d360) Importer(815301076,1909f56bfc062723c751e8b465ee728b)
Start importing Assets/Tiles/main_lev_build_937.asset using Guid(d16eec9570988f74baa9408baaf9d360) Importer(815301076,1909f56bfc062723c751e8b465ee728b) [PhysX] Initialized MultithreadedTaskDispatcher with 12 workers.
 -> (artifact id: '8c7ad37e0ee99adfad1a22cce6fa0b77') in 0.029865 seconds
Number of updated asset objects reloaded before import = 0
Number of asset objects unloaded after import = 3
========================================================================
Received Import Request.
  Time since last request: 0.000028 seconds.
  path: Assets/Tiles/main_lev_build_568.asset
  artifactKey: Guid(537e54068bf00b748a7ead811e53e422) Importer(815301076,1909f56bfc062723c751e8b465ee728b)
Start importing Assets/Tiles/main_lev_build_568.asset using Guid(537e54068bf00b748a7ead811e53e422) Importer(815301076,1909f56bfc062723c751e8b465ee728b) [PhysX] Initialized MultithreadedTaskDispatcher with 12 workers.
 -> (artifact id: 'b5c913c58231c9eaac74b82ae0c852c6') in 0.026749 seconds
Number of updated asset objects reloaded before import = 0
Number of asset objects unloaded after import = 3
========================================================================
Received Import Request.
  Time since last request: 0.000028 seconds.
  path: Assets/Tiles/main_lev_build_1778.asset
  artifactKey: Guid(af44309bcb5a8f14cb143e422681a819) Importer(815301076,1909f56bfc062723c751e8b465ee728b)
Start importing Assets/Tiles/main_lev_build_1778.asset using Guid(af44309bcb5a8f14cb143e422681a819) Importer(815301076,1909f56bfc062723c751e8b465ee728b) [PhysX] Initialized MultithreadedTaskDispatcher with 12 workers.
 -> (artifact id: '16412ee9ae4c1aafc7da573227da3758') in 0.029041 seconds
Number of updated asset objects reloaded before import = 0
Number of asset objects unloaded after import = 3
========================================================================
Received Import Request.
  Time since last request: 0.000026 seconds.
  path: Assets/Tiles/main_lev_build_566.asset
  artifactKey: Guid(2e21a8624faa62645a3b7c03147aaa29) Importer(815301076,1909f56bfc062723c751e8b465ee728b)
Start importing Assets/Tiles/main_lev_build_566.asset using Guid(2e21a8624faa62645a3b7c03147aaa29) Importer(815301076,1909f56bfc062723c751e8b465ee728b) [PhysX] Initialized MultithreadedTaskDispatcher with 12 workers.
 -> (artifact id: 'd1cf1955b5a4e7eab3c29ba05092bac8') in 0.026802 seconds
Number of updated asset objects reloaded before import = 0
Number of asset objects unloaded after import = 3
========================================================================
Received Import Request.
  Time since last request: 0.000029 seconds.
  path: Assets/Tiles/main_lev_build_517.asset
  artifactKey: Guid(44f42a7c766a08745ba50987a4f49493) Importer(815301076,1909f56bfc062723c751e8b465ee728b)
Start importing Assets/Tiles/main_lev_build_517.asset using Guid(44f42a7c766a08745ba50987a4f49493) Importer(815301076,1909f56bfc062723c751e8b465ee728b) [PhysX] Initialized MultithreadedTaskDispatcher with 12 workers.
 -> (artifact id: 'd68f762acf4366280cf1d8bd539c5eed') in 0.031684 seconds
Number of updated asset objects reloaded before import = 0
Number of asset objects unloaded after import = 3
========================================================================
Received Import Request.
  Time since last request: 0.000036 seconds.
  path: Assets/Tiles/main_lev_build_692.asset
  artifactKey: Guid(c6d70b0bbd5e6f24797a743544edba95) Importer(815301076,1909f56bfc062723c751e8b465ee728b)
Start importing Assets/Tiles/main_lev_build_692.asset using Guid(c6d70b0bbd5e6f24797a743544edba95) Importer(815301076,1909f56bfc062723c751e8b465ee728b) [PhysX] Initialized MultithreadedTaskDispatcher with 12 workers.
 -> (artifact id: '9279412d62384f96af7e9d643576ec14') in 0.031890 seconds
Number of updated asset objects reloaded before import = 0
Number of asset objects unloaded after import = 3
========================================================================
Received Import Request.
  Time since last request: 0.000036 seconds.
  path: Assets/Tiles/main_lev_build_1601.asset
  artifactKey: Guid(24d58b79b69abe5479d202c7ed8718c7) Importer(815301076,1909f56bfc062723c751e8b465ee728b)
Start importing Assets/Tiles/main_lev_build_1601.asset using Guid(24d58b79b69abe5479d202c7ed8718c7) Importer(815301076,1909f56bfc062723c751e8b465ee728b) [PhysX] Initialized MultithreadedTaskDispatcher with 12 workers.
 -> (artifact id: '42dd737d62a599888f27bdf657f4427b') in 0.059643 seconds
Number of updated asset objects reloaded before import = 0
Number of asset objects unloaded after import = 3
========================================================================
Received Import Request.
  Time since last request: 0.000141 seconds.
  path: Assets/Tiles/main_lev_build_1761.asset
  artifactKey: Guid(67a3173138e746c489b3dec793b954ad) Importer(815301076,1909f56bfc062723c751e8b465ee728b)
Start importing Assets/Tiles/main_lev_build_1761.asset using Guid(67a3173138e746c489b3dec793b954ad) Importer(815301076,1909f56bfc062723c751e8b465ee728b) [PhysX] Initialized MultithreadedTaskDispatcher with 12 workers.
 -> (artifact id: '1fc58521cac24e2a1b7b0876efc02877') in 0.038359 seconds
Number of updated asset objects reloaded before import = 0
Number of asset objects unloaded after import = 3
========================================================================
Received Import Request.
  Time since last request: 0.000038 seconds.
  path: Assets/Tiles/main_lev_build_1539.asset
  artifactKey: Guid(5e6947388485cfa44a68373cb9cf2598) Importer(815301076,1909f56bfc062723c751e8b465ee728b)
Start importing Assets/Tiles/main_lev_build_1539.asset using Guid(5e6947388485cfa44a68373cb9cf2598) Importer(815301076,1909f56bfc062723c751e8b465ee728b) [PhysX] Initialized MultithreadedTaskDispatcher with 12 workers.
 -> (artifact id: '813b551d3f21b0ffd4761163ce0dd96f') in 0.045559 seconds
Number of updated asset objects reloaded before import = 0
Number of asset objects unloaded after import = 3
========================================================================
Received Import Request.
  Time since last request: 0.000034 seconds.
  path: Assets/Tiles/main_lev_build_148.asset
  artifactKey: Guid(1e8a8a24d494361448489f09a16e675a) Importer(815301076,1909f56bfc062723c751e8b465ee728b)
Start importing Assets/Tiles/main_lev_build_148.asset using Guid(1e8a8a24d494361448489f09a16e675a) Importer(815301076,1909f56bfc062723c751e8b465ee728b) [PhysX] Initialized MultithreadedTaskDispatcher with 12 workers.
 -> (artifact id: 'e0af9771a99c5745cbddb198c3c2691c') in 0.033052 seconds
Number of updated asset objects reloaded before import = 0
Number of asset objects unloaded after import = 3
========================================================================
Received Import Request.
  Time since last request: 0.000030 seconds.
  path: Assets/Tiles/main_lev_build_479.asset
  artifactKey: Guid(06760b701e3ec9441878974208ad714d) Importer(815301076,1909f56bfc062723c751e8b465ee728b)
Start importing Assets/Tiles/main_lev_build_479.asset using Guid(06760b701e3ec9441878974208ad714d) Importer(815301076,1909f56bfc062723c751e8b465ee728b) [PhysX] Initialized MultithreadedTaskDispatcher with 12 workers.
 -> (artifact id: 'f2f64e2182364b8aa418c5bfdc61b1ed') in 0.037842 seconds
Number of updated asset objects reloaded before import = 0
Number of asset objects unloaded after import = 3
========================================================================
Received Import Request.
  Time since last request: 0.000033 seconds.
  path: Assets/Tiles/main_lev_build_1278.asset
  artifactKey: Guid(25f6faba29ea2e54d84d66b7c39b1894) Importer(815301076,1909f56bfc062723c751e8b465ee728b)
Start importing Assets/Tiles/main_lev_build_1278.asset using Guid(25f6faba29ea2e54d84d66b7c39b1894) Importer(815301076,1909f56bfc062723c751e8b465ee728b) [PhysX] Initialized MultithreadedTaskDispatcher with 12 workers.
 -> (artifact id: '41d9bdfd714da0913d5832c05eddd208') in 0.032012 seconds
Number of updated asset objects reloaded before import = 0
Number of asset objects unloaded after import = 3
========================================================================
Received Import Request.
  Time since last request: 0.000039 seconds.
  path: Assets/Tiles/main_lev_build_833.asset
  artifactKey: Guid(4b7437fe59eff5745a17688cba8df35f) Importer(815301076,1909f56bfc062723c751e8b465ee728b)
Start importing Assets/Tiles/main_lev_build_833.asset using Guid(4b7437fe59eff5745a17688cba8df35f) Importer(815301076,1909f56bfc062723c751e8b465ee728b) [PhysX] Initialized MultithreadedTaskDispatcher with 12 workers.
 -> (artifact id: '21ded5b172005848c7655615071d637c') in 0.032823 seconds
Number of updated asset objects reloaded before import = 0
Number of asset objects unloaded after import = 3
========================================================================
Received Import Request.
  Time since last request: 0.000031 seconds.
  path: Assets/Tiles/main_lev_build_217.asset
  artifactKey: Guid(9f833eb5950f4d04380265c2149f5426) Importer(815301076,1909f56bfc062723c751e8b465ee728b)
Start importing Assets/Tiles/main_lev_build_217.asset using Guid(9f833eb5950f4d04380265c2149f5426) Importer(815301076,1909f56bfc062723c751e8b465ee728b) [PhysX] Initialized MultithreadedTaskDispatcher with 12 workers.
 -> (artifact id: 'e2b9f9d74973feab757b6133e3314959') in 0.028149 seconds
Number of updated asset objects reloaded before import = 0
Number of asset objects unloaded after import = 3
========================================================================
Received Import Request.
  Time since last request: 0.000087 seconds.
  path: Assets/Tiles/main_lev_build_1266.asset
  artifactKey: Guid(aaf52d82ab7546941847dd9e1a7a7358) Importer(815301076,1909f56bfc062723c751e8b465ee728b)
Start importing Assets/Tiles/main_lev_build_1266.asset using Guid(aaf52d82ab7546941847dd9e1a7a7358) Importer(815301076,1909f56bfc062723c751e8b465ee728b) [PhysX] Initialized MultithreadedTaskDispatcher with 12 workers.
 -> (artifact id: '2b6deb89bf9218d407a6e07d8cbeb790') in 0.035528 seconds
Number of updated asset objects reloaded before import = 0
Number of asset objects unloaded after import = 3
========================================================================
Received Import Request.
  Time since last request: 0.000036 seconds.
  path: Assets/Tiles/main_lev_build_574.asset
  artifactKey: Guid(1bb40ec3d194a7c49a0b9cc603346c82) Importer(815301076,1909f56bfc062723c751e8b465ee728b)
Start importing Assets/Tiles/main_lev_build_574.asset using Guid(1bb40ec3d194a7c49a0b9cc603346c82) Importer(815301076,1909f56bfc062723c751e8b465ee728b) [PhysX] Initialized MultithreadedTaskDispatcher with 12 workers.
 -> (artifact id: 'df700d001e10f11399770cfea1cc378a') in 0.034600 seconds
Number of updated asset objects reloaded before import = 0
Number of asset objects unloaded after import = 3
========================================================================
Received Import Request.
  Time since last request: 0.000032 seconds.
  path: Assets/Tiles/main_lev_build_691.asset
  artifactKey: Guid(ad51d6a568009a84babaaded2385d876) Importer(815301076,1909f56bfc062723c751e8b465ee728b)
Start importing Assets/Tiles/main_lev_build_691.asset using Guid(ad51d6a568009a84babaaded2385d876) Importer(815301076,1909f56bfc062723c751e8b465ee728b) [PhysX] Initialized MultithreadedTaskDispatcher with 12 workers.
 -> (artifact id: '7136911416cb068b0d657021d9e4b8b6') in 0.039485 seconds
Number of updated asset objects reloaded before import = 0
Number of asset objects unloaded after import = 3
========================================================================
Received Import Request.
  Time since last request: 0.000031 seconds.
  path: Assets/Tiles/main_lev_build_749.asset
  artifactKey: Guid(0827df7cf532bcd4f8c145e3537427b3) Importer(815301076,1909f56bfc062723c751e8b465ee728b)
Start importing Assets/Tiles/main_lev_build_749.asset using Guid(0827df7cf532bcd4f8c145e3537427b3) Importer(815301076,1909f56bfc062723c751e8b465ee728b) [PhysX] Initialized MultithreadedTaskDispatcher with 12 workers.
 -> (artifact id: 'c82b5491d0b53398a3ff967785b7c134') in 0.052308 seconds
Number of updated asset objects reloaded before import = 0
Number of asset objects unloaded after import = 3
========================================================================
Received Import Request.
  Time since last request: 0.000085 seconds.
  path: Assets/Tiles/main_lev_build_805.asset
  artifactKey: Guid(2c7771d16027bb54eb0923f354534261) Importer(815301076,1909f56bfc062723c751e8b465ee728b)
Start importing Assets/Tiles/main_lev_build_805.asset using Guid(2c7771d16027bb54eb0923f354534261) Importer(815301076,1909f56bfc062723c751e8b465ee728b) [PhysX] Initialized MultithreadedTaskDispatcher with 12 workers.
 -> (artifact id: 'b6713977b3d7473f5bb759c9ebb1a14a') in 0.030572 seconds
Number of updated asset objects reloaded before import = 0
Number of asset objects unloaded after import = 3
========================================================================
Received Import Request.
  Time since last request: 0.000029 seconds.
  path: Assets/Tiles/main_lev_build_1546.asset
  artifactKey: Guid(5637a16b76caa3240b151265a81c508f) Importer(815301076,1909f56bfc062723c751e8b465ee728b)
Start importing Assets/Tiles/main_lev_build_1546.asset using Guid(5637a16b76caa3240b151265a81c508f) Importer(815301076,1909f56bfc062723c751e8b465ee728b) [PhysX] Initialized MultithreadedTaskDispatcher with 12 workers.
 -> (artifact id: 'c3e2ff921b9f044aecf4e0170b6423c3') in 0.068549 seconds
Number of updated asset objects reloaded before import = 0
Number of asset objects unloaded after import = 3
========================================================================
Received Import Request.
  Time since last request: 0.000044 seconds.
  path: Assets/Tiles/main_lev_build_505.asset
  artifactKey: Guid(5e09d2feffd49224e95c5b42f8672876) Importer(815301076,1909f56bfc062723c751e8b465ee728b)
Start importing Assets/Tiles/main_lev_build_505.asset using Guid(5e09d2feffd49224e95c5b42f8672876) Importer(815301076,1909f56bfc062723c751e8b465ee728b) [PhysX] Initialized MultithreadedTaskDispatcher with 12 workers.
 -> (artifact id: '30df4a2edbc36ba993ea3a679ce55574') in 0.035789 seconds
Number of updated asset objects reloaded before import = 0
Number of asset objects unloaded after import = 3
========================================================================
Received Import Request.
  Time since last request: 0.000032 seconds.
  path: Assets/Tiles/main_lev_build_267.asset
  artifactKey: Guid(1448084cd6cf9f146b1214f1a9cf4ed8) Importer(815301076,1909f56bfc062723c751e8b465ee728b)
Start importing Assets/Tiles/main_lev_build_267.asset using Guid(1448084cd6cf9f146b1214f1a9cf4ed8) Importer(815301076,1909f56bfc062723c751e8b465ee728b) [PhysX] Initialized MultithreadedTaskDispatcher with 12 workers.
 -> (artifact id: 'bed4ed051bb8c7b2e4291eff2b699918') in 0.194607 seconds
Number of updated asset objects reloaded before import = 0
Number of asset objects unloaded after import = 3
========================================================================
Received Import Request.
  Time since last request: 0.000041 seconds.
  path: Assets/Tiles/main_lev_build_1130.asset
  artifactKey: Guid(f46124a0d603e3c429ef474ed69357a0) Importer(815301076,1909f56bfc062723c751e8b465ee728b)
Start importing Assets/Tiles/main_lev_build_1130.asset using Guid(f46124a0d603e3c429ef474ed69357a0) Importer(815301076,1909f56bfc062723c751e8b465ee728b) [PhysX] Initialized MultithreadedTaskDispatcher with 12 workers.
 -> (artifact id: '9e8f44eada492e2a7c8b6d5872154d78') in 0.029400 seconds
Number of updated asset objects reloaded before import = 0
Number of asset objects unloaded after import = 3
========================================================================
Received Import Request.
  Time since last request: 0.000043 seconds.
  path: Assets/Tiles/main_lev_build_476.asset
  artifactKey: Guid(3f1d029f0c498be42bc2aa8c010f8d4a) Importer(815301076,1909f56bfc062723c751e8b465ee728b)
Start importing Assets/Tiles/main_lev_build_476.asset using Guid(3f1d029f0c498be42bc2aa8c010f8d4a) Importer(815301076,1909f56bfc062723c751e8b465ee728b) [PhysX] Initialized MultithreadedTaskDispatcher with 12 workers.
 -> (artifact id: '99581261800d77a32068a5d1d717b3da') in 0.032167 seconds
Number of updated asset objects reloaded before import = 0
Number of asset objects unloaded after import = 3
========================================================================
Received Import Request.
  Time since last request: 0.000055 seconds.
  path: Assets/Tiles/main_lev_build_422.asset
  artifactKey: Guid(7f0648d3f10b31b49bb26682ccfd7307) Importer(815301076,1909f56bfc062723c751e8b465ee728b)
Start importing Assets/Tiles/main_lev_build_422.asset using Guid(7f0648d3f10b31b49bb26682ccfd7307) Importer(815301076,1909f56bfc062723c751e8b465ee728b) [PhysX] Initialized MultithreadedTaskDispatcher with 12 workers.
 -> (artifact id: '5d3ebf2245a6dac89cc45ce13854078c') in 0.032933 seconds
Number of updated asset objects reloaded before import = 0
Number of asset objects unloaded after import = 3
========================================================================
Received Import Request.
  Time since last request: 0.000036 seconds.
  path: Assets/Tiles/main_lev_build_1572.asset
  artifactKey: Guid(3cd98740ade1f5f468b1bc15bfba29a9) Importer(815301076,1909f56bfc062723c751e8b465ee728b)
Start importing Assets/Tiles/main_lev_build_1572.asset using Guid(3cd98740ade1f5f468b1bc15bfba29a9) Importer(815301076,1909f56bfc062723c751e8b465ee728b) [PhysX] Initialized MultithreadedTaskDispatcher with 12 workers.
 -> (artifact id: '7f069deeba72c328418078e59e537ece') in 0.031185 seconds
Number of updated asset objects reloaded before import = 0
Number of asset objects unloaded after import = 3
========================================================================
Received Import Request.
  Time since last request: 0.000031 seconds.
  path: Assets/Tiles/main_lev_build_427.asset
  artifactKey: Guid(c0f5e686a244ae2438d95168e4b671da) Importer(815301076,1909f56bfc062723c751e8b465ee728b)
Start importing Assets/Tiles/main_lev_build_427.asset using Guid(c0f5e686a244ae2438d95168e4b671da) Importer(815301076,1909f56bfc062723c751e8b465ee728b) [PhysX] Initialized MultithreadedTaskDispatcher with 12 workers.
 -> (artifact id: '46fe6688294ee3df428a93aee1c29a1b') in 0.027200 seconds
Number of updated asset objects reloaded before import = 0
Number of asset objects unloaded after import = 3
========================================================================
Received Import Request.
  Time since last request: 0.000034 seconds.
  path: Assets/Tiles/main_lev_build_1725.asset
  artifactKey: Guid(130dbeca06204a448b51e0d16fc83e0b) Importer(815301076,1909f56bfc062723c751e8b465ee728b)
Start importing Assets/Tiles/main_lev_build_1725.asset using Guid(130dbeca06204a448b51e0d16fc83e0b) Importer(815301076,1909f56bfc062723c751e8b465ee728b) [PhysX] Initialized MultithreadedTaskDispatcher with 12 workers.
 -> (artifact id: '33388ce8459f78892c3e73b15dfcffe5') in 0.029296 seconds
Number of updated asset objects reloaded before import = 0
Number of asset objects unloaded after import = 3
========================================================================
Received Import Request.
  Time since last request: 0.000029 seconds.
  path: Assets/Tiles/main_lev_build_761.asset
  artifactKey: Guid(7f6b4fd26d51fe94e88e2dcfc8c6efbd) Importer(815301076,1909f56bfc062723c751e8b465ee728b)
Start importing Assets/Tiles/main_lev_build_761.asset using Guid(7f6b4fd26d51fe94e88e2dcfc8c6efbd) Importer(815301076,1909f56bfc062723c751e8b465ee728b) [PhysX] Initialized MultithreadedTaskDispatcher with 12 workers.
 -> (artifact id: '0b4fbf8ac5fd44aa77c80f6474f44e0a') in 0.031917 seconds
Number of updated asset objects reloaded before import = 0
Number of asset objects unloaded after import = 3
========================================================================
Received Import Request.
  Time since last request: 0.000034 seconds.
  path: Assets/Tiles/main_lev_build_291.asset
  artifactKey: Guid(23ee4345f59460347aef97fc08707813) Importer(815301076,1909f56bfc062723c751e8b465ee728b)
Start importing Assets/Tiles/main_lev_build_291.asset using Guid(23ee4345f59460347aef97fc08707813) Importer(815301076,1909f56bfc062723c751e8b465ee728b) [PhysX] Initialized MultithreadedTaskDispatcher with 12 workers.
 -> (artifact id: 'a8e346ba3154b3f06500d063c6b3179d') in 0.032017 seconds
Number of updated asset objects reloaded before import = 0
Number of asset objects unloaded after import = 3
========================================================================
Received Import Request.
  Time since last request: 0.000130 seconds.
  path: Assets/Tiles/main_lev_build_548.asset
  artifactKey: Guid(77c28414501d8c244b5c51317b81e1cf) Importer(815301076,1909f56bfc062723c751e8b465ee728b)
Start importing Assets/Tiles/main_lev_build_548.asset using Guid(77c28414501d8c244b5c51317b81e1cf) Importer(815301076,1909f56bfc062723c751e8b465ee728b) [PhysX] Initialized MultithreadedTaskDispatcher with 12 workers.
 -> (artifact id: 'c465034cac3e00e7960c4117f8de919b') in 0.030944 seconds
Number of updated asset objects reloaded before import = 0
Number of asset objects unloaded after import = 3
========================================================================
Received Import Request.
  Time since last request: 0.000053 seconds.
  path: Assets/Tiles/main_lev_build_271.asset
  artifactKey: Guid(e031575d019e8554c8c27ae5185c2491) Importer(815301076,1909f56bfc062723c751e8b465ee728b)
Start importing Assets/Tiles/main_lev_build_271.asset using Guid(e031575d019e8554c8c27ae5185c2491) Importer(815301076,1909f56bfc062723c751e8b465ee728b) [PhysX] Initialized MultithreadedTaskDispatcher with 12 workers.
 -> (artifact id: 'a5d286224f445c903c79ca43a0f2685a') in 0.032211 seconds
Number of updated asset objects reloaded before import = 0
Number of asset objects unloaded after import = 3
========================================================================
Received Import Request.
  Time since last request: 0.000034 seconds.
  path: Assets/Tiles/main_lev_build_1147.asset
  artifactKey: Guid(6982f5072d7133242bf0b178be67c56a) Importer(815301076,1909f56bfc062723c751e8b465ee728b)
Start importing Assets/Tiles/main_lev_build_1147.asset using Guid(6982f5072d7133242bf0b178be67c56a) Importer(815301076,1909f56bfc062723c751e8b465ee728b) [PhysX] Initialized MultithreadedTaskDispatcher with 12 workers.
 -> (artifact id: '680822e938fd9aa0e81c841619cfe610') in 0.032211 seconds
Number of updated asset objects reloaded before import = 0
Number of asset objects unloaded after import = 3
========================================================================
Received Import Request.
  Time since last request: 0.000031 seconds.
  path: Assets/Tiles/main_lev_build_1492.asset
  artifactKey: Guid(da16d1e6780ac9e4696754a01b327da8) Importer(815301076,1909f56bfc062723c751e8b465ee728b)
Start importing Assets/Tiles/main_lev_build_1492.asset using Guid(da16d1e6780ac9e4696754a01b327da8) Importer(815301076,1909f56bfc062723c751e8b465ee728b) [PhysX] Initialized MultithreadedTaskDispatcher with 12 workers.
 -> (artifact id: 'eb753e2491767ef1a2bca86e2150504c') in 0.028495 seconds
Number of updated asset objects reloaded before import = 0
Number of asset objects unloaded after import = 3
========================================================================
Received Import Request.
  Time since last request: 0.000025 seconds.
  path: Assets/Tiles/main_lev_build_842.asset
  artifactKey: Guid(cca8acfb635ed1c41a0d67aa9569bcc9) Importer(815301076,1909f56bfc062723c751e8b465ee728b)
Start importing Assets/Tiles/main_lev_build_842.asset using Guid(cca8acfb635ed1c41a0d67aa9569bcc9) Importer(815301076,1909f56bfc062723c751e8b465ee728b) [PhysX] Initialized MultithreadedTaskDispatcher with 12 workers.
 -> (artifact id: '1ddbfe67dfda7382e55818d7ac37dd69') in 0.026825 seconds
Number of updated asset objects reloaded before import = 0
Number of asset objects unloaded after import = 3
========================================================================
Received Import Request.
  Time since last request: 0.000033 seconds.
  path: Assets/Tiles/main_lev_build_1024.asset
  artifactKey: Guid(e235e64265b07b745ba04281bd8471c0) Importer(815301076,1909f56bfc062723c751e8b465ee728b)
Start importing Assets/Tiles/main_lev_build_1024.asset using Guid(e235e64265b07b745ba04281bd8471c0) Importer(815301076,1909f56bfc062723c751e8b465ee728b) [PhysX] Initialized MultithreadedTaskDispatcher with 12 workers.
 -> (artifact id: '688ef1121a8d89bccdce242b026db999') in 0.032112 seconds
Number of updated asset objects reloaded before import = 0
Number of asset objects unloaded after import = 3
========================================================================
Received Import Request.
  Time since last request: 0.000031 seconds.
  path: Assets/Tiles/main_lev_build_699.asset
  artifactKey: Guid(fa0d0f516b4166e45bc5e029493944c5) Importer(815301076,1909f56bfc062723c751e8b465ee728b)
Start importing Assets/Tiles/main_lev_build_699.asset using Guid(fa0d0f516b4166e45bc5e029493944c5) Importer(815301076,1909f56bfc062723c751e8b465ee728b) [PhysX] Initialized MultithreadedTaskDispatcher with 12 workers.
 -> (artifact id: '7ade68b2c1715f4e84ccc119f6d87879') in 0.029208 seconds
Number of updated asset objects reloaded before import = 0
Number of asset objects unloaded after import = 3
========================================================================
Received Import Request.
  Time since last request: 0.000028 seconds.
  path: Assets/Tiles/main_lev_build_1088.asset
  artifactKey: Guid(2f981f254777b6b419a818ee8065f06b) Importer(815301076,1909f56bfc062723c751e8b465ee728b)
Start importing Assets/Tiles/main_lev_build_1088.asset using Guid(2f981f254777b6b419a818ee8065f06b) Importer(815301076,1909f56bfc062723c751e8b465ee728b) [PhysX] Initialized MultithreadedTaskDispatcher with 12 workers.
 -> (artifact id: 'ede299993ba23c5b7f32f153fff38850') in 0.031160 seconds
Number of updated asset objects reloaded before import = 0
Number of asset objects unloaded after import = 3
========================================================================
Received Import Request.
  Time since last request: 0.000032 seconds.
  path: Assets/Tiles/main_lev_build_164.asset
  artifactKey: Guid(73f1c50d40a69d745a8cee06298ec3f6) Importer(815301076,1909f56bfc062723c751e8b465ee728b)
Start importing Assets/Tiles/main_lev_build_164.asset using Guid(73f1c50d40a69d745a8cee06298ec3f6) Importer(815301076,1909f56bfc062723c751e8b465ee728b) [PhysX] Initialized MultithreadedTaskDispatcher with 12 workers.
 -> (artifact id: '46d146ff479316f0026e528b828d9343') in 0.029762 seconds
Number of updated asset objects reloaded before import = 0
Number of asset objects unloaded after import = 3
========================================================================
Received Import Request.
  Time since last request: 0.000080 seconds.
  path: Assets/Tiles/main_lev_build_614.asset
  artifactKey: Guid(a96e245711446bd438316b8521e2453b) Importer(815301076,1909f56bfc062723c751e8b465ee728b)
Start importing Assets/Tiles/main_lev_build_614.asset using Guid(a96e245711446bd438316b8521e2453b) Importer(815301076,1909f56bfc062723c751e8b465ee728b) [PhysX] Initialized MultithreadedTaskDispatcher with 12 workers.
 -> (artifact id: 'fc384a814c4dcf0d674c13a6f17dbac8') in 0.032784 seconds
Number of updated asset objects reloaded before import = 0
Number of asset objects unloaded after import = 3
========================================================================
Received Import Request.
  Time since last request: 0.000039 seconds.
  path: Assets/Tiles/main_lev_build_556.asset
  artifactKey: Guid(4e7c004c307a7194d98b70d26d51ff6a) Importer(815301076,1909f56bfc062723c751e8b465ee728b)
Start importing Assets/Tiles/main_lev_build_556.asset using Guid(4e7c004c307a7194d98b70d26d51ff6a) Importer(815301076,1909f56bfc062723c751e8b465ee728b) [PhysX] Initialized MultithreadedTaskDispatcher with 12 workers.
 -> (artifact id: 'e9d928f2070bc097c8be1ac917b0095e') in 0.032691 seconds
Number of updated asset objects reloaded before import = 0
Number of asset objects unloaded after import = 3
========================================================================
Received Import Request.
  Time since last request: 0.000051 seconds.
  path: Assets/Tiles/main_lev_build_999.asset
  artifactKey: Guid(3678a08a3942f28479d27a58708cb650) Importer(815301076,1909f56bfc062723c751e8b465ee728b)
Start importing Assets/Tiles/main_lev_build_999.asset using Guid(3678a08a3942f28479d27a58708cb650) Importer(815301076,1909f56bfc062723c751e8b465ee728b) [PhysX] Initialized MultithreadedTaskDispatcher with 12 workers.
 -> (artifact id: 'b4b32768a99a0e3642d6bb0e2d668557') in 0.033565 seconds
Number of updated asset objects reloaded before import = 0
Number of asset objects unloaded after import = 3
========================================================================
Received Import Request.
  Time since last request: 0.000029 seconds.
  path: Assets/Tiles/main_lev_build_808.asset
  artifactKey: Guid(63f89dad9c77eff43861f4a857dbf976) Importer(815301076,1909f56bfc062723c751e8b465ee728b)
Start importing Assets/Tiles/main_lev_build_808.asset using Guid(63f89dad9c77eff43861f4a857dbf976) Importer(815301076,1909f56bfc062723c751e8b465ee728b) [PhysX] Initialized MultithreadedTaskDispatcher with 12 workers.
 -> (artifact id: 'f1a383d1e2e51d7a4516a66b3f061cb6') in 0.029752 seconds
Number of updated asset objects reloaded before import = 0
Number of asset objects unloaded after import = 3
========================================================================
Received Import Request.
  Time since last request: 0.000034 seconds.
  path: Assets/Tiles/main_lev_build_1629.asset
  artifactKey: Guid(3be9bb9716b086d4cbb1c3c6633d268c) Importer(815301076,1909f56bfc062723c751e8b465ee728b)
Start importing Assets/Tiles/main_lev_build_1629.asset using Guid(3be9bb9716b086d4cbb1c3c6633d268c) Importer(815301076,1909f56bfc062723c751e8b465ee728b) [PhysX] Initialized MultithreadedTaskDispatcher with 12 workers.
 -> (artifact id: 'e18116fa992c31c0cce491ef20163ff4') in 0.030410 seconds
Number of updated asset objects reloaded before import = 0
Number of asset objects unloaded after import = 3
========================================================================
Received Import Request.
  Time since last request: 0.000032 seconds.
  path: Assets/Tiles/main_lev_build_1656.asset
  artifactKey: Guid(f7106310c52a011478c2ee7d704c0871) Importer(815301076,1909f56bfc062723c751e8b465ee728b)
Start importing Assets/Tiles/main_lev_build_1656.asset using Guid(f7106310c52a011478c2ee7d704c0871) Importer(815301076,1909f56bfc062723c751e8b465ee728b) [PhysX] Initialized MultithreadedTaskDispatcher with 12 workers.
 -> (artifact id: 'a11c700d495478914923720f7c580f92') in 0.029215 seconds
Number of updated asset objects reloaded before import = 0
Number of asset objects unloaded after import = 3
========================================================================
Received Import Request.
  Time since last request: 0.000040 seconds.
  path: Assets/Tiles/main_lev_build_1652.asset
  artifactKey: Guid(fda99ce161844b14399dc04c6940831d) Importer(815301076,1909f56bfc062723c751e8b465ee728b)
Start importing Assets/Tiles/main_lev_build_1652.asset using Guid(fda99ce161844b14399dc04c6940831d) Importer(815301076,1909f56bfc062723c751e8b465ee728b) [PhysX] Initialized MultithreadedTaskDispatcher with 12 workers.
 -> (artifact id: '22e4bbe00aca017c047c13978f3989e0') in 0.027100 seconds
Number of updated asset objects reloaded before import = 0
Number of asset objects unloaded after import = 3
========================================================================
Received Import Request.
  Time since last request: 0.000032 seconds.
  path: Assets/Tiles/main_lev_build_1651.asset
  artifactKey: Guid(0e9382b659773a542a450a7fd3f71732) Importer(815301076,1909f56bfc062723c751e8b465ee728b)
Start importing Assets/Tiles/main_lev_build_1651.asset using Guid(0e9382b659773a542a450a7fd3f71732) Importer(815301076,1909f56bfc062723c751e8b465ee728b) [PhysX] Initialized MultithreadedTaskDispatcher with 12 workers.
 -> (artifact id: 'bb5feb47889961e7813aa2531ced12a6') in 0.027348 seconds
Number of updated asset objects reloaded before import = 0
Number of asset objects unloaded after import = 3
========================================================================
Received Import Request.
  Time since last request: 0.000037 seconds.
  path: Assets/Tiles/main_lev_build_1659.asset
  artifactKey: Guid(ee2aa024ad618724e860af56d2d9cdb2) Importer(815301076,1909f56bfc062723c751e8b465ee728b)
Start importing Assets/Tiles/main_lev_build_1659.asset using Guid(ee2aa024ad618724e860af56d2d9cdb2) Importer(815301076,1909f56bfc062723c751e8b465ee728b) [PhysX] Initialized MultithreadedTaskDispatcher with 12 workers.
 -> (artifact id: 'a1b256dd572b01c5b51522c049b14760') in 0.038429 seconds
Number of updated asset objects reloaded before import = 0
Number of asset objects unloaded after import = 3
========================================================================
Received Import Request.
  Time since last request: 0.000030 seconds.
  path: Assets/Tiles/main_lev_build_1655.asset
  artifactKey: Guid(cb2052d0dac7a514695c440c8f570253) Importer(815301076,1909f56bfc062723c751e8b465ee728b)
Start importing Assets/Tiles/main_lev_build_1655.asset using Guid(cb2052d0dac7a514695c440c8f570253) Importer(815301076,1909f56bfc062723c751e8b465ee728b) [PhysX] Initialized MultithreadedTaskDispatcher with 12 workers.
 -> (artifact id: '769c4ea4b1c07ed041e9062fe8e7b67a') in 0.032503 seconds
Number of updated asset objects reloaded before import = 0
Number of asset objects unloaded after import = 3
========================================================================
Received Import Request.
  Time since last request: 0.000040 seconds.
  path: Assets/Tiles/main_lev_build_1653.asset
  artifactKey: Guid(a2b58e4a39abfd14b89335941e1b7379) Importer(815301076,1909f56bfc062723c751e8b465ee728b)
Start importing Assets/Tiles/main_lev_build_1653.asset using Guid(a2b58e4a39abfd14b89335941e1b7379) Importer(815301076,1909f56bfc062723c751e8b465ee728b) [PhysX] Initialized MultithreadedTaskDispatcher with 12 workers.
 -> (artifact id: '02a69e1122080ab82aca4d54d854fc6b') in 0.032741 seconds
Number of updated asset objects reloaded before import = 0
Number of asset objects unloaded after import = 3
========================================================================
Received Import Request.
  Time since last request: 0.000053 seconds.
  path: Assets/Tiles/main_lev_build_1575.asset
  artifactKey: Guid(59d28c5bd431e6a47aa9e2a58f635a75) Importer(815301076,1909f56bfc062723c751e8b465ee728b)
Start importing Assets/Tiles/main_lev_build_1575.asset using Guid(59d28c5bd431e6a47aa9e2a58f635a75) Importer(815301076,1909f56bfc062723c751e8b465ee728b) [PhysX] Initialized MultithreadedTaskDispatcher with 12 workers.
 -> (artifact id: 'b6ee1aec31b43eaf175b82f2a56ef608') in 0.083857 seconds
Number of updated asset objects reloaded before import = 0
Number of asset objects unloaded after import = 3
========================================================================
Received Import Request.
  Time since last request: 0.000032 seconds.
  path: Assets/Tiles/main_lev_build_509.asset
  artifactKey: Guid(5f9685e07a291e44a88ebd1d80216c72) Importer(815301076,1909f56bfc062723c751e8b465ee728b)
Start importing Assets/Tiles/main_lev_build_509.asset using Guid(5f9685e07a291e44a88ebd1d80216c72) Importer(815301076,1909f56bfc062723c751e8b465ee728b) [PhysX] Initialized MultithreadedTaskDispatcher with 12 workers.
 -> (artifact id: '2b7bf6fa814547b1f04c17328ceaee95') in 0.032789 seconds
Number of updated asset objects reloaded before import = 0
Number of asset objects unloaded after import = 3
========================================================================
Received Import Request.
  Time since last request: 0.000040 seconds.
  path: Assets/Tiles/main_lev_build_1014.asset
  artifactKey: Guid(dc22893b24db3b94f91411f7f60685e9) Importer(815301076,1909f56bfc062723c751e8b465ee728b)
Start importing Assets/Tiles/main_lev_build_1014.asset using Guid(dc22893b24db3b94f91411f7f60685e9) Importer(815301076,1909f56bfc062723c751e8b465ee728b) [PhysX] Initialized MultithreadedTaskDispatcher with 12 workers.
 -> (artifact id: 'ad2d2ebd1a1e4697914b2576b60c5004') in 0.055209 seconds
Number of updated asset objects reloaded before import = 0
Number of asset objects unloaded after import = 3
========================================================================
Received Import Request.
  Time since last request: 0.000054 seconds.
  path: Assets/Tiles/main_lev_build_1726.asset
  artifactKey: Guid(0b6e3240100ff634d90c7aef6bdc6083) Importer(815301076,1909f56bfc062723c751e8b465ee728b)
Start importing Assets/Tiles/main_lev_build_1726.asset using Guid(0b6e3240100ff634d90c7aef6bdc6083) Importer(815301076,1909f56bfc062723c751e8b465ee728b) [PhysX] Initialized MultithreadedTaskDispatcher with 12 workers.
 -> (artifact id: '10cd5be4f510f9bce9c569999770c656') in 0.043736 seconds
Number of updated asset objects reloaded before import = 0
Number of asset objects unloaded after import = 3
========================================================================
Received Import Request.
  Time since last request: 0.000030 seconds.
  path: Assets/Tiles/main_lev_build_939.asset
  artifactKey: Guid(3a227533701403e4e85e3b9dc5e90201) Importer(815301076,1909f56bfc062723c751e8b465ee728b)
Start importing Assets/Tiles/main_lev_build_939.asset using Guid(3a227533701403e4e85e3b9dc5e90201) Importer(815301076,1909f56bfc062723c751e8b465ee728b) [PhysX] Initialized MultithreadedTaskDispatcher with 12 workers.
 -> (artifact id: '6e2f7906d28e961c19a5e5009e3dae44') in 0.025913 seconds
Number of updated asset objects reloaded before import = 0
Number of asset objects unloaded after import = 3
========================================================================
Received Import Request.
  Time since last request: 0.000036 seconds.
  path: Assets/Tiles/main_lev_build_922.asset
  artifactKey: Guid(56c8cad609d1e674895ae0f1cd1e372f) Importer(815301076,1909f56bfc062723c751e8b465ee728b)
Start importing Assets/Tiles/main_lev_build_922.asset using Guid(56c8cad609d1e674895ae0f1cd1e372f) Importer(815301076,1909f56bfc062723c751e8b465ee728b) [PhysX] Initialized MultithreadedTaskDispatcher with 12 workers.
 -> (artifact id: '6877991bf88ef1502625f3dcd12c33a4') in 0.029527 seconds
Number of updated asset objects reloaded before import = 0
Number of asset objects unloaded after import = 3
========================================================================
Received Import Request.
  Time since last request: 0.000027 seconds.
  path: Assets/Tiles/main_lev_build_1616.asset
  artifactKey: Guid(f18248e40dee0d44ebf0d86ca94c950c) Importer(815301076,1909f56bfc062723c751e8b465ee728b)
Start importing Assets/Tiles/main_lev_build_1616.asset using Guid(f18248e40dee0d44ebf0d86ca94c950c) Importer(815301076,1909f56bfc062723c751e8b465ee728b) [PhysX] Initialized MultithreadedTaskDispatcher with 12 workers.
 -> (artifact id: '80b90436e4f363d7cd12b19488b3c75d') in 0.029180 seconds
Number of updated asset objects reloaded before import = 0
Number of asset objects unloaded after import = 3
========================================================================
Received Import Request.
  Time since last request: 0.000037 seconds.
  path: Assets/Tiles/main_lev_build_755.asset
  artifactKey: Guid(156176136fa8e3e47ab0b818483455d6) Importer(815301076,1909f56bfc062723c751e8b465ee728b)
Start importing Assets/Tiles/main_lev_build_755.asset using Guid(156176136fa8e3e47ab0b818483455d6) Importer(815301076,1909f56bfc062723c751e8b465ee728b) [PhysX] Initialized MultithreadedTaskDispatcher with 12 workers.
 -> (artifact id: 'b5dc23d9475061e3761f621d0f7e3102') in 0.027426 seconds
Number of updated asset objects reloaded before import = 0
Number of asset objects unloaded after import = 3
========================================================================
Received Import Request.
  Time since last request: 0.000033 seconds.
  path: Assets/Tiles/main_lev_build_1256.asset
  artifactKey: Guid(d2ce20ee9ffe07e4c88184ff5c5df008) Importer(815301076,1909f56bfc062723c751e8b465ee728b)
Start importing Assets/Tiles/main_lev_build_1256.asset using Guid(d2ce20ee9ffe07e4c88184ff5c5df008) Importer(815301076,1909f56bfc062723c751e8b465ee728b) [PhysX] Initialized MultithreadedTaskDispatcher with 12 workers.
 -> (artifact id: 'c59d7d620aab7dd400fd2727a1a1aa04') in 0.032037 seconds
Number of updated asset objects reloaded before import = 0
Number of asset objects unloaded after import = 3
========================================================================
Received Import Request.
  Time since last request: 0.000033 seconds.
  path: Assets/Tiles/main_lev_build_1710.asset
  artifactKey: Guid(c0caca1bfa336e14fbb746d89a01658e) Importer(815301076,1909f56bfc062723c751e8b465ee728b)
Start importing Assets/Tiles/main_lev_build_1710.asset using Guid(c0caca1bfa336e14fbb746d89a01658e) Importer(815301076,1909f56bfc062723c751e8b465ee728b) [PhysX] Initialized MultithreadedTaskDispatcher with 12 workers.
 -> (artifact id: 'eb448ce4cbf31eaf0c0ddc86c2aa1887') in 0.031416 seconds
Number of updated asset objects reloaded before import = 0
Number of asset objects unloaded after import = 3
========================================================================
Received Import Request.
  Time since last request: 0.000030 seconds.
  path: Assets/Tiles/main_lev_build_1115.asset
  artifactKey: Guid(5e112d3f5fdeb1a45bee02dd21a74d8a) Importer(815301076,1909f56bfc062723c751e8b465ee728b)
Start importing Assets/Tiles/main_lev_build_1115.asset using Guid(5e112d3f5fdeb1a45bee02dd21a74d8a) Importer(815301076,1909f56bfc062723c751e8b465ee728b) [PhysX] Initialized MultithreadedTaskDispatcher with 12 workers.
 -> (artifact id: 'cd4e73bbb12a366834acb7a38f12991b') in 0.027587 seconds
Number of updated asset objects reloaded before import = 0
Number of asset objects unloaded after import = 3
========================================================================
Received Import Request.
  Time since last request: 0.000044 seconds.
  path: Assets/Tiles/main_lev_build_261.asset
  artifactKey: Guid(78e5b928459603e4d8fa201208513b56) Importer(815301076,1909f56bfc062723c751e8b465ee728b)
Start importing Assets/Tiles/main_lev_build_261.asset using Guid(78e5b928459603e4d8fa201208513b56) Importer(815301076,1909f56bfc062723c751e8b465ee728b) [PhysX] Initialized MultithreadedTaskDispatcher with 12 workers.
 -> (artifact id: 'dacf274572502d724ddab6456f2bb375') in 0.030616 seconds
Number of updated asset objects reloaded before import = 0
Number of asset objects unloaded after import = 3
========================================================================
Received Import Request.
  Time since last request: 0.000035 seconds.
  path: Assets/Tiles/main_lev_build_961.asset
  artifactKey: Guid(de24e36d86e571041bf6c1603572425e) Importer(815301076,1909f56bfc062723c751e8b465ee728b)
Start importing Assets/Tiles/main_lev_build_961.asset using Guid(de24e36d86e571041bf6c1603572425e) Importer(815301076,1909f56bfc062723c751e8b465ee728b) [PhysX] Initialized MultithreadedTaskDispatcher with 12 workers.
 -> (artifact id: '1e754e5195391ec2fe6eb47942bb8a57') in 0.030314 seconds
Number of updated asset objects reloaded before import = 0
Number of asset objects unloaded after import = 3
========================================================================
Received Import Request.
  Time since last request: 0.000030 seconds.
  path: Assets/Tiles/main_lev_build_1008.asset
  artifactKey: Guid(142e42db49e713040a2d5288af02ae8a) Importer(815301076,1909f56bfc062723c751e8b465ee728b)
Start importing Assets/Tiles/main_lev_build_1008.asset using Guid(142e42db49e713040a2d5288af02ae8a) Importer(815301076,1909f56bfc062723c751e8b465ee728b) [PhysX] Initialized MultithreadedTaskDispatcher with 12 workers.
 -> (artifact id: '471732b27e5f9b90c51d365fe9801db2') in 0.032705 seconds
Number of updated asset objects reloaded before import = 0
Number of asset objects unloaded after import = 3
========================================================================
Received Import Request.
  Time since last request: 0.000031 seconds.
  path: Assets/Tiles/main_lev_build_499.asset
  artifactKey: Guid(e34e9f8f390f383449316c225039a22b) Importer(815301076,1909f56bfc062723c751e8b465ee728b)
Start importing Assets/Tiles/main_lev_build_499.asset using Guid(e34e9f8f390f383449316c225039a22b) Importer(815301076,1909f56bfc062723c751e8b465ee728b) [PhysX] Initialized MultithreadedTaskDispatcher with 12 workers.
 -> (artifact id: '170c205133eff07dfd9abd7390295f53') in 0.034777 seconds
Number of updated asset objects reloaded before import = 0
Number of asset objects unloaded after import = 3
========================================================================
Received Import Request.
  Time since last request: 0.000024 seconds.
  path: Assets/Tiles/main_lev_build_706.asset
  artifactKey: Guid(12459208c6c93bd47b7891ae4336cd33) Importer(815301076,1909f56bfc062723c751e8b465ee728b)
Start importing Assets/Tiles/main_lev_build_706.asset using Guid(12459208c6c93bd47b7891ae4336cd33) Importer(815301076,1909f56bfc062723c751e8b465ee728b) [PhysX] Initialized MultithreadedTaskDispatcher with 12 workers.
 -> (artifact id: '619101c1f0178c57637e77236bf897cc') in 0.030802 seconds
Number of updated asset objects reloaded before import = 0
Number of asset objects unloaded after import = 3
========================================================================
Received Import Request.
  Time since last request: 0.000030 seconds.
  path: Assets/Tiles/main_lev_build_575.asset
  artifactKey: Guid(af3c1b020dc3f254293f6adc0ff489e0) Importer(815301076,1909f56bfc062723c751e8b465ee728b)
Start importing Assets/Tiles/main_lev_build_575.asset using Guid(af3c1b020dc3f254293f6adc0ff489e0) Importer(815301076,1909f56bfc062723c751e8b465ee728b) [PhysX] Initialized MultithreadedTaskDispatcher with 12 workers.
 -> (artifact id: '41cfaf22cf1db0ca531e05ad0da8c88d') in 0.031564 seconds
Number of updated asset objects reloaded before import = 0
Number of asset objects unloaded after import = 3
========================================================================
Received Import Request.
  Time since last request: 0.000039 seconds.
  path: Assets/Tiles/main_lev_build_839.asset
  artifactKey: Guid(ee7f2c644fb03774a9772e2d61bf1c4f) Importer(815301076,1909f56bfc062723c751e8b465ee728b)
Start importing Assets/Tiles/main_lev_build_839.asset using Guid(ee7f2c644fb03774a9772e2d61bf1c4f) Importer(815301076,1909f56bfc062723c751e8b465ee728b) [PhysX] Initialized MultithreadedTaskDispatcher with 12 workers.
 -> (artifact id: '55bee0d46eccd32a84ff1e228a3c1a82') in 0.041541 seconds
Number of updated asset objects reloaded before import = 0
Number of asset objects unloaded after import = 3
========================================================================
Received Import Request.
  Time since last request: 0.000041 seconds.
  path: Assets/Tiles/main_lev_build_1269.asset
  artifactKey: Guid(8c7a88dae66c77f43a1c931bdb0e77a3) Importer(815301076,1909f56bfc062723c751e8b465ee728b)
Start importing Assets/Tiles/main_lev_build_1269.asset using Guid(8c7a88dae66c77f43a1c931bdb0e77a3) Importer(815301076,1909f56bfc062723c751e8b465ee728b) [PhysX] Initialized MultithreadedTaskDispatcher with 12 workers.
 -> (artifact id: '812daacbc7a034b755c90e8d8e7d9216') in 0.028080 seconds
Number of updated asset objects reloaded before import = 0
Number of asset objects unloaded after import = 3
========================================================================
Received Import Request.
  Time since last request: 0.000039 seconds.
  path: Assets/Tiles/main_lev_build_620.asset
  artifactKey: Guid(3de37c4a06a4f604bbd1e10e83f544d3) Importer(815301076,1909f56bfc062723c751e8b465ee728b)
Start importing Assets/Tiles/main_lev_build_620.asset using Guid(3de37c4a06a4f604bbd1e10e83f544d3) Importer(815301076,1909f56bfc062723c751e8b465ee728b) [PhysX] Initialized MultithreadedTaskDispatcher with 12 workers.
 -> (artifact id: 'f6bbdb974bf65df03e1996ba61ab9abd') in 0.014975 seconds
Number of updated asset objects reloaded before import = 0
Number of asset objects unloaded after import = 3
========================================================================
Received Import Request.
  Time since last request: 0.000034 seconds.
  path: Assets/Tiles/main_lev_build_1731.asset
  artifactKey: Guid(ce892e55f84b71f40863a96517748401) Importer(815301076,1909f56bfc062723c751e8b465ee728b)
Start importing Assets/Tiles/main_lev_build_1731.asset using Guid(ce892e55f84b71f40863a96517748401) Importer(815301076,1909f56bfc062723c751e8b465ee728b) [PhysX] Initialized MultithreadedTaskDispatcher with 12 workers.
 -> (artifact id: 'a9016e08ded7dbf9cd335ca1e0df56eb') in 0.030330 seconds
Number of updated asset objects reloaded before import = 0
Number of asset objects unloaded after import = 3
========================================================================
Received Import Request.
  Time since last request: 0.000028 seconds.
  path: Assets/Tiles/main_lev_build_286.asset
  artifactKey: Guid(b6f66cd996b90e749b99ef39467aea45) Importer(815301076,1909f56bfc062723c751e8b465ee728b)
Start importing Assets/Tiles/main_lev_build_286.asset using Guid(b6f66cd996b90e749b99ef39467aea45) Importer(815301076,1909f56bfc062723c751e8b465ee728b) [PhysX] Initialized MultithreadedTaskDispatcher with 12 workers.
 -> (artifact id: 'b60d2685492160832c7f5e11734aabc4') in 0.027249 seconds
Number of updated asset objects reloaded before import = 0
Number of asset objects unloaded after import = 3
========================================================================
Received Import Request.
  Time since last request: 0.000033 seconds.
  path: Assets/Tiles/main_lev_build_1287.asset
  artifactKey: Guid(a7696e3359011224fb7452cef6fa3dd7) Importer(815301076,1909f56bfc062723c751e8b465ee728b)
Start importing Assets/Tiles/main_lev_build_1287.asset using Guid(a7696e3359011224fb7452cef6fa3dd7) Importer(815301076,1909f56bfc062723c751e8b465ee728b) [PhysX] Initialized MultithreadedTaskDispatcher with 12 workers.
 -> (artifact id: '089a45806ca21324c90912de29e988c4') in 0.027160 seconds
Number of updated asset objects reloaded before import = 0
Number of asset objects unloaded after import = 3
========================================================================
Received Import Request.
  Time since last request: 0.000030 seconds.
  path: Assets/Tiles/main_lev_build_478.asset
  artifactKey: Guid(16fb78d2cb85d7844acce932a28e99c8) Importer(815301076,1909f56bfc062723c751e8b465ee728b)
Start importing Assets/Tiles/main_lev_build_478.asset using Guid(16fb78d2cb85d7844acce932a28e99c8) Importer(815301076,1909f56bfc062723c751e8b465ee728b) [PhysX] Initialized MultithreadedTaskDispatcher with 12 workers.
 -> (artifact id: '50e9559574eab9980d2dbc0251b6d64d') in 0.031116 seconds
Number of updated asset objects reloaded before import = 0
Number of asset objects unloaded after import = 3
========================================================================
Received Import Request.
  Time since last request: 0.000026 seconds.
  path: Assets/Tiles/main_lev_build_374.asset
  artifactKey: Guid(3c58fd4cbb362854f95311fb4a9e9752) Importer(815301076,1909f56bfc062723c751e8b465ee728b)
Start importing Assets/Tiles/main_lev_build_374.asset using Guid(3c58fd4cbb362854f95311fb4a9e9752) Importer(815301076,1909f56bfc062723c751e8b465ee728b) [PhysX] Initialized MultithreadedTaskDispatcher with 12 workers.
 -> (artifact id: 'a7186dc2bd2a475bc867937090db73fd') in 0.032507 seconds
Number of updated asset objects reloaded before import = 0
Number of asset objects unloaded after import = 3
========================================================================
Received Import Request.
  Time since last request: 0.000033 seconds.
  path: Assets/Tiles/main_lev_build_1782.asset
  artifactKey: Guid(ed3111bda23c8214296500bbe7b59295) Importer(815301076,1909f56bfc062723c751e8b465ee728b)
Start importing Assets/Tiles/main_lev_build_1782.asset using Guid(ed3111bda23c8214296500bbe7b59295) Importer(815301076,1909f56bfc062723c751e8b465ee728b) [PhysX] Initialized MultithreadedTaskDispatcher with 12 workers.
 -> (artifact id: '0cb36b580eeb5515ebc2edb57ccf45d1') in 0.031649 seconds
Number of updated asset objects reloaded before import = 0
Number of asset objects unloaded after import = 3
========================================================================
Received Import Request.
  Time since last request: 0.000094 seconds.
  path: Assets/Tiles/main_lev_build_647.asset
  artifactKey: Guid(8c3d2dac55d087b4e97b5b988718d51a) Importer(815301076,1909f56bfc062723c751e8b465ee728b)
Start importing Assets/Tiles/main_lev_build_647.asset using Guid(8c3d2dac55d087b4e97b5b988718d51a) Importer(815301076,1909f56bfc062723c751e8b465ee728b) [PhysX] Initialized MultithreadedTaskDispatcher with 12 workers.
 -> (artifact id: 'f30c37ebab6e83209e176aba2d6052db') in 0.033687 seconds
Number of updated asset objects reloaded before import = 0
Number of asset objects unloaded after import = 3
========================================================================
Received Import Request.
  Time since last request: 0.000034 seconds.
  path: Assets/Tiles/main_lev_build_870.asset
  artifactKey: Guid(38073eef2cf17714a89280f5d46aaf87) Importer(815301076,1909f56bfc062723c751e8b465ee728b)
Start importing Assets/Tiles/main_lev_build_870.asset using Guid(38073eef2cf17714a89280f5d46aaf87) Importer(815301076,1909f56bfc062723c751e8b465ee728b) [PhysX] Initialized MultithreadedTaskDispatcher with 12 workers.
 -> (artifact id: '63e6e5582c4c9c07d8fcc50840988e2d') in 0.034461 seconds
Number of updated asset objects reloaded before import = 0
Number of asset objects unloaded after import = 3
========================================================================
Received Import Request.
  Time since last request: 0.000030 seconds.
  path: Assets/Tiles/main_lev_build_1583.asset
  artifactKey: Guid(73fb39412b451ef47947edb00ad5da3e) Importer(815301076,1909f56bfc062723c751e8b465ee728b)
Start importing Assets/Tiles/main_lev_build_1583.asset using Guid(73fb39412b451ef47947edb00ad5da3e) Importer(815301076,1909f56bfc062723c751e8b465ee728b) [PhysX] Initialized MultithreadedTaskDispatcher with 12 workers.
 -> (artifact id: '0be367f9fa16bb9a7be065d17c882594') in 0.036937 seconds
Number of updated asset objects reloaded before import = 0
Number of asset objects unloaded after import = 3
========================================================================
Received Import Request.
  Time since last request: 0.000026 seconds.
  path: Assets/Tiles/main_lev_build_1760.asset
  artifactKey: Guid(aaa80ec0a1372134a9969c313f41c61c) Importer(815301076,1909f56bfc062723c751e8b465ee728b)
Start importing Assets/Tiles/main_lev_build_1760.asset using Guid(aaa80ec0a1372134a9969c313f41c61c) Importer(815301076,1909f56bfc062723c751e8b465ee728b) [PhysX] Initialized MultithreadedTaskDispatcher with 12 workers.
 -> (artifact id: 'f4e9c1d85a3b669581bd23966e4ed490') in 0.039703 seconds
Number of updated asset objects reloaded before import = 0
Number of asset objects unloaded after import = 3
========================================================================
Received Import Request.
  Time since last request: 0.000055 seconds.
  path: Assets/Tiles/main_lev_build_1328.asset
  artifactKey: Guid(0fa3d271fa7af62458082df9965218a3) Importer(815301076,1909f56bfc062723c751e8b465ee728b)
Start importing Assets/Tiles/main_lev_build_1328.asset using Guid(0fa3d271fa7af62458082df9965218a3) Importer(815301076,1909f56bfc062723c751e8b465ee728b) [PhysX] Initialized MultithreadedTaskDispatcher with 12 workers.
 -> (artifact id: '5891542388509de658eebdb85b86e5a8') in 0.045171 seconds
Number of updated asset objects reloaded before import = 0
Number of asset objects unloaded after import = 3
========================================================================
Received Import Request.
  Time since last request: 0.000029 seconds.
  path: Assets/Tiles/main_lev_build_810.asset
  artifactKey: Guid(9431ed0d25fde9941972433ffbba5f25) Importer(815301076,1909f56bfc062723c751e8b465ee728b)
Start importing Assets/Tiles/main_lev_build_810.asset using Guid(9431ed0d25fde9941972433ffbba5f25) Importer(815301076,1909f56bfc062723c751e8b465ee728b) [PhysX] Initialized MultithreadedTaskDispatcher with 12 workers.
 -> (artifact id: '8e5f4a69e680ff43f34c99b4321ac44a') in 0.028641 seconds
Number of updated asset objects reloaded before import = 0
Number of asset objects unloaded after import = 3
========================================================================
Received Import Request.
  Time since last request: 0.000063 seconds.
  path: Assets/Tiles/main_lev_build_1631.asset
  artifactKey: Guid(5a2baff89093f6844b52905318630979) Importer(815301076,1909f56bfc062723c751e8b465ee728b)
Start importing Assets/Tiles/main_lev_build_1631.asset using Guid(5a2baff89093f6844b52905318630979) Importer(815301076,1909f56bfc062723c751e8b465ee728b) [PhysX] Initialized MultithreadedTaskDispatcher with 12 workers.
 -> (artifact id: '0507e330142b9e31b932315af149a5f9') in 0.028727 seconds
Number of updated asset objects reloaded before import = 0
Number of asset objects unloaded after import = 3
========================================================================
Received Import Request.
  Time since last request: 0.000053 seconds.
  path: Assets/Tiles/main_lev_build_1642.asset
  artifactKey: Guid(46f63cce1e8aae04c8175dc9c69694c7) Importer(815301076,1909f56bfc062723c751e8b465ee728b)
Start importing Assets/Tiles/main_lev_build_1642.asset using Guid(46f63cce1e8aae04c8175dc9c69694c7) Importer(815301076,1909f56bfc062723c751e8b465ee728b) [PhysX] Initialized MultithreadedTaskDispatcher with 12 workers.
 -> (artifact id: '580a1792766fe046dd533d48624e75f5') in 0.026710 seconds
Number of updated asset objects reloaded before import = 0
Number of asset objects unloaded after import = 3
========================================================================
Received Import Request.
  Time since last request: 0.000026 seconds.
  path: Assets/Tiles/main_lev_build_1072.asset
  artifactKey: Guid(0bb316144d43f5d498c8c8548f66b5bb) Importer(815301076,1909f56bfc062723c751e8b465ee728b)
Start importing Assets/Tiles/main_lev_build_1072.asset using Guid(0bb316144d43f5d498c8c8548f66b5bb) Importer(815301076,1909f56bfc062723c751e8b465ee728b) [PhysX] Initialized MultithreadedTaskDispatcher with 12 workers.
 -> (artifact id: '75e448d0dc6d5a1e73f606d084c3dbda') in 0.032373 seconds
Number of updated asset objects reloaded before import = 0
Number of asset objects unloaded after import = 3
========================================================================
Received Import Request.
  Time since last request: 0.000036 seconds.
  path: Assets/Tiles/main_lev_build_613.asset
  artifactKey: Guid(0e1edb07eb1504141b9bb2b5579d5d12) Importer(815301076,1909f56bfc062723c751e8b465ee728b)
Start importing Assets/Tiles/main_lev_build_613.asset using Guid(0e1edb07eb1504141b9bb2b5579d5d12) Importer(815301076,1909f56bfc062723c751e8b465ee728b) [PhysX] Initialized MultithreadedTaskDispatcher with 12 workers.
 -> (artifact id: '79bea49919d1ecc3c7fe1a458e919888') in 0.029935 seconds
Number of updated asset objects reloaded before import = 0
Number of asset objects unloaded after import = 3
========================================================================
Received Import Request.
  Time since last request: 0.000032 seconds.
  path: Assets/Tiles/main_lev_build_1785.asset
  artifactKey: Guid(832eed2fd25dc3947878112201b3ca47) Importer(815301076,1909f56bfc062723c751e8b465ee728b)
Start importing Assets/Tiles/main_lev_build_1785.asset using Guid(832eed2fd25dc3947878112201b3ca47) Importer(815301076,1909f56bfc062723c751e8b465ee728b) [PhysX] Initialized MultithreadedTaskDispatcher with 12 workers.
 -> (artifact id: '790425288e649543359c5a44a76c0882') in 0.031997 seconds
Number of updated asset objects reloaded before import = 0
Number of asset objects unloaded after import = 3
========================================================================
Received Import Request.
  Time since last request: 0.000028 seconds.
  path: Assets/Tiles/main_lev_build_1148.asset
  artifactKey: Guid(b8b78c13d039de64d9577e9dac5bc4af) Importer(815301076,1909f56bfc062723c751e8b465ee728b)
Start importing Assets/Tiles/main_lev_build_1148.asset using Guid(b8b78c13d039de64d9577e9dac5bc4af) Importer(815301076,1909f56bfc062723c751e8b465ee728b) [PhysX] Initialized MultithreadedTaskDispatcher with 12 workers.
 -> (artifact id: 'e0a1b1f94665521d7f7cfa9de7641c6b') in 0.033301 seconds
Number of updated asset objects reloaded before import = 0
Number of asset objects unloaded after import = 3
========================================================================
Received Import Request.
  Time since last request: 0.000045 seconds.
  path: Assets/Tiles/main_lev_build_1012.asset
  artifactKey: Guid(ec9c852639bbf6d4c8dffc996f1bc18e) Importer(815301076,1909f56bfc062723c751e8b465ee728b)
Start importing Assets/Tiles/main_lev_build_1012.asset using Guid(ec9c852639bbf6d4c8dffc996f1bc18e) Importer(815301076,1909f56bfc062723c751e8b465ee728b) [PhysX] Initialized MultithreadedTaskDispatcher with 12 workers.
 -> (artifact id: '9fc02f19b29ce7649fc5dec5617847fb') in 0.030246 seconds
Number of updated asset objects reloaded before import = 0
Number of asset objects unloaded after import = 3
========================================================================
Received Import Request.
  Time since last request: 0.000038 seconds.
  path: Assets/Tiles/main_lev_build_1084.asset
  artifactKey: Guid(9652255630ffac444ac6de909ff54a09) Importer(815301076,1909f56bfc062723c751e8b465ee728b)
Start importing Assets/Tiles/main_lev_build_1084.asset using Guid(9652255630ffac444ac6de909ff54a09) Importer(815301076,1909f56bfc062723c751e8b465ee728b) [PhysX] Initialized MultithreadedTaskDispatcher with 12 workers.
 -> (artifact id: 'bdddf2ce30c0ba93f1537142b9378d2e') in 0.035861 seconds
Number of updated asset objects reloaded before import = 0
Number of asset objects unloaded after import = 3
========================================================================
Received Import Request.
  Time since last request: 0.000037 seconds.
  path: Assets/Tiles/main_lev_build_1647.asset
  artifactKey: Guid(70a44b2254f6169439e50787403e0e37) Importer(815301076,1909f56bfc062723c751e8b465ee728b)
Start importing Assets/Tiles/main_lev_build_1647.asset using Guid(70a44b2254f6169439e50787403e0e37) Importer(815301076,1909f56bfc062723c751e8b465ee728b) [PhysX] Initialized MultithreadedTaskDispatcher with 12 workers.
 -> (artifact id: '2fc9298d8e25462de088dfc0265eac3f') in 0.037049 seconds
Number of updated asset objects reloaded before import = 0
Number of asset objects unloaded after import = 3
========================================================================
Received Import Request.
  Time since last request: 0.000071 seconds.
  path: Assets/Tiles/main_lev_build_550.asset
  artifactKey: Guid(8dd1fedaefed37e4f931718855e6aa4e) Importer(815301076,1909f56bfc062723c751e8b465ee728b)
Start importing Assets/Tiles/main_lev_build_550.asset using Guid(8dd1fedaefed37e4f931718855e6aa4e) Importer(815301076,1909f56bfc062723c751e8b465ee728b) [PhysX] Initialized MultithreadedTaskDispatcher with 12 workers.
 -> (artifact id: 'f3344bed3c2182f7892e832c331075c3') in 0.044369 seconds
Number of updated asset objects reloaded before import = 0
Number of asset objects unloaded after import = 3
========================================================================
Received Import Request.
  Time since last request: 0.000032 seconds.
  path: Assets/Tiles/main_lev_build_967.asset
  artifactKey: Guid(dafd10e5ba179c141811ffab1ae294b4) Importer(815301076,1909f56bfc062723c751e8b465ee728b)
Start importing Assets/Tiles/main_lev_build_967.asset using Guid(dafd10e5ba179c141811ffab1ae294b4) Importer(815301076,1909f56bfc062723c751e8b465ee728b) [PhysX] Initialized MultithreadedTaskDispatcher with 12 workers.
 -> (artifact id: '9eebbdafaf8c78786189e4913e39a72d') in 0.032434 seconds
Number of updated asset objects reloaded before import = 0
Number of asset objects unloaded after import = 3
========================================================================
Received Import Request.
  Time since last request: 0.000027 seconds.
  path: Assets/Tiles/main_lev_build_1755.asset
  artifactKey: Guid(369d3bac6ab51ee4382d0613f467edba) Importer(815301076,1909f56bfc062723c751e8b465ee728b)
Start importing Assets/Tiles/main_lev_build_1755.asset using Guid(369d3bac6ab51ee4382d0613f467edba) Importer(815301076,1909f56bfc062723c751e8b465ee728b) [PhysX] Initialized MultithreadedTaskDispatcher with 12 workers.
 -> (artifact id: '8ff8e7ceec07a82797f3b357f82feab2') in 0.036491 seconds
Number of updated asset objects reloaded before import = 0
Number of asset objects unloaded after import = 3
========================================================================
Received Import Request.
  Time since last request: 0.000032 seconds.
  path: Assets/Tiles/main_lev_build_1337.asset
  artifactKey: Guid(4a5cacaa3d090ea489146314bba96ee1) Importer(815301076,1909f56bfc062723c751e8b465ee728b)
Start importing Assets/Tiles/main_lev_build_1337.asset using Guid(4a5cacaa3d090ea489146314bba96ee1) Importer(815301076,1909f56bfc062723c751e8b465ee728b) [PhysX] Initialized MultithreadedTaskDispatcher with 12 workers.
 -> (artifact id: '12ca2a38e9669d9747548f01cadb1717') in 0.032940 seconds
Number of updated asset objects reloaded before import = 0
Number of asset objects unloaded after import = 3
========================================================================
Received Import Request.
  Time since last request: 0.000035 seconds.
  path: Assets/Tiles/main_lev_build_1106.asset
  artifactKey: Guid(ab1a341fe60e25c4fb6982a4feeeb61b) Importer(815301076,1909f56bfc062723c751e8b465ee728b)
Start importing Assets/Tiles/main_lev_build_1106.asset using Guid(ab1a341fe60e25c4fb6982a4feeeb61b) Importer(815301076,1909f56bfc062723c751e8b465ee728b) [PhysX] Initialized MultithreadedTaskDispatcher with 12 workers.
 -> (artifact id: 'bb6f5164e0781db2c84c28ae33b4e543') in 0.026138 seconds
Number of updated asset objects reloaded before import = 0
Number of asset objects unloaded after import = 3
========================================================================
Received Import Request.
  Time since last request: 0.000027 seconds.
  path: Assets/Tiles/main_lev_build_1781.asset
  artifactKey: Guid(49407043fa5a7d34589c48440d3389fb) Importer(815301076,1909f56bfc062723c751e8b465ee728b)
Start importing Assets/Tiles/main_lev_build_1781.asset using Guid(49407043fa5a7d34589c48440d3389fb) Importer(815301076,1909f56bfc062723c751e8b465ee728b) [PhysX] Initialized MultithreadedTaskDispatcher with 12 workers.
 -> (artifact id: '0cfba7716509e6121683a5b9e76c22cd') in 0.026662 seconds
Number of updated asset objects reloaded before import = 0
Number of asset objects unloaded after import = 3
========================================================================
Received Import Request.
  Time since last request: 0.000033 seconds.
  path: Assets/Tiles/main_lev_build_923.asset
  artifactKey: Guid(c778c3011518d5d488bd5c4717247c4b) Importer(815301076,1909f56bfc062723c751e8b465ee728b)
Start importing Assets/Tiles/main_lev_build_923.asset using Guid(c778c3011518d5d488bd5c4717247c4b) Importer(815301076,1909f56bfc062723c751e8b465ee728b) [PhysX] Initialized MultithreadedTaskDispatcher with 12 workers.
 -> (artifact id: '7166317777a99b91821519a5a4f6b3ae') in 0.027927 seconds
Number of updated asset objects reloaded before import = 0
Number of asset objects unloaded after import = 3
========================================================================
Received Import Request.
  Time since last request: 0.000033 seconds.
  path: Assets/Tiles/main_lev_build_125.asset
  artifactKey: Guid(817c4700e4cf65145afbc9dcad63ca33) Importer(815301076,1909f56bfc062723c751e8b465ee728b)
Start importing Assets/Tiles/main_lev_build_125.asset using Guid(817c4700e4cf65145afbc9dcad63ca33) Importer(815301076,1909f56bfc062723c751e8b465ee728b) [PhysX] Initialized MultithreadedTaskDispatcher with 12 workers.
 -> (artifact id: 'ef0fd4b5cc931af28d3f4b5511d8ec34') in 0.026964 seconds
Number of updated asset objects reloaded before import = 0
Number of asset objects unloaded after import = 3
========================================================================
Received Import Request.
  Time since last request: 0.000048 seconds.
  path: Assets/Tiles/main_lev_build_539.asset
  artifactKey: Guid(54184f1eb8837da4e8347393b8582aa1) Importer(815301076,1909f56bfc062723c751e8b465ee728b)
Start importing Assets/Tiles/main_lev_build_539.asset using Guid(54184f1eb8837da4e8347393b8582aa1) Importer(815301076,1909f56bfc062723c751e8b465ee728b) [PhysX] Initialized MultithreadedTaskDispatcher with 12 workers.
 -> (artifact id: '04dcdfaabc82ad20f6229ec91e9759ad') in 0.030597 seconds
Number of updated asset objects reloaded before import = 0
Number of asset objects unloaded after import = 3
========================================================================
Received Import Request.
  Time since last request: 0.000051 seconds.
  path: Assets/Tiles/main_lev_build_191.asset
  artifactKey: Guid(7cd5025dc555d874fabfdf8ec922f537) Importer(815301076,1909f56bfc062723c751e8b465ee728b)
Start importing Assets/Tiles/main_lev_build_191.asset using Guid(7cd5025dc555d874fabfdf8ec922f537) Importer(815301076,1909f56bfc062723c751e8b465ee728b) [PhysX] Initialized MultithreadedTaskDispatcher with 12 workers.
 -> (artifact id: 'a94a1c3c4ccc8fb911225243bb0f3d1d') in 0.030158 seconds
Number of updated asset objects reloaded before import = 0
Number of asset objects unloaded after import = 3
========================================================================
Received Import Request.
  Time since last request: 0.000036 seconds.
  path: Assets/Tiles/main_lev_build_1313.asset
  artifactKey: Guid(25a51bbcb2259ff439d9f7bfd9021d01) Importer(815301076,1909f56bfc062723c751e8b465ee728b)
Start importing Assets/Tiles/main_lev_build_1313.asset using Guid(25a51bbcb2259ff439d9f7bfd9021d01) Importer(815301076,1909f56bfc062723c751e8b465ee728b) [PhysX] Initialized MultithreadedTaskDispatcher with 12 workers.
 -> (artifact id: '4345c258428f970958e5a05c052e394d') in 0.030543 seconds
Number of updated asset objects reloaded before import = 0
Number of asset objects unloaded after import = 3
========================================================================
Received Import Request.
  Time since last request: 0.000027 seconds.
  path: Assets/Tiles/main_lev_build_1032.asset
  artifactKey: Guid(bd9e52a3c99fa754b9daab60321a7728) Importer(815301076,1909f56bfc062723c751e8b465ee728b)
Start importing Assets/Tiles/main_lev_build_1032.asset using Guid(bd9e52a3c99fa754b9daab60321a7728) Importer(815301076,1909f56bfc062723c751e8b465ee728b) [PhysX] Initialized MultithreadedTaskDispatcher with 12 workers.
 -> (artifact id: '732c1e20929076d49fc3f6f19cfd1755') in 0.031679 seconds
Number of updated asset objects reloaded before import = 0
Number of asset objects unloaded after import = 3
========================================================================
Received Import Request.
  Time since last request: 0.000034 seconds.
  path: Assets/Tiles/main_lev_build_564.asset
  artifactKey: Guid(42e5eae57ea40e74b8039d03ea6c32f6) Importer(815301076,1909f56bfc062723c751e8b465ee728b)
Start importing Assets/Tiles/main_lev_build_564.asset using Guid(42e5eae57ea40e74b8039d03ea6c32f6) Importer(815301076,1909f56bfc062723c751e8b465ee728b) [PhysX] Initialized MultithreadedTaskDispatcher with 12 workers.
 -> (artifact id: '1773601aad181bc5e0872f8d074debf3') in 0.029346 seconds
Number of updated asset objects reloaded before import = 0
Number of asset objects unloaded after import = 3
========================================================================
Received Import Request.
  Time since last request: 0.000028 seconds.
  path: Assets/Tiles/main_lev_build_1134.asset
  artifactKey: Guid(19f674eaae8c33b4e80be7e7c0bf5a2a) Importer(815301076,1909f56bfc062723c751e8b465ee728b)
Start importing Assets/Tiles/main_lev_build_1134.asset using Guid(19f674eaae8c33b4e80be7e7c0bf5a2a) Importer(815301076,1909f56bfc062723c751e8b465ee728b) [PhysX] Initialized MultithreadedTaskDispatcher with 12 workers.
 -> (artifact id: '6544af8945500f3070385a549bad044c') in 0.027245 seconds
Number of updated asset objects reloaded before import = 0
Number of asset objects unloaded after import = 3
========================================================================
Received Import Request.
  Time since last request: 0.000027 seconds.
  path: Assets/Tiles/main_lev_build_1683.asset
  artifactKey: Guid(064a2332d3ecfdd4d81194d36ce95254) Importer(815301076,1909f56bfc062723c751e8b465ee728b)
Start importing Assets/Tiles/main_lev_build_1683.asset using Guid(064a2332d3ecfdd4d81194d36ce95254) Importer(815301076,1909f56bfc062723c751e8b465ee728b) [PhysX] Initialized MultithreadedTaskDispatcher with 12 workers.
 -> (artifact id: 'c0ba32fcc5df539be4927ee0341c7bb4') in 0.029900 seconds
Number of updated asset objects reloaded before import = 0
Number of asset objects unloaded after import = 3
========================================================================
Received Import Request.
  Time since last request: 0.000053 seconds.
  path: Assets/Tiles/main_lev_build_680.asset
  artifactKey: Guid(bb6d6a6339b5cfc44a293e3d69bd1ff0) Importer(815301076,1909f56bfc062723c751e8b465ee728b)
Start importing Assets/Tiles/main_lev_build_680.asset using Guid(bb6d6a6339b5cfc44a293e3d69bd1ff0) Importer(815301076,1909f56bfc062723c751e8b465ee728b) [PhysX] Initialized MultithreadedTaskDispatcher with 12 workers.
 -> (artifact id: 'fc9a025d80393d73cd526b49224dbcb7') in 0.032682 seconds
Number of updated asset objects reloaded before import = 0
Number of asset objects unloaded after import = 3
========================================================================
Received Import Request.
  Time since last request: 0.000041 seconds.
  path: Assets/Tiles/main_lev_build_1495.asset
  artifactKey: Guid(025b82ee67b4e314499184be04b95100) Importer(815301076,1909f56bfc062723c751e8b465ee728b)
Start importing Assets/Tiles/main_lev_build_1495.asset using Guid(025b82ee67b4e314499184be04b95100) Importer(815301076,1909f56bfc062723c751e8b465ee728b) [PhysX] Initialized MultithreadedTaskDispatcher with 12 workers.
 -> (artifact id: '19a338f3dfaeb1501f438d2462c4880e') in 0.026169 seconds
Number of updated asset objects reloaded before import = 0
Number of asset objects unloaded after import = 3
========================================================================
Received Import Request.
  Time since last request: 0.000029 seconds.
  path: Assets/Tiles/main_lev_build_1626.asset
  artifactKey: Guid(a4193768fddf34d4da2543f6f069e388) Importer(815301076,1909f56bfc062723c751e8b465ee728b)
Start importing Assets/Tiles/main_lev_build_1626.asset using Guid(a4193768fddf34d4da2543f6f069e388) Importer(815301076,1909f56bfc062723c751e8b465ee728b) [PhysX] Initialized MultithreadedTaskDispatcher with 12 workers.
 -> (artifact id: '337db833b81e943d28608a17e45a9021') in 0.037761 seconds
Number of updated asset objects reloaded before import = 0
Number of asset objects unloaded after import = 3
========================================================================
Received Import Request.
  Time since last request: 0.000058 seconds.
  path: Assets/Tiles/main_lev_build_1107.asset
  artifactKey: Guid(5b1403da95c40fc498334fdd2fcc8598) Importer(815301076,1909f56bfc062723c751e8b465ee728b)
Start importing Assets/Tiles/main_lev_build_1107.asset using Guid(5b1403da95c40fc498334fdd2fcc8598) Importer(815301076,1909f56bfc062723c751e8b465ee728b) [PhysX] Initialized MultithreadedTaskDispatcher with 12 workers.
 -> (artifact id: '447f6acbcfc584a8483f5e6fb2d4ade8') in 0.034234 seconds
Number of updated asset objects reloaded before import = 0
Number of asset objects unloaded after import = 3
========================================================================
Received Import Request.
  Time since last request: 0.000049 seconds.
  path: Assets/Tiles/main_lev_build_1724.asset
  artifactKey: Guid(8ca3448e06cc7354c927f4e9d6f9ca77) Importer(815301076,1909f56bfc062723c751e8b465ee728b)
Start importing Assets/Tiles/main_lev_build_1724.asset using Guid(8ca3448e06cc7354c927f4e9d6f9ca77) Importer(815301076,1909f56bfc062723c751e8b465ee728b) [PhysX] Initialized MultithreadedTaskDispatcher with 12 workers.
 -> (artifact id: '8bdccd3f93fc4977736b18157bba10b3') in 0.032519 seconds
Number of updated asset objects reloaded before import = 0
Number of asset objects unloaded after import = 3
========================================================================
Received Import Request.
  Time since last request: 0.000025 seconds.
  path: Assets/Tiles/main_lev_build_665.asset
  artifactKey: Guid(df264e9946fc6594ea06114e01268dbc) Importer(815301076,1909f56bfc062723c751e8b465ee728b)
Start importing Assets/Tiles/main_lev_build_665.asset using Guid(df264e9946fc6594ea06114e01268dbc) Importer(815301076,1909f56bfc062723c751e8b465ee728b) [PhysX] Initialized MultithreadedTaskDispatcher with 12 workers.
 -> (artifact id: 'ec4a26ad826f58ff7a33f133ce530c56') in 0.028356 seconds
Number of updated asset objects reloaded before import = 0
Number of asset objects unloaded after import = 3
========================================================================
Received Import Request.
  Time since last request: 0.000026 seconds.
  path: Assets/Tiles/main_lev_build_585.asset
  artifactKey: Guid(de771d857c207e542963b1dcdac244c4) Importer(815301076,1909f56bfc062723c751e8b465ee728b)
Start importing Assets/Tiles/main_lev_build_585.asset using Guid(de771d857c207e542963b1dcdac244c4) Importer(815301076,1909f56bfc062723c751e8b465ee728b) [PhysX] Initialized MultithreadedTaskDispatcher with 12 workers.
 -> (artifact id: '96b4d0b56c6ee6746c5f2cdc4f3560de') in 0.034081 seconds
Number of updated asset objects reloaded before import = 0
Number of asset objects unloaded after import = 3
========================================================================
Received Import Request.
  Time since last request: 0.000044 seconds.
  path: Assets/Tiles/main_lev_build_222.asset
  artifactKey: Guid(29d96413a65a60b4da73ff11498576a5) Importer(815301076,1909f56bfc062723c751e8b465ee728b)
Start importing Assets/Tiles/main_lev_build_222.asset using Guid(29d96413a65a60b4da73ff11498576a5) Importer(815301076,1909f56bfc062723c751e8b465ee728b) [PhysX] Initialized MultithreadedTaskDispatcher with 12 workers.
 -> (artifact id: '7758c69425bcb8d7146c00dc8efada40') in 0.033324 seconds
Number of updated asset objects reloaded before import = 0
Number of asset objects unloaded after import = 3
========================================================================
Received Import Request.
  Time since last request: 0.000050 seconds.
  path: Assets/Tiles/main_lev_build_1010.asset
  artifactKey: Guid(ccd47ffe384f29c40ac7ee84196cbaa6) Importer(815301076,1909f56bfc062723c751e8b465ee728b)
Start importing Assets/Tiles/main_lev_build_1010.asset using Guid(ccd47ffe384f29c40ac7ee84196cbaa6) Importer(815301076,1909f56bfc062723c751e8b465ee728b) [PhysX] Initialized MultithreadedTaskDispatcher with 12 workers.
 -> (artifact id: '83df0e95993918b0e2b2dc355123cb9d') in 0.037910 seconds
Number of updated asset objects reloaded before import = 0
Number of asset objects unloaded after import = 3
========================================================================
Received Import Request.
  Time since last request: 0.000033 seconds.
  path: Assets/Tiles/main_lev_build_577.asset
  artifactKey: Guid(ba11317bfb65a874e85b45c294d4ff95) Importer(815301076,1909f56bfc062723c751e8b465ee728b)
Start importing Assets/Tiles/main_lev_build_577.asset using Guid(ba11317bfb65a874e85b45c294d4ff95) Importer(815301076,1909f56bfc062723c751e8b465ee728b) [PhysX] Initialized MultithreadedTaskDispatcher with 12 workers.
 -> (artifact id: '85af9630f9e981e9a79761edea7eb2a7') in 0.030355 seconds
Number of updated asset objects reloaded before import = 0
Number of asset objects unloaded after import = 3
========================================================================
Received Import Request.
  Time since last request: 0.000030 seconds.
  path: Assets/Tiles/main_lev_build_1293.asset
  artifactKey: Guid(ab68bca02b1b29a408fb5dd05432dd1a) Importer(815301076,1909f56bfc062723c751e8b465ee728b)
Start importing Assets/Tiles/main_lev_build_1293.asset using Guid(ab68bca02b1b29a408fb5dd05432dd1a) Importer(815301076,1909f56bfc062723c751e8b465ee728b) [PhysX] Initialized MultithreadedTaskDispatcher with 12 workers.
 -> (artifact id: '9e89ba83b40918e3f13282f74bf05d6a') in 0.033183 seconds
Number of updated asset objects reloaded before import = 0
Number of asset objects unloaded after import = 3
========================================================================
Received Import Request.
  Time since last request: 0.000038 seconds.
  path: Assets/Tiles/main_lev_build_610.asset
  artifactKey: Guid(e559eb6d29662d04c9cc2fc116124513) Importer(815301076,1909f56bfc062723c751e8b465ee728b)
Start importing Assets/Tiles/main_lev_build_610.asset using Guid(e559eb6d29662d04c9cc2fc116124513) Importer(815301076,1909f56bfc062723c751e8b465ee728b) [PhysX] Initialized MultithreadedTaskDispatcher with 12 workers.
 -> (artifact id: '04b2dec6c2b66e0027715d82c26f9e99') in 0.039305 seconds
Number of updated asset objects reloaded before import = 0
Number of asset objects unloaded after import = 3
========================================================================
Received Import Request.
  Time since last request: 0.000035 seconds.
  path: Assets/Tiles/main_lev_build_449.asset
  artifactKey: Guid(2404e75ee2dc99d44b063947b3d3f4db) Importer(815301076,1909f56bfc062723c751e8b465ee728b)
Start importing Assets/Tiles/main_lev_build_449.asset using Guid(2404e75ee2dc99d44b063947b3d3f4db) Importer(815301076,1909f56bfc062723c751e8b465ee728b) [PhysX] Initialized MultithreadedTaskDispatcher with 12 workers.
 -> (artifact id: '812406e37ee8a33a332f35b336c3b781') in 0.034166 seconds
Number of updated asset objects reloaded before import = 0
Number of asset objects unloaded after import = 3
========================================================================
Received Import Request.
  Time since last request: 0.000029 seconds.
  path: Assets/Tiles/main_lev_build_979.asset
  artifactKey: Guid(27a2400cd93c97547a7bc53046c9c6d1) Importer(815301076,1909f56bfc062723c751e8b465ee728b)
Start importing Assets/Tiles/main_lev_build_979.asset using Guid(27a2400cd93c97547a7bc53046c9c6d1) Importer(815301076,1909f56bfc062723c751e8b465ee728b) [PhysX] Initialized MultithreadedTaskDispatcher with 12 workers.
 -> (artifact id: '15b6971f461b19dece5c95ed99643390') in 0.028832 seconds
Number of updated asset objects reloaded before import = 0
Number of asset objects unloaded after import = 3
========================================================================
Received Import Request.
  Time since last request: 0.000042 seconds.
  path: Assets/Tiles/main_lev_build_1007.asset
  artifactKey: Guid(4d37b9c1953c0b14cbc7d486b076043a) Importer(815301076,1909f56bfc062723c751e8b465ee728b)
Start importing Assets/Tiles/main_lev_build_1007.asset using Guid(4d37b9c1953c0b14cbc7d486b076043a) Importer(815301076,1909f56bfc062723c751e8b465ee728b) [PhysX] Initialized MultithreadedTaskDispatcher with 12 workers.
 -> (artifact id: 'ec9bc81850eb4a5b26c9f1fd820e8314') in 0.032415 seconds
Number of updated asset objects reloaded before import = 0
Number of asset objects unloaded after import = 3
========================================================================
Received Import Request.
  Time since last request: 0.000039 seconds.
  path: Assets/Tiles/main_lev_build_662.asset
  artifactKey: Guid(6d41320576f520843903e78218db7e09) Importer(815301076,1909f56bfc062723c751e8b465ee728b)
Start importing Assets/Tiles/main_lev_build_662.asset using Guid(6d41320576f520843903e78218db7e09) Importer(815301076,1909f56bfc062723c751e8b465ee728b) [PhysX] Initialized MultithreadedTaskDispatcher with 12 workers.
 -> (artifact id: 'a350614a98c08289ae5e4f7e5ada78e4') in 0.027251 seconds
Number of updated asset objects reloaded before import = 0
Number of asset objects unloaded after import = 3
========================================================================
Received Import Request.
  Time since last request: 0.000031 seconds.
  path: Assets/Tiles/main_lev_build_1143.asset
  artifactKey: Guid(3e891389045a0ed43bd8d128421dfa99) Importer(815301076,1909f56bfc062723c751e8b465ee728b)
Start importing Assets/Tiles/main_lev_build_1143.asset using Guid(3e891389045a0ed43bd8d128421dfa99) Importer(815301076,1909f56bfc062723c751e8b465ee728b) [PhysX] Initialized MultithreadedTaskDispatcher with 12 workers.
 -> (artifact id: 'fa2c8afe8570bf269e9ca1084d7a44de') in 0.028448 seconds
Number of updated asset objects reloaded before import = 0
Number of asset objects unloaded after import = 3
========================================================================
Received Import Request.
  Time since last request: 0.000027 seconds.
  path: Assets/Tiles/main_lev_build_1496.asset
  artifactKey: Guid(46a2561a25018d849b532f88f153f1c2) Importer(815301076,1909f56bfc062723c751e8b465ee728b)
Start importing Assets/Tiles/main_lev_build_1496.asset using Guid(46a2561a25018d849b532f88f153f1c2) Importer(815301076,1909f56bfc062723c751e8b465ee728b) [PhysX] Initialized MultithreadedTaskDispatcher with 12 workers.
 -> (artifact id: '9a44a2a02b55c6b3f1e561d6ebe211ce') in 0.041038 seconds
Number of updated asset objects reloaded before import = 0
Number of asset objects unloaded after import = 3
========================================================================
Received Import Request.
  Time since last request: 0.000045 seconds.
  path: Assets/Tiles/main_lev_build_273.asset
  artifactKey: Guid(97f1a0262b52ae24f89d81e9ebb1a392) Importer(815301076,1909f56bfc062723c751e8b465ee728b)
Start importing Assets/Tiles/main_lev_build_273.asset using Guid(97f1a0262b52ae24f89d81e9ebb1a392) Importer(815301076,1909f56bfc062723c751e8b465ee728b) [PhysX] Initialized MultithreadedTaskDispatcher with 12 workers.
 -> (artifact id: '0bc7c8371413ddee3912fae76687d546') in 0.026426 seconds
Number of updated asset objects reloaded before import = 0
Number of asset objects unloaded after import = 3
========================================================================
Received Import Request.
  Time since last request: 0.000033 seconds.
  path: Assets/Tiles/main_lev_build_854.asset
  artifactKey: Guid(cf267e0d2dc04da439790ca90fe7a69f) Importer(815301076,1909f56bfc062723c751e8b465ee728b)
Start importing Assets/Tiles/main_lev_build_854.asset using Guid(cf267e0d2dc04da439790ca90fe7a69f) Importer(815301076,1909f56bfc062723c751e8b465ee728b) [PhysX] Initialized MultithreadedTaskDispatcher with 12 workers.
 -> (artifact id: '0335788f14cbffeab3da7f4df1360ba1') in 0.034258 seconds
Number of updated asset objects reloaded before import = 0
Number of asset objects unloaded after import = 3
========================================================================
Received Import Request.
  Time since last request: 0.000112 seconds.
  path: Assets/Tiles/main_lev_build_1316.asset
  artifactKey: Guid(62159d41cb9126b4882cd0fadc77d2da) Importer(815301076,1909f56bfc062723c751e8b465ee728b)
Start importing Assets/Tiles/main_lev_build_1316.asset using Guid(62159d41cb9126b4882cd0fadc77d2da) Importer(815301076,1909f56bfc062723c751e8b465ee728b) [PhysX] Initialized MultithreadedTaskDispatcher with 12 workers.
 -> (artifact id: '95ef620b862114d0550c582203eb0072') in 0.030427 seconds
Number of updated asset objects reloaded before import = 0
Number of asset objects unloaded after import = 3
========================================================================
Received Import Request.
  Time since last request: 0.000038 seconds.
  path: Assets/Tiles/main_lev_build_628.asset
  artifactKey: Guid(fe4b857db5d819643907251de1801270) Importer(815301076,1909f56bfc062723c751e8b465ee728b)
Start importing Assets/Tiles/main_lev_build_628.asset using Guid(fe4b857db5d819643907251de1801270) Importer(815301076,1909f56bfc062723c751e8b465ee728b) [PhysX] Initialized MultithreadedTaskDispatcher with 12 workers.
 -> (artifact id: 'c66841b53248695e0ce60ed0556b17ee') in 0.028699 seconds
Number of updated asset objects reloaded before import = 0
Number of asset objects unloaded after import = 3
========================================================================
Received Import Request.
  Time since last request: 0.000039 seconds.
  path: Assets/Tiles/main_lev_build_1078.asset
  artifactKey: Guid(9ea883edad494fe489dd25b6d999f98b) Importer(815301076,1909f56bfc062723c751e8b465ee728b)
Start importing Assets/Tiles/main_lev_build_1078.asset using Guid(9ea883edad494fe489dd25b6d999f98b) Importer(815301076,1909f56bfc062723c751e8b465ee728b) [PhysX] Initialized MultithreadedTaskDispatcher with 12 workers.
 -> (artifact id: 'b78e393c260def9de5bdc0d89608faed') in 0.033140 seconds
Number of updated asset objects reloaded before import = 0
Number of asset objects unloaded after import = 3
========================================================================
Received Import Request.
  Time since last request: 0.000036 seconds.
  path: Assets/Tiles/main_lev_build_707.asset
  artifactKey: Guid(e89ce89aa892fef40beddaa8a6b2644d) Importer(815301076,1909f56bfc062723c751e8b465ee728b)
Start importing Assets/Tiles/main_lev_build_707.asset using Guid(e89ce89aa892fef40beddaa8a6b2644d) Importer(815301076,1909f56bfc062723c751e8b465ee728b) [PhysX] Initialized MultithreadedTaskDispatcher with 12 workers.
 -> (artifact id: '75946cb4ea990daf2b8042ca900597b8') in 0.036628 seconds
Number of updated asset objects reloaded before import = 0
Number of asset objects unloaded after import = 3
========================================================================
Received Import Request.
  Time since last request: 0.000026 seconds.
  path: Assets/Tiles/main_lev_build_1098.asset
  artifactKey: Guid(08bbc1ba016b4594a84b4e25d94fb7ad) Importer(815301076,1909f56bfc062723c751e8b465ee728b)
Start importing Assets/Tiles/main_lev_build_1098.asset using Guid(08bbc1ba016b4594a84b4e25d94fb7ad) Importer(815301076,1909f56bfc062723c751e8b465ee728b) [PhysX] Initialized MultithreadedTaskDispatcher with 12 workers.
 -> (artifact id: 'cfce0a89c877960d825c58d42ccccdee') in 0.031146 seconds
Number of updated asset objects reloaded before import = 0
Number of asset objects unloaded after import = 3
========================================================================
Received Import Request.
  Time since last request: 0.000050 seconds.
  path: Assets/Tiles/main_lev_build_134.asset
  artifactKey: Guid(a9003adee8e464b449bbf23ecbf1b24a) Importer(815301076,1909f56bfc062723c751e8b465ee728b)
Start importing Assets/Tiles/main_lev_build_134.asset using Guid(a9003adee8e464b449bbf23ecbf1b24a) Importer(815301076,1909f56bfc062723c751e8b465ee728b) [PhysX] Initialized MultithreadedTaskDispatcher with 12 workers.
 -> (artifact id: '74361515d2c4a746fbdd8f26834d4a7f') in 0.039334 seconds
Number of updated asset objects reloaded before import = 0
Number of asset objects unloaded after import = 3
========================================================================
Received Import Request.
  Time since last request: 0.000030 seconds.
  path: Assets/Tiles/main_lev_build_1095.asset
  artifactKey: Guid(4a0f378b4c2933a49a8f5458a0593f5c) Importer(815301076,1909f56bfc062723c751e8b465ee728b)
Start importing Assets/Tiles/main_lev_build_1095.asset using Guid(4a0f378b4c2933a49a8f5458a0593f5c) Importer(815301076,1909f56bfc062723c751e8b465ee728b) [PhysX] Initialized MultithreadedTaskDispatcher with 12 workers.
 -> (artifact id: '7d0406758b1f78b98593d2a60ea7054f') in 0.030185 seconds
Number of updated asset objects reloaded before import = 0
Number of asset objects unloaded after import = 3
========================================================================
Received Import Request.
  Time since last request: 0.000032 seconds.
  path: Assets/Tiles/main_lev_build_1650.asset
  artifactKey: Guid(32435345db2833f4199925d150600e6a) Importer(815301076,1909f56bfc062723c751e8b465ee728b)
Start importing Assets/Tiles/main_lev_build_1650.asset using Guid(32435345db2833f4199925d150600e6a) Importer(815301076,1909f56bfc062723c751e8b465ee728b) [PhysX] Initialized MultithreadedTaskDispatcher with 12 workers.
 -> (artifact id: 'ebf8d6580a57d5b735e0692064644a98') in 0.026970 seconds
Number of updated asset objects reloaded before import = 0
Number of asset objects unloaded after import = 3
========================================================================
Received Import Request.
  Time since last request: 0.000026 seconds.
  path: Assets/Tiles/main_lev_build_1124.asset
  artifactKey: Guid(3b8819a6977ebc4429dd58a6b5f4b310) Importer(815301076,1909f56bfc062723c751e8b465ee728b)
Start importing Assets/Tiles/main_lev_build_1124.asset using Guid(3b8819a6977ebc4429dd58a6b5f4b310) Importer(815301076,1909f56bfc062723c751e8b465ee728b) [PhysX] Initialized MultithreadedTaskDispatcher with 12 workers.
 -> (artifact id: '9cd07f8800e03ca4b64fe9e23519b364') in 0.028027 seconds
Number of updated asset objects reloaded before import = 0
Number of asset objects unloaded after import = 3
========================================================================
Received Import Request.
  Time since last request: 0.000035 seconds.
  path: Assets/Tiles/main_lev_build_1297.asset
  artifactKey: Guid(ec4ab77e03715424d942a4ba130df789) Importer(815301076,1909f56bfc062723c751e8b465ee728b)
Start importing Assets/Tiles/main_lev_build_1297.asset using Guid(ec4ab77e03715424d942a4ba130df789) Importer(815301076,1909f56bfc062723c751e8b465ee728b) [PhysX] Initialized MultithreadedTaskDispatcher with 12 workers.
 -> (artifact id: 'b497e3dbdce6c00326b5a8e834747090') in 0.025779 seconds
Number of updated asset objects reloaded before import = 0
Number of asset objects unloaded after import = 3
========================================================================
Received Import Request.
  Time since last request: 0.000033 seconds.
  path: Assets/Tiles/main_lev_build_463.asset
  artifactKey: Guid(22a2ee06e4f843a4ab7fb94a2e4b0fdc) Importer(815301076,1909f56bfc062723c751e8b465ee728b)
Start importing Assets/Tiles/main_lev_build_463.asset using Guid(22a2ee06e4f843a4ab7fb94a2e4b0fdc) Importer(815301076,1909f56bfc062723c751e8b465ee728b) [PhysX] Initialized MultithreadedTaskDispatcher with 12 workers.
 -> (artifact id: '78e51eb8b099c5c6ddd38f5609f5427c') in 0.025820 seconds
Number of updated asset objects reloaded before import = 0
Number of asset objects unloaded after import = 3
========================================================================
Received Import Request.
  Time since last request: 0.000046 seconds.
  path: Assets/Tiles/main_lev_build_1709.asset
  artifactKey: Guid(578a3bb9e2b7fa64ca51c3f00aca77e3) Importer(815301076,1909f56bfc062723c751e8b465ee728b)
Start importing Assets/Tiles/main_lev_build_1709.asset using Guid(578a3bb9e2b7fa64ca51c3f00aca77e3) Importer(815301076,1909f56bfc062723c751e8b465ee728b) [PhysX] Initialized MultithreadedTaskDispatcher with 12 workers.
 -> (artifact id: 'c3edbd6dbbbbedbf774c4b3f6b700d34') in 0.027900 seconds
Number of updated asset objects reloaded before import = 0
Number of asset objects unloaded after import = 3
========================================================================
Received Import Request.
  Time since last request: 0.000028 seconds.
  path: Assets/Tiles/main_lev_build_1754.asset
  artifactKey: Guid(5fad5e4eb3680ac43959cb1e77d420b1) Importer(815301076,1909f56bfc062723c751e8b465ee728b)
Start importing Assets/Tiles/main_lev_build_1754.asset using Guid(5fad5e4eb3680ac43959cb1e77d420b1) Importer(815301076,1909f56bfc062723c751e8b465ee728b) [PhysX] Initialized MultithreadedTaskDispatcher with 12 workers.
 -> (artifact id: '56857f3d6bc7f76e565320969b4c06c0') in 0.178241 seconds
Number of updated asset objects reloaded before import = 0
Number of asset objects unloaded after import = 3
========================================================================
Received Import Request.
  Time since last request: 2.638102 seconds.
  path: Assets/Tiles/main_lev_build_1469.asset
  artifactKey: Guid(9d38fa1dffdff4143827b6937eedcf59) Importer(815301076,1909f56bfc062723c751e8b465ee728b)
Start importing Assets/Tiles/main_lev_build_1469.asset using Guid(9d38fa1dffdff4143827b6937eedcf59) Importer(815301076,1909f56bfc062723c751e8b465ee728b) [PhysX] Initialized MultithreadedTaskDispatcher with 12 workers.
 -> (artifact id: 'e6f16032c2014162b95796fd0afa6651') in 0.021560 seconds
Number of updated asset objects reloaded before import = 0
Number of asset objects unloaded after import = 3
========================================================================
Received Import Request.
  Time since last request: 0.000022 seconds.
  path: Assets/Tiles/main_lev_build_1481.asset
  artifactKey: Guid(0c4f4685a704aba4597821008cf5413d) Importer(815301076,1909f56bfc062723c751e8b465ee728b)
Start importing Assets/Tiles/main_lev_build_1481.asset using Guid(0c4f4685a704aba4597821008cf5413d) Importer(815301076,1909f56bfc062723c751e8b465ee728b) [PhysX] Initialized MultithreadedTaskDispatcher with 12 workers.
 -> (artifact id: 'd6eb9e80516d4009e1916c2bfae1e9f5') in 0.024211 seconds
Number of updated asset objects reloaded before import = 0
Number of asset objects unloaded after import = 3
========================================================================
Received Import Request.
  Time since last request: 0.000030 seconds.
  path: Assets/Tiles/main_lev_build_1472.asset
  artifactKey: Guid(a3ff2eab432a8f447ad66e4d23e47e04) Importer(815301076,1909f56bfc062723c751e8b465ee728b)
Start importing Assets/Tiles/main_lev_build_1472.asset using Guid(a3ff2eab432a8f447ad66e4d23e47e04) Importer(815301076,1909f56bfc062723c751e8b465ee728b) [PhysX] Initialized MultithreadedTaskDispatcher with 12 workers.
 -> (artifact id: 'b2fffd2eb61226db61b3224c3312523b') in 0.026479 seconds
Number of updated asset objects reloaded before import = 0
Number of asset objects unloaded after import = 3
========================================================================
Received Import Request.
  Time since last request: 0.000025 seconds.
  path: Assets/Tiles/main_lev_build_1480.asset
  artifactKey: Guid(aa3c455f9ae417745988c1527fdfdd5a) Importer(815301076,1909f56bfc062723c751e8b465ee728b)
Start importing Assets/Tiles/main_lev_build_1480.asset using Guid(aa3c455f9ae417745988c1527fdfdd5a) Importer(815301076,1909f56bfc062723c751e8b465ee728b) [PhysX] Initialized MultithreadedTaskDispatcher with 12 workers.
 -> (artifact id: '5ca08a375d59a0d93535a4ac9c709d06') in 0.027204 seconds
Number of updated asset objects reloaded before import = 0
Number of asset objects unloaded after import = 3
========================================================================
Received Import Request.
  Time since last request: 0.000051 seconds.
  path: Assets/Tiles/main_lev_build_1475.asset
  artifactKey: Guid(c07d8cb09dbe1a743a5bc3601281f7d4) Importer(815301076,1909f56bfc062723c751e8b465ee728b)
Start importing Assets/Tiles/main_lev_build_1475.asset using Guid(c07d8cb09dbe1a743a5bc3601281f7d4) Importer(815301076,1909f56bfc062723c751e8b465ee728b) [PhysX] Initialized MultithreadedTaskDispatcher with 12 workers.
 -> (artifact id: '99d42033e443e9691be662de96feea9d') in 0.026421 seconds
Number of updated asset objects reloaded before import = 0
Number of asset objects unloaded after import = 3
========================================================================
Received Import Request.
  Time since last request: 0.489401 seconds.
  path: Assets/Tiles/main_lev_build_1454.asset
  artifactKey: Guid(4f19453504b068f42a4c4770dca05130) Importer(815301076,1909f56bfc062723c751e8b465ee728b)
Start importing Assets/Tiles/main_lev_build_1454.asset using Guid(4f19453504b068f42a4c4770dca05130) Importer(815301076,1909f56bfc062723c751e8b465ee728b) [PhysX] Initialized MultithreadedTaskDispatcher with 12 workers.
 -> (artifact id: 'd4c4818d91e98579e31c6038686dd443') in 0.034047 seconds
Number of updated asset objects reloaded before import = 0
Number of asset objects unloaded after import = 3
========================================================================
Received Import Request.
  Time since last request: 0.000034 seconds.
  path: Assets/Tiles/main_lev_build_1459.asset
  artifactKey: Guid(152ffd0fae2ac2c4e952612fbd43289f) Importer(815301076,1909f56bfc062723c751e8b465ee728b)
Start importing Assets/Tiles/main_lev_build_1459.asset using Guid(152ffd0fae2ac2c4e952612fbd43289f) Importer(815301076,1909f56bfc062723c751e8b465ee728b) [PhysX] Initialized MultithreadedTaskDispatcher with 12 workers.
 -> (artifact id: '565dc8067feff85e1efbe978e66612de') in 0.026946 seconds
Number of updated asset objects reloaded before import = 0
Number of asset objects unloaded after import = 3
========================================================================
Received Import Request.
  Time since last request: 0.000023 seconds.
  path: Assets/Tiles/main_lev_build_1439.asset
  artifactKey: Guid(cbd0d2df4f47ba744a456a4cebfa79b9) Importer(815301076,1909f56bfc062723c751e8b465ee728b)
Start importing Assets/Tiles/main_lev_build_1439.asset using Guid(cbd0d2df4f47ba744a456a4cebfa79b9) Importer(815301076,1909f56bfc062723c751e8b465ee728b) [PhysX] Initialized MultithreadedTaskDispatcher with 12 workers.
 -> (artifact id: '2854966ec4ce3c11b67b0b26f047006d') in 0.024888 seconds
Number of updated asset objects reloaded before import = 0
Number of asset objects unloaded after import = 3
========================================================================
Received Import Request.
  Time since last request: 0.000023 seconds.
  path: Assets/Tiles/main_lev_build_1450.asset
  artifactKey: Guid(8195a5e5e0272554fa4c1be3ee34bc7f) Importer(815301076,1909f56bfc062723c751e8b465ee728b)
Start importing Assets/Tiles/main_lev_build_1450.asset using Guid(8195a5e5e0272554fa4c1be3ee34bc7f) Importer(815301076,1909f56bfc062723c751e8b465ee728b) [PhysX] Initialized MultithreadedTaskDispatcher with 12 workers.
 -> (artifact id: 'a3368cc059e6286282c0a6ef9c338dff') in 0.028208 seconds
Number of updated asset objects reloaded before import = 0
Number of asset objects unloaded after import = 3
========================================================================
Received Import Request.
  Time since last request: 0.000026 seconds.
  path: Assets/Tiles/main_lev_build_1452.asset
  artifactKey: Guid(4c4eb07fc596575478147e851a9352eb) Importer(815301076,1909f56bfc062723c751e8b465ee728b)
Start importing Assets/Tiles/main_lev_build_1452.asset using Guid(4c4eb07fc596575478147e851a9352eb) Importer(815301076,1909f56bfc062723c751e8b465ee728b) [PhysX] Initialized MultithreadedTaskDispatcher with 12 workers.
 -> (artifact id: '7b82f96941e96bb2eeb4d0fb79997f3b') in 0.025451 seconds
Number of updated asset objects reloaded before import = 0
Number of asset objects unloaded after import = 3
========================================================================
Received Import Request.
  Time since last request: 0.000033 seconds.
  path: Assets/Tiles/main_lev_build_1457.asset
  artifactKey: Guid(d1da3c0ffe2aaab4aab215e92049fdc7) Importer(815301076,1909f56bfc062723c751e8b465ee728b)
Start importing Assets/Tiles/main_lev_build_1457.asset using Guid(d1da3c0ffe2aaab4aab215e92049fdc7) Importer(815301076,1909f56bfc062723c751e8b465ee728b) [PhysX] Initialized MultithreadedTaskDispatcher with 12 workers.
 -> (artifact id: 'e1dbc8a645743e6b199aae81df806a52') in 0.021392 seconds
Number of updated asset objects reloaded before import = 0
Number of asset objects unloaded after import = 3
========================================================================
Received Import Request.
  Time since last request: 0.000026 seconds.
  path: Assets/Tiles/main_lev_build_1442.asset
  artifactKey: Guid(18f4e1799d2bdea4dae1815676da20bf) Importer(815301076,1909f56bfc062723c751e8b465ee728b)
Start importing Assets/Tiles/main_lev_build_1442.asset using Guid(18f4e1799d2bdea4dae1815676da20bf) Importer(815301076,1909f56bfc062723c751e8b465ee728b) [PhysX] Initialized MultithreadedTaskDispatcher with 12 workers.
 -> (artifact id: 'ac2779b19868a381ad00601afacfc1e3') in 0.033202 seconds
Number of updated asset objects reloaded before import = 0
Number of asset objects unloaded after import = 3
========================================================================
Received Import Request.
  Time since last request: 0.000024 seconds.
  path: Assets/Tiles/main_lev_build_1465.asset
  artifactKey: Guid(4a5c3857acb7cc04b9c2a66ccf19591e) Importer(815301076,1909f56bfc062723c751e8b465ee728b)
Start importing Assets/Tiles/main_lev_build_1465.asset using Guid(4a5c3857acb7cc04b9c2a66ccf19591e) Importer(815301076,1909f56bfc062723c751e8b465ee728b) [PhysX] Initialized MultithreadedTaskDispatcher with 12 workers.
 -> (artifact id: '10521313ccd858098b899699fb0793e2') in 0.028945 seconds
Number of updated asset objects reloaded before import = 0
Number of asset objects unloaded after import = 3
========================================================================
Received Import Request.
  Time since last request: 0.000027 seconds.
  path: Assets/Tiles/main_lev_build_1464.asset
  artifactKey: Guid(cf05c303a5bb25f4fbef224dce6d94f6) Importer(815301076,1909f56bfc062723c751e8b465ee728b)
Start importing Assets/Tiles/main_lev_build_1464.asset using Guid(cf05c303a5bb25f4fbef224dce6d94f6) Importer(815301076,1909f56bfc062723c751e8b465ee728b) [PhysX] Initialized MultithreadedTaskDispatcher with 12 workers.
 -> (artifact id: '1d134655c882d91876a8903e8d0f0e24') in 0.026823 seconds
Number of updated asset objects reloaded before import = 0
Number of asset objects unloaded after import = 3
========================================================================
Received Import Request.
  Time since last request: 0.000023 seconds.
  path: Assets/Tiles/main_lev_build_1448.asset
  artifactKey: Guid(9d0d85b622b8f3d438656376c6e1e686) Importer(815301076,1909f56bfc062723c751e8b465ee728b)
Start importing Assets/Tiles/main_lev_build_1448.asset using Guid(9d0d85b622b8f3d438656376c6e1e686) Importer(815301076,1909f56bfc062723c751e8b465ee728b) [PhysX] Initialized MultithreadedTaskDispatcher with 12 workers.
 -> (artifact id: '30a9600e2af81536245a7fe889aef4c5') in 0.028430 seconds
Number of updated asset objects reloaded before import = 0
Number of asset objects unloaded after import = 3
========================================================================
Received Import Request.
  Time since last request: 0.365789 seconds.
  path: Assets/Tiles/main_lev_build_1424.asset
  artifactKey: Guid(53ee8f93fc47fb84ba1f666044609bd8) Importer(815301076,1909f56bfc062723c751e8b465ee728b)
Start importing Assets/Tiles/main_lev_build_1424.asset using Guid(53ee8f93fc47fb84ba1f666044609bd8) Importer(815301076,1909f56bfc062723c751e8b465ee728b) [PhysX] Initialized MultithreadedTaskDispatcher with 12 workers.
 -> (artifact id: '4d4b5fd03b01794f8cd0b14d8f8f0acf') in 0.029256 seconds
Number of updated asset objects reloaded before import = 0
Number of asset objects unloaded after import = 3
========================================================================
Received Import Request.
  Time since last request: 0.000031 seconds.
  path: Assets/Tiles/main_lev_build_1435.asset
  artifactKey: Guid(cfa67805168f0764ab8120d7a4daf8c1) Importer(815301076,1909f56bfc062723c751e8b465ee728b)
Start importing Assets/Tiles/main_lev_build_1435.asset using Guid(cfa67805168f0764ab8120d7a4daf8c1) Importer(815301076,1909f56bfc062723c751e8b465ee728b) [PhysX] Initialized MultithreadedTaskDispatcher with 12 workers.
 -> (artifact id: '99c739f302cb0b7f802c6b6b23a0520f') in 0.033461 seconds
Number of updated asset objects reloaded before import = 0
Number of asset objects unloaded after import = 3
========================================================================
Received Import Request.
  Time since last request: 0.000039 seconds.
  path: Assets/Tiles/main_lev_build_1436.asset
  artifactKey: Guid(c06e981f81e153c4abf6c4bbe01773e8) Importer(815301076,1909f56bfc062723c751e8b465ee728b)
Start importing Assets/Tiles/main_lev_build_1436.asset using Guid(c06e981f81e153c4abf6c4bbe01773e8) Importer(815301076,1909f56bfc062723c751e8b465ee728b) [PhysX] Initialized MultithreadedTaskDispatcher with 12 workers.
 -> (artifact id: '6a21361684c3c0c0944cacc3fd1e4b6a') in 0.032389 seconds
Number of updated asset objects reloaded before import = 0
Number of asset objects unloaded after import = 3
========================================================================
Received Import Request.
  Time since last request: 0.000021 seconds.
  path: Assets/Tiles/main_lev_build_1434.asset
  artifactKey: Guid(25fa3ab33a051764994ea059be2867cc) Importer(815301076,1909f56bfc062723c751e8b465ee728b)
Start importing Assets/Tiles/main_lev_build_1434.asset using Guid(25fa3ab33a051764994ea059be2867cc) Importer(815301076,1909f56bfc062723c751e8b465ee728b) [PhysX] Initialized MultithreadedTaskDispatcher with 12 workers.
 -> (artifact id: '03a1adee240ab48dd39ac7421d7f7cdc') in 0.026261 seconds
Number of updated asset objects reloaded before import = 0
Number of asset objects unloaded after import = 3
========================================================================
Received Import Request.
  Time since last request: 0.000034 seconds.
  path: Assets/Tiles/main_lev_build_1428.asset
  artifactKey: Guid(d7a8636acfea4e743ae44dfb171a716c) Importer(815301076,1909f56bfc062723c751e8b465ee728b)
Start importing Assets/Tiles/main_lev_build_1428.asset using Guid(d7a8636acfea4e743ae44dfb171a716c) Importer(815301076,1909f56bfc062723c751e8b465ee728b) [PhysX] Initialized MultithreadedTaskDispatcher with 12 workers.
 -> (artifact id: '5d9dbee2777b2ade7a2e675236354aaf') in 0.030729 seconds
Number of updated asset objects reloaded before import = 0
Number of asset objects unloaded after import = 3
========================================================================
Received Import Request.
  Time since last request: 0.005110 seconds.
  path: Assets/Tiles/main_lev_build_1409.asset
  artifactKey: Guid(970f69de73a8acd43ba8aebebd0b990f) Importer(815301076,1909f56bfc062723c751e8b465ee728b)
Start importing Assets/Tiles/main_lev_build_1409.asset using Guid(970f69de73a8acd43ba8aebebd0b990f) Importer(815301076,1909f56bfc062723c751e8b465ee728b) [PhysX] Initialized MultithreadedTaskDispatcher with 12 workers.
 -> (artifact id: 'd46396bfc3cee02b286eda7970583e20') in 0.038352 seconds
Number of updated asset objects reloaded before import = 0
Number of asset objects unloaded after import = 3
========================================================================
Received Import Request.
  Time since last request: 0.000045 seconds.
  path: Assets/Tiles/main_lev_build_1418.asset
  artifactKey: Guid(5726f6fee938afb49a28b252d7ae54cc) Importer(815301076,1909f56bfc062723c751e8b465ee728b)
Start importing Assets/Tiles/main_lev_build_1418.asset using Guid(5726f6fee938afb49a28b252d7ae54cc) Importer(815301076,1909f56bfc062723c751e8b465ee728b) [PhysX] Initialized MultithreadedTaskDispatcher with 12 workers.
 -> (artifact id: 'bbf1e146c734e20d1adfe52deabc37d3') in 0.057481 seconds
Number of updated asset objects reloaded before import = 0
Number of asset objects unloaded after import = 3
========================================================================
Received Import Request.
  Time since last request: 0.000031 seconds.
  path: Assets/Tiles/main_lev_build_1411.asset
  artifactKey: Guid(0b334de8b94068346aaf60771a738d57) Importer(815301076,1909f56bfc062723c751e8b465ee728b)
Start importing Assets/Tiles/main_lev_build_1411.asset using Guid(0b334de8b94068346aaf60771a738d57) Importer(815301076,1909f56bfc062723c751e8b465ee728b) [PhysX] Initialized MultithreadedTaskDispatcher with 12 workers.
 -> (artifact id: 'e5437968d57b9292cc3f6fd8582b3aa9') in 0.045131 seconds
Number of updated asset objects reloaded before import = 0
Number of asset objects unloaded after import = 3
========================================================================
Received Import Request.
  Time since last request: 0.000024 seconds.
  path: Assets/Tiles/main_lev_build_1419.asset
  artifactKey: Guid(1907dc0739d00f649945dc44e29a30ac) Importer(815301076,1909f56bfc062723c751e8b465ee728b)
Start importing Assets/Tiles/main_lev_build_1419.asset using Guid(1907dc0739d00f649945dc44e29a30ac) Importer(815301076,1909f56bfc062723c751e8b465ee728b) [PhysX] Initialized MultithreadedTaskDispatcher with 12 workers.
 -> (artifact id: '26eaaca70d6ceff29473709745db288a') in 0.103024 seconds
Number of updated asset objects reloaded before import = 0
Number of asset objects unloaded after import = 3
========================================================================
Received Import Request.
  Time since last request: 0.000026 seconds.
  path: Assets/Tiles/main_lev_build_1417.asset
  artifactKey: Guid(70362d1da415d0b4195a283dff9c241c) Importer(815301076,1909f56bfc062723c751e8b465ee728b)
Start importing Assets/Tiles/main_lev_build_1417.asset using Guid(70362d1da415d0b4195a283dff9c241c) Importer(815301076,1909f56bfc062723c751e8b465ee728b) [PhysX] Initialized MultithreadedTaskDispatcher with 12 workers.
 -> (artifact id: 'b19c1cd5390bbb5c2e10897d166410a8') in 0.028293 seconds
Number of updated asset objects reloaded before import = 0
Number of asset objects unloaded after import = 3
========================================================================
Received Import Request.
  Time since last request: 0.250027 seconds.
  path: Assets/Tiles/main_lev_build_1394.asset
  artifactKey: Guid(b1718a13421e44847979757ea281e527) Importer(815301076,1909f56bfc062723c751e8b465ee728b)
Start importing Assets/Tiles/main_lev_build_1394.asset using Guid(b1718a13421e44847979757ea281e527) Importer(815301076,1909f56bfc062723c751e8b465ee728b) [PhysX] Initialized MultithreadedTaskDispatcher with 12 workers.
 -> (artifact id: '894b4de5cc35694b9d24eb6b69f95462') in 0.041061 seconds
Number of updated asset objects reloaded before import = 0
Number of asset objects unloaded after import = 3
========================================================================
Received Import Request.
  Time since last request: 0.000024 seconds.
  path: Assets/Tiles/main_lev_build_1397.asset
  artifactKey: Guid(5ac5d3f34a327f24fb552a1293843294) Importer(815301076,1909f56bfc062723c751e8b465ee728b)
Start importing Assets/Tiles/main_lev_build_1397.asset using Guid(5ac5d3f34a327f24fb552a1293843294) Importer(815301076,1909f56bfc062723c751e8b465ee728b) [PhysX] Initialized MultithreadedTaskDispatcher with 12 workers.
 -> (artifact id: '71fa3d63da010d5af69d039d4c308fa3') in 0.041814 seconds
Number of updated asset objects reloaded before import = 0
Number of asset objects unloaded after import = 3
========================================================================
Received Import Request.
  Time since last request: 0.000026 seconds.
  path: Assets/Tiles/main_lev_build_1401.asset
  artifactKey: Guid(eab9be1ef6b1d49488f9499c905018b0) Importer(815301076,1909f56bfc062723c751e8b465ee728b)
Start importing Assets/Tiles/main_lev_build_1401.asset using Guid(eab9be1ef6b1d49488f9499c905018b0) Importer(815301076,1909f56bfc062723c751e8b465ee728b) [PhysX] Initialized MultithreadedTaskDispatcher with 12 workers.
 -> (artifact id: '6e74f97ee38f4ea1cb85f24b9d1b08ea') in 0.034563 seconds
Number of updated asset objects reloaded before import = 0
Number of asset objects unloaded after import = 3
========================================================================
Received Import Request.
  Time since last request: 0.000029 seconds.
  path: Assets/Tiles/main_lev_build_1386.asset
  artifactKey: Guid(b5596d94239b02a42806773f0941a7ab) Importer(815301076,1909f56bfc062723c751e8b465ee728b)
Start importing Assets/Tiles/main_lev_build_1386.asset using Guid(b5596d94239b02a42806773f0941a7ab) Importer(815301076,1909f56bfc062723c751e8b465ee728b) [PhysX] Initialized MultithreadedTaskDispatcher with 12 workers.
 -> (artifact id: '4ed9acc24cd545a4709fa9bb77db1737') in 0.040007 seconds
Number of updated asset objects reloaded before import = 0
Number of asset objects unloaded after import = 3
========================================================================
Received Import Request.
  Time since last request: 0.000027 seconds.
  path: Assets/Tiles/main_lev_build_1383.asset
  artifactKey: Guid(460b8a90aefa43f45977439712cd5d64) Importer(815301076,1909f56bfc062723c751e8b465ee728b)
Start importing Assets/Tiles/main_lev_build_1383.asset using Guid(460b8a90aefa43f45977439712cd5d64) Importer(815301076,1909f56bfc062723c751e8b465ee728b) [PhysX] Initialized MultithreadedTaskDispatcher with 12 workers.
 -> (artifact id: 'd83e9f431113d32ec1dad3d22a48f4df') in 0.032936 seconds
Number of updated asset objects reloaded before import = 0
Number of asset objects unloaded after import = 3
========================================================================
Received Import Request.
  Time since last request: 0.000040 seconds.
  path: Assets/Tiles/main_lev_build_1382.asset
  artifactKey: Guid(69c07904c33c89e43a5a3534ba210fcd) Importer(815301076,1909f56bfc062723c751e8b465ee728b)
Start importing Assets/Tiles/main_lev_build_1382.asset using Guid(69c07904c33c89e43a5a3534ba210fcd) Importer(815301076,1909f56bfc062723c751e8b465ee728b) [PhysX] Initialized MultithreadedTaskDispatcher with 12 workers.
 -> (artifact id: 'bfe2bdcfa636c061af2d81237b16eb5e') in 0.034354 seconds
Number of updated asset objects reloaded before import = 0
Number of asset objects unloaded after import = 3
========================================================================
Received Import Request.
  Time since last request: 0.000035 seconds.
  path: Assets/Tiles/main_lev_build_1389.asset
  artifactKey: Guid(51273c3a0c8d13d48af17286d197b63b) Importer(815301076,1909f56bfc062723c751e8b465ee728b)
Start importing Assets/Tiles/main_lev_build_1389.asset using Guid(51273c3a0c8d13d48af17286d197b63b) Importer(815301076,1909f56bfc062723c751e8b465ee728b) [PhysX] Initialized MultithreadedTaskDispatcher with 12 workers.
 -> (artifact id: '16b0d04813c4cf25611dbf7b8c09f473') in 0.036977 seconds
Number of updated asset objects reloaded before import = 0
Number of asset objects unloaded after import = 3
========================================================================
Received Import Request.
  Time since last request: 0.000029 seconds.
  path: Assets/Tiles/main_lev_build_1391.asset
  artifactKey: Guid(4024bdd10ff3ab842a21ce7022ed0328) Importer(815301076,1909f56bfc062723c751e8b465ee728b)
Start importing Assets/Tiles/main_lev_build_1391.asset using Guid(4024bdd10ff3ab842a21ce7022ed0328) Importer(815301076,1909f56bfc062723c751e8b465ee728b) [PhysX] Initialized MultithreadedTaskDispatcher with 12 workers.
 -> (artifact id: 'ef2be828bee79e5cbfaf9e6e0c5d493e') in 0.029145 seconds
Number of updated asset objects reloaded before import = 0
Number of asset objects unloaded after import = 3
========================================================================
Received Import Request.
  Time since last request: 0.000031 seconds.
  path: Assets/Tiles/main_lev_build_1384.asset
  artifactKey: Guid(c6fc3be25c0ff7046bc81ad691d80cfc) Importer(815301076,1909f56bfc062723c751e8b465ee728b)
Start importing Assets/Tiles/main_lev_build_1384.asset using Guid(c6fc3be25c0ff7046bc81ad691d80cfc) Importer(815301076,1909f56bfc062723c751e8b465ee728b) [PhysX] Initialized MultithreadedTaskDispatcher with 12 workers.
 -> (artifact id: '7b1702829de09a0a4b5f8d7e7d0e8544') in 0.032626 seconds
Number of updated asset objects reloaded before import = 0
Number of asset objects unloaded after import = 3
========================================================================
Received Import Request.
  Time since last request: 0.000031 seconds.
  path: Assets/Tiles/main_lev_build_1387.asset
  artifactKey: Guid(2922ebe6671083b40a44253a467ab217) Importer(815301076,1909f56bfc062723c751e8b465ee728b)
Start importing Assets/Tiles/main_lev_build_1387.asset using Guid(2922ebe6671083b40a44253a467ab217) Importer(815301076,1909f56bfc062723c751e8b465ee728b) [PhysX] Initialized MultithreadedTaskDispatcher with 12 workers.
 -> (artifact id: '0832b995737e1a8b32f0aee285bfacf6') in 0.029668 seconds
Number of updated asset objects reloaded before import = 0
Number of asset objects unloaded after import = 3
