Using pre-set license
Built from '2022.3/staging' branch; Version is '2022.3.50f1 (c3db7f8bf9b1) revision 12835711'; Using compiler version '192829333'; Build Type 'Release'
OS: 'Windows 11  (10.0.26100) 64bit Core' Language: 'en' Physical Memory: 16058 MB
BatchMode: 1, IsHumanControllingUs: 0, StartBugReporterOnCrash: 0, Is64bit: 1, IsPro: 1

COMMAND LINE ARGUMENTS:
C:\Program Files\Unity\Hub\Editor\2022.3.50f1\Editor\Unity.exe
-adb2
-batchMode
-noUpm
-name
AssetImportWorker3
-projectPath
C:/Users/willi/Documents/Coursework/Year 2/Software engineering/SoftEng/software-engineering-group24-25-05/Game
-logFile
Logs/AssetImportWorker3.log
-srvPort
57018
Successfully changed project path to: C:/Users/willi/Documents/Coursework/Year 2/Software engineering/SoftEng/software-engineering-group24-25-05/Game
C:/Users/willi/Documents/Coursework/Year 2/Software engineering/SoftEng/software-engineering-group24-25-05/Game
[UnityMemory] Configuration Parameters - Can be set up in boot.config
    "memorysetup-bucket-allocator-granularity=16"
    "memorysetup-bucket-allocator-bucket-count=8"
    "memorysetup-bucket-allocator-block-size=33554432"
    "memorysetup-bucket-allocator-block-count=8"
    "memorysetup-main-allocator-block-size=16777216"
    "memorysetup-thread-allocator-block-size=16777216"
    "memorysetup-gfx-main-allocator-block-size=16777216"
    "memorysetup-gfx-thread-allocator-block-size=16777216"
    "memorysetup-cache-allocator-block-size=4194304"
    "memorysetup-typetree-allocator-block-size=2097152"
    "memorysetup-profiler-bucket-allocator-granularity=16"
    "memorysetup-profiler-bucket-allocator-bucket-count=8"
    "memorysetup-profiler-bucket-allocator-block-size=33554432"
    "memorysetup-profiler-bucket-allocator-block-count=8"
    "memorysetup-profiler-allocator-block-size=16777216"
    "memorysetup-profiler-editor-allocator-block-size=1048576"
    "memorysetup-temp-allocator-size-main=16777216"
    "memorysetup-job-temp-allocator-block-size=2097152"
    "memorysetup-job-temp-allocator-block-size-background=1048576"
    "memorysetup-job-temp-allocator-reduction-small-platforms=262144"
    "memorysetup-allocator-temp-initial-block-size-main=262144"
    "memorysetup-allocator-temp-initial-block-size-worker=262144"
    "memorysetup-temp-allocator-size-background-worker=32768"
    "memorysetup-temp-allocator-size-job-worker=262144"
    "memorysetup-temp-allocator-size-preload-manager=33554432"
    "memorysetup-temp-allocator-size-nav-mesh-worker=65536"
    "memorysetup-temp-allocator-size-audio-worker=65536"
    "memorysetup-temp-allocator-size-cloud-worker=32768"
    "memorysetup-temp-allocator-size-gi-baking-worker=262144"
    "memorysetup-temp-allocator-size-gfx=262144"
Player connection [10756]  Target information:

Player connection [10756]  * "[IP] 192.168.56.1 [Port] 0 [Flags] 2 [Guid] 931636176 [EditorId] 931636176 [Version] 1048832 [Id] WindowsEditor(7,WillsLaptop) [Debug] 1 [PackageName] WindowsEditor [ProjectName] Editor" 

Player connection [10756]  * "[IP] 172.21.176.1 [Port] 0 [Flags] 2 [Guid] 931636176 [EditorId] 931636176 [Version] 1048832 [Id] WindowsEditor(7,WillsLaptop) [Debug] 1 [PackageName] WindowsEditor [ProjectName] Editor" 

Player connection [10756]  * "[IP] 10.247.21.237 [Port] 0 [Flags] 2 [Guid] 931636176 [EditorId] 931636176 [Version] 1048832 [Id] WindowsEditor(7,WillsLaptop) [Debug] 1 [PackageName] WindowsEditor [ProjectName] Editor" 

Player connection [10756] Host joined multi-casting on [225.0.0.222:54997]...
Player connection [10756] Host joined alternative multi-casting on [225.0.0.222:34997]...
[PhysX] Initialized MultithreadedTaskDispatcher with 12 workers.
Refreshing native plugins compatible for Editor in 21.04 ms, found 4 plugins.
Preloading 0 native plugins for Editor in 0.00 ms.
Initialize engine version: 2022.3.50f1 (c3db7f8bf9b1)
[Subsystems] Discovering subsystems at path C:/Program Files/Unity/Hub/Editor/2022.3.50f1/Editor/Data/Resources/UnitySubsystems
[Subsystems] Discovering subsystems at path C:/Users/willi/Documents/Coursework/Year 2/Software engineering/SoftEng/software-engineering-group24-25-05/Game/Assets
GfxDevice: creating device client; threaded=0; jobified=0
Direct3D:
    Version:  Direct3D 11.0 [level 11.1]
    Renderer: NVIDIA GeForce RTX 2050 (ID=0x25a9)
    Vendor:   NVIDIA
    VRAM:     3965 MB
    Driver:   32.0.15.5597
Initialize mono
Mono path[0] = 'C:/Program Files/Unity/Hub/Editor/2022.3.50f1/Editor/Data/Managed'
Mono path[1] = 'C:/Program Files/Unity/Hub/Editor/2022.3.50f1/Editor/Data/MonoBleedingEdge/lib/mono/unityjit-win32'
Mono config path = 'C:/Program Files/Unity/Hub/Editor/2022.3.50f1/Editor/Data/MonoBleedingEdge/etc'
Using monoOptions --debugger-agent=transport=dt_socket,embedding=1,server=y,suspend=n,address=127.0.0.1:56980
Begin MonoManager ReloadAssembly
Registering precompiled unity dll's ...
Register platform support module: C:/Program Files/Unity/Hub/Editor/2022.3.50f1/Editor/Data/PlaybackEngines/WebGLSupport/UnityEditor.WebGL.Extensions.dll
Register platform support module: C:/Program Files/Unity/Hub/Editor/2022.3.50f1/Editor/Data/PlaybackEngines/WindowsStandaloneSupport/UnityEditor.WindowsStandalone.Extensions.dll
Registered in 0.008855 seconds.
- Loaded All Assemblies, in  0.510 seconds
Native extension for WindowsStandalone target not found
Native extension for WebGL target not found
Mono: successfully reloaded assembly
- Finished resetting the current domain, in  0.315 seconds
Domain Reload Profiling: 823ms
	BeginReloadAssembly (127ms)
		ExecutionOrderSort (0ms)
		DisableScriptedObjects (0ms)
		BackupInstance (0ms)
		ReleaseScriptingObjects (0ms)
		CreateAndSetChildDomain (1ms)
	RebuildCommonClasses (39ms)
	RebuildNativeTypeToScriptingClass (10ms)
	initialDomainReloadingComplete (62ms)
	LoadAllAssembliesAndSetupDomain (269ms)
		LoadAssemblies (126ms)
		RebuildTransferFunctionScriptingTraits (0ms)
		AnalyzeDomain (266ms)
			TypeCache.Refresh (264ms)
				TypeCache.ScanAssembly (251ms)
			ScanForSourceGeneratedMonoScriptInfo (0ms)
			ResolveRequiredComponents (1ms)
	FinalizeReload (315ms)
		ReleaseScriptCaches (0ms)
		RebuildScriptCaches (0ms)
		SetupLoadedEditorAssemblies (265ms)
			LogAssemblyErrors (0ms)
			InitializePlatformSupportModulesInManaged (11ms)
			SetLoadedEditorAssemblies (7ms)
			RefreshPlugins (0ms)
			BeforeProcessingInitializeOnLoad (3ms)
			ProcessInitializeOnLoadAttributes (190ms)
			ProcessInitializeOnLoadMethodAttributes (53ms)
			AfterProcessingInitializeOnLoad (0ms)
			EditorAssembliesLoaded (0ms)
		ExecutionOrderSort2 (0ms)
		AwakeInstancesAfterBackupRestoration (0ms)
========================================================================
Worker process is ready to serve import requests
Caller must complete domain reload
Begin MonoManager ReloadAssembly
- Loaded All Assemblies, in  0.634 seconds
Native extension for WindowsStandalone target not found
Native extension for WebGL target not found
Mono: successfully reloaded assembly
- Finished resetting the current domain, in  0.697 seconds
Domain Reload Profiling: 1329ms
	BeginReloadAssembly (112ms)
		ExecutionOrderSort (0ms)
		DisableScriptedObjects (4ms)
		BackupInstance (0ms)
		ReleaseScriptingObjects (0ms)
		CreateAndSetChildDomain (16ms)
	RebuildCommonClasses (25ms)
	RebuildNativeTypeToScriptingClass (7ms)
	initialDomainReloadingComplete (31ms)
	LoadAllAssembliesAndSetupDomain (457ms)
		LoadAssemblies (298ms)
		RebuildTransferFunctionScriptingTraits (0ms)
		AnalyzeDomain (223ms)
			TypeCache.Refresh (184ms)
				TypeCache.ScanAssembly (137ms)
			ScanForSourceGeneratedMonoScriptInfo (30ms)
			ResolveRequiredComponents (7ms)
	FinalizeReload (697ms)
		ReleaseScriptCaches (0ms)
		RebuildScriptCaches (0ms)
		SetupLoadedEditorAssemblies (516ms)
			LogAssemblyErrors (0ms)
			InitializePlatformSupportModulesInManaged (6ms)
			SetLoadedEditorAssemblies (5ms)
			RefreshPlugins (0ms)
			BeforeProcessingInitializeOnLoad (72ms)
			ProcessInitializeOnLoadAttributes (401ms)
			ProcessInitializeOnLoadMethodAttributes (26ms)
			AfterProcessingInitializeOnLoad (5ms)
			EditorAssembliesLoaded (0ms)
		ExecutionOrderSort2 (0ms)
		AwakeInstancesAfterBackupRestoration (5ms)
Launched and connected shader compiler UnityShaderCompiler.exe after 0.07 seconds
Refreshing native plugins compatible for Editor in 8.97 ms, found 4 plugins.
Preloading 0 native plugins for Editor in 0.00 ms.
Unloading 4364 Unused Serialized files (Serialized files now loaded: 0)
Unloading 40 unused Assets / (241.4 KB). Loaded Objects now: 4830.
Memory consumption went from 147.5 MB to 147.2 MB.
Total: 3.153200 ms (FindLiveObjects: 0.210000 ms CreateObjectMapping: 0.093600 ms MarkObjects: 2.691900 ms  DeleteObjects: 0.156700 ms)

AssetImportParameters requested are different than current active one (requested -> active):
  custom:container-demuxer-ogg: 62fdf1f143b41e24485cea50d1cbac27 -> 
  custom:video-decoder-ogg-theora: a1e56fd34408186e4bbccfd4996cb3dc -> 
  custom:framework-win-MediaFoundation: 216162199b28c13a410421893ffa2e32 -> 
  custom:CustomObjectIndexerAttribute: 9a22284fe3817be447336de3de66b15e -> 
  custom:container-demuxer-webm: 4f35f7cbe854078d1ac9338744f61a02 -> 
  custom:container-muxer-webm: aa71ff27fc2769a1b78a27578f13a17b -> 
  custom:video-decoder-webm-vp8: 9c59270c3fd7afecdb556c50c9e8de78 -> 
  custom:SearchIndexIgnoredProperties: e643bd26f0fe6173181afceb89e7c659 -> 
  custom:AudioImporter_EditorPlatform: d09bf68614088b80899f8185d706f6e7 -> 
  custom:video-encoder-webm-vp8: eb34c28f22e8b96e1ab97ce403110664 -> 
  custom:audio-decoder-ogg-vorbis: bf7c407c2cedff20999df2af8eb42d56 -> 
  custom:audio-encoder-webm-vorbis: bf7c407c2cedff20999df2af8eb42d56 -> 
========================================================================
Received Import Request.
  Time since last request: 549207.193794 seconds.
  path: Assets/Tiles/main_lev_build_106.asset
  artifactKey: Guid(18ae93070aadd0245ab5af5a54357b83) Importer(815301076,1909f56bfc062723c751e8b465ee728b)
Start importing Assets/Tiles/main_lev_build_106.asset using Guid(18ae93070aadd0245ab5af5a54357b83) Importer(815301076,1909f56bfc062723c751e8b465ee728b) [PhysX] Initialized MultithreadedTaskDispatcher with 12 workers.
 -> (artifact id: 'bea64488a52520705254a1ca10ba1aa5') in 0.192411 seconds
Number of updated asset objects reloaded before import = 0
Number of asset objects unloaded after import = 3
========================================================================
Received Import Request.
  Time since last request: 0.000032 seconds.
  path: Assets/Tiles/main_lev_build_156.asset
  artifactKey: Guid(67e0d4e94f8e50543b1ead0609fa1a53) Importer(815301076,1909f56bfc062723c751e8b465ee728b)
Start importing Assets/Tiles/main_lev_build_156.asset using Guid(67e0d4e94f8e50543b1ead0609fa1a53) Importer(815301076,1909f56bfc062723c751e8b465ee728b) [PhysX] Initialized MultithreadedTaskDispatcher with 12 workers.
 -> (artifact id: 'e15eea3b5ea1450c3f358a0c54173975') in 0.305326 seconds
Number of updated asset objects reloaded before import = 0
Number of asset objects unloaded after import = 3
========================================================================
Received Import Request.
  Time since last request: 0.000053 seconds.
  path: Assets/Tiles/main_lev_build_219.asset
  artifactKey: Guid(2b35a602fcd8f7b4cb5e850e99dec3d0) Importer(815301076,1909f56bfc062723c751e8b465ee728b)
Start importing Assets/Tiles/main_lev_build_219.asset using Guid(2b35a602fcd8f7b4cb5e850e99dec3d0) Importer(815301076,1909f56bfc062723c751e8b465ee728b) [PhysX] Initialized MultithreadedTaskDispatcher with 12 workers.
 -> (artifact id: 'ab07ae495597f5e061dc0d9ca1eb4bdd') in 0.050353 seconds
Number of updated asset objects reloaded before import = 0
Number of asset objects unloaded after import = 3
========================================================================
Received Import Request.
  Time since last request: 0.000025 seconds.
  path: Assets/Tiles/main_lev_build_398.asset
  artifactKey: Guid(7523f99725d3aba419780b490c9be6a2) Importer(815301076,1909f56bfc062723c751e8b465ee728b)
Start importing Assets/Tiles/main_lev_build_398.asset using Guid(7523f99725d3aba419780b490c9be6a2) Importer(815301076,1909f56bfc062723c751e8b465ee728b) [PhysX] Initialized MultithreadedTaskDispatcher with 12 workers.
 -> (artifact id: 'f1b93ad3afd6fd607dd569487fef7111') in 0.034338 seconds
Number of updated asset objects reloaded before import = 0
Number of asset objects unloaded after import = 3
========================================================================
Received Import Request.
  Time since last request: 0.000030 seconds.
  path: Assets/Tiles/main_lev_build_531.asset
  artifactKey: Guid(76700358df2a3bd4a923fb3ada8913a1) Importer(815301076,1909f56bfc062723c751e8b465ee728b)
Start importing Assets/Tiles/main_lev_build_531.asset using Guid(76700358df2a3bd4a923fb3ada8913a1) Importer(815301076,1909f56bfc062723c751e8b465ee728b) [PhysX] Initialized MultithreadedTaskDispatcher with 12 workers.
 -> (artifact id: '8c7b6737eb28b681714c5a6b9a3d924f') in 0.039960 seconds
Number of updated asset objects reloaded before import = 0
Number of asset objects unloaded after import = 3
========================================================================
Received Import Request.
  Time since last request: 0.000030 seconds.
  path: Assets/Tiles/main_lev_build_546.asset
  artifactKey: Guid(4cc234c1e988d0d40995486b68cfb2b7) Importer(815301076,1909f56bfc062723c751e8b465ee728b)
Start importing Assets/Tiles/main_lev_build_546.asset using Guid(4cc234c1e988d0d40995486b68cfb2b7) Importer(815301076,1909f56bfc062723c751e8b465ee728b) [PhysX] Initialized MultithreadedTaskDispatcher with 12 workers.
 -> (artifact id: 'a8ef7612d7347c75a3c0ad34dc2445ae') in 0.044704 seconds
Number of updated asset objects reloaded before import = 0
Number of asset objects unloaded after import = 3
========================================================================
Received Import Request.
  Time since last request: 0.000024 seconds.
  path: Assets/Tiles/main_lev_build_193.asset
  artifactKey: Guid(81394e473b7d62b4ba80210bc696e9bd) Importer(815301076,1909f56bfc062723c751e8b465ee728b)
Start importing Assets/Tiles/main_lev_build_193.asset using Guid(81394e473b7d62b4ba80210bc696e9bd) Importer(815301076,1909f56bfc062723c751e8b465ee728b) [PhysX] Initialized MultithreadedTaskDispatcher with 12 workers.
 -> (artifact id: '77ffc28164de9747494a66a3810a2ac8') in 0.053934 seconds
Number of updated asset objects reloaded before import = 0
Number of asset objects unloaded after import = 3
========================================================================
Received Import Request.
  Time since last request: 0.000036 seconds.
  path: Assets/Tiles/main_lev_build_503.asset
  artifactKey: Guid(2c43e71618ed68f44b9637d00c4a70e1) Importer(815301076,1909f56bfc062723c751e8b465ee728b)
Start importing Assets/Tiles/main_lev_build_503.asset using Guid(2c43e71618ed68f44b9637d00c4a70e1) Importer(815301076,1909f56bfc062723c751e8b465ee728b) [PhysX] Initialized MultithreadedTaskDispatcher with 12 workers.
 -> (artifact id: '6882225d3f63bf1bff41bc55fdbc08bd') in 0.048110 seconds
Number of updated asset objects reloaded before import = 0
Number of asset objects unloaded after import = 3
========================================================================
Received Import Request.
  Time since last request: 0.000049 seconds.
  path: Assets/Tiles/main_lev_build_623.asset
  artifactKey: Guid(271de676a29a2c240be2a2282529473c) Importer(815301076,1909f56bfc062723c751e8b465ee728b)
Start importing Assets/Tiles/main_lev_build_623.asset using Guid(271de676a29a2c240be2a2282529473c) Importer(815301076,1909f56bfc062723c751e8b465ee728b) [PhysX] Initialized MultithreadedTaskDispatcher with 12 workers.
 -> (artifact id: '2484ad02c4f9bcdef38d605e5226865c') in 0.025474 seconds
Number of updated asset objects reloaded before import = 0
Number of asset objects unloaded after import = 3
========================================================================
Received Import Request.
  Time since last request: 0.000026 seconds.
  path: Assets/Tiles/main_lev_build_114.asset
  artifactKey: Guid(252c4a6a4f4ca244992cd82b783b03b6) Importer(815301076,1909f56bfc062723c751e8b465ee728b)
Start importing Assets/Tiles/main_lev_build_114.asset using Guid(252c4a6a4f4ca244992cd82b783b03b6) Importer(815301076,1909f56bfc062723c751e8b465ee728b) [PhysX] Initialized MultithreadedTaskDispatcher with 12 workers.
 -> (artifact id: '1ecf60ca2d498d0ff9ae36a455321207') in 0.029762 seconds
Number of updated asset objects reloaded before import = 0
Number of asset objects unloaded after import = 3
========================================================================
Received Import Request.
  Time since last request: 0.000023 seconds.
  path: Assets/Tiles/main_lev_build_652.asset
  artifactKey: Guid(0735353bca1bcc04eb4e05e287541e85) Importer(815301076,1909f56bfc062723c751e8b465ee728b)
Start importing Assets/Tiles/main_lev_build_652.asset using Guid(0735353bca1bcc04eb4e05e287541e85) Importer(815301076,1909f56bfc062723c751e8b465ee728b) [PhysX] Initialized MultithreadedTaskDispatcher with 12 workers.
 -> (artifact id: 'ada1d538db98a3325ebda4a33780b51f') in 0.044174 seconds
Number of updated asset objects reloaded before import = 0
Number of asset objects unloaded after import = 3
========================================================================
Received Import Request.
  Time since last request: 0.000029 seconds.
  path: Assets/Tiles/main_lev_build_639.asset
  artifactKey: Guid(83bddf139a3a5ff429a15962efb23e81) Importer(815301076,1909f56bfc062723c751e8b465ee728b)
Start importing Assets/Tiles/main_lev_build_639.asset using Guid(83bddf139a3a5ff429a15962efb23e81) Importer(815301076,1909f56bfc062723c751e8b465ee728b) [PhysX] Initialized MultithreadedTaskDispatcher with 12 workers.
 -> (artifact id: 'ce87ffc91b1c47e924aadd1496568042') in 0.040589 seconds
Number of updated asset objects reloaded before import = 0
Number of asset objects unloaded after import = 3
========================================================================
Received Import Request.
  Time since last request: 0.000037 seconds.
  path: Assets/Tiles/main_lev_build_216.asset
  artifactKey: Guid(9a73bcc7c80b55a47aa600fc1cfb7440) Importer(815301076,1909f56bfc062723c751e8b465ee728b)
Start importing Assets/Tiles/main_lev_build_216.asset using Guid(9a73bcc7c80b55a47aa600fc1cfb7440) Importer(815301076,1909f56bfc062723c751e8b465ee728b) [PhysX] Initialized MultithreadedTaskDispatcher with 12 workers.
 -> (artifact id: 'a715e4a6ad89d0c87c44e2b88e507562') in 0.038724 seconds
Number of updated asset objects reloaded before import = 0
Number of asset objects unloaded after import = 3
========================================================================
Received Import Request.
  Time since last request: 0.000021 seconds.
  path: Assets/Tiles/main_lev_build_685.asset
  artifactKey: Guid(cf360449b309a9643acd4d8c6bada22a) Importer(815301076,1909f56bfc062723c751e8b465ee728b)
Start importing Assets/Tiles/main_lev_build_685.asset using Guid(cf360449b309a9643acd4d8c6bada22a) Importer(815301076,1909f56bfc062723c751e8b465ee728b) [PhysX] Initialized MultithreadedTaskDispatcher with 12 workers.
 -> (artifact id: '08d4179a3f6b672af2b746f6b02966f5') in 0.036123 seconds
Number of updated asset objects reloaded before import = 0
Number of asset objects unloaded after import = 3
========================================================================
Received Import Request.
  Time since last request: 0.000024 seconds.
  path: Assets/Tiles/main_lev_build_710.asset
  artifactKey: Guid(edf954819484db643918dd5ce5397d50) Importer(815301076,1909f56bfc062723c751e8b465ee728b)
Start importing Assets/Tiles/main_lev_build_710.asset using Guid(edf954819484db643918dd5ce5397d50) Importer(815301076,1909f56bfc062723c751e8b465ee728b) [PhysX] Initialized MultithreadedTaskDispatcher with 12 workers.
 -> (artifact id: 'e54d6124e79f289e000d0fa528411e3c') in 0.039086 seconds
Number of updated asset objects reloaded before import = 0
Number of asset objects unloaded after import = 3
========================================================================
Received Import Request.
  Time since last request: 0.000057 seconds.
  path: Assets/Tiles/main_lev_build_152.asset
  artifactKey: Guid(9b4561be62cf98d4db1664e6f2d32d2a) Importer(815301076,1909f56bfc062723c751e8b465ee728b)
Start importing Assets/Tiles/main_lev_build_152.asset using Guid(9b4561be62cf98d4db1664e6f2d32d2a) Importer(815301076,1909f56bfc062723c751e8b465ee728b) [PhysX] Initialized MultithreadedTaskDispatcher with 12 workers.
 -> (artifact id: '0862310568e4e9273f705d81439f9048') in 0.025731 seconds
Number of updated asset objects reloaded before import = 0
Number of asset objects unloaded after import = 3
========================================================================
Received Import Request.
  Time since last request: 0.000029 seconds.
  path: Assets/Tiles/main_lev_build_527.asset
  artifactKey: Guid(3eb4ed0893a63a4428387c134a36c905) Importer(815301076,1909f56bfc062723c751e8b465ee728b)
Start importing Assets/Tiles/main_lev_build_527.asset using Guid(3eb4ed0893a63a4428387c134a36c905) Importer(815301076,1909f56bfc062723c751e8b465ee728b) [PhysX] Initialized MultithreadedTaskDispatcher with 12 workers.
 -> (artifact id: '0c9b081bd181d5178af3f8d36f273f67') in 0.025743 seconds
Number of updated asset objects reloaded before import = 0
Number of asset objects unloaded after import = 3
========================================================================
Received Import Request.
  Time since last request: 0.000020 seconds.
  path: Assets/Tiles/main_lev_build_471.asset
  artifactKey: Guid(1afe57eb3cec17f439a46e61aaaec05b) Importer(815301076,1909f56bfc062723c751e8b465ee728b)
Start importing Assets/Tiles/main_lev_build_471.asset using Guid(1afe57eb3cec17f439a46e61aaaec05b) Importer(815301076,1909f56bfc062723c751e8b465ee728b) [PhysX] Initialized MultithreadedTaskDispatcher with 12 workers.
 -> (artifact id: '929b6c3504d9028806cefd5390abe893') in 0.029805 seconds
Number of updated asset objects reloaded before import = 0
Number of asset objects unloaded after import = 3
========================================================================
Received Import Request.
  Time since last request: 0.000032 seconds.
  path: Assets/Tiles/main_lev_build_263.asset
  artifactKey: Guid(8a8391541ec30a440b88d9ba828f7ff7) Importer(815301076,1909f56bfc062723c751e8b465ee728b)
Start importing Assets/Tiles/main_lev_build_263.asset using Guid(8a8391541ec30a440b88d9ba828f7ff7) Importer(815301076,1909f56bfc062723c751e8b465ee728b) [PhysX] Initialized MultithreadedTaskDispatcher with 12 workers.
 -> (artifact id: '793c2019b351344c0cf68f69ce8f7d0d') in 0.035583 seconds
Number of updated asset objects reloaded before import = 0
Number of asset objects unloaded after import = 3
========================================================================
Received Import Request.
  Time since last request: 0.000027 seconds.
  path: Assets/Tiles/main_lev_build_679.asset
  artifactKey: Guid(40ca33b5440a7ca47a94dcefe3ab6945) Importer(815301076,1909f56bfc062723c751e8b465ee728b)
Start importing Assets/Tiles/main_lev_build_679.asset using Guid(40ca33b5440a7ca47a94dcefe3ab6945) Importer(815301076,1909f56bfc062723c751e8b465ee728b) [PhysX] Initialized MultithreadedTaskDispatcher with 12 workers.
 -> (artifact id: '9a12e2c24d2fe7e7fb46eaf9ec8cfd73') in 0.033997 seconds
Number of updated asset objects reloaded before import = 0
Number of asset objects unloaded after import = 3
========================================================================
Received Import Request.
  Time since last request: 0.000032 seconds.
  path: Assets/Tiles/main_lev_build_561.asset
  artifactKey: Guid(002560d995e7c354dbe1f3e92610ca9f) Importer(815301076,1909f56bfc062723c751e8b465ee728b)
Start importing Assets/Tiles/main_lev_build_561.asset using Guid(002560d995e7c354dbe1f3e92610ca9f) Importer(815301076,1909f56bfc062723c751e8b465ee728b) [PhysX] Initialized MultithreadedTaskDispatcher with 12 workers.
 -> (artifact id: '9b488da057f4ee5eb57443037aa37494') in 0.027900 seconds
Number of updated asset objects reloaded before import = 0
Number of asset objects unloaded after import = 3
========================================================================
Received Import Request.
  Time since last request: 0.000031 seconds.
  path: Assets/Tiles/main_lev_build_250.asset
  artifactKey: Guid(1a551aeaaae4aae48a649f984ef0d88f) Importer(815301076,1909f56bfc062723c751e8b465ee728b)
Start importing Assets/Tiles/main_lev_build_250.asset using Guid(1a551aeaaae4aae48a649f984ef0d88f) Importer(815301076,1909f56bfc062723c751e8b465ee728b) [PhysX] Initialized MultithreadedTaskDispatcher with 12 workers.
 -> (artifact id: '18de1c4d4b7246b3521f5ae80a4c7c36') in 0.031574 seconds
Number of updated asset objects reloaded before import = 0
Number of asset objects unloaded after import = 3
========================================================================
Received Import Request.
  Time since last request: 0.000033 seconds.
  path: Assets/Tiles/main_lev_build_553.asset
  artifactKey: Guid(3a67042c6aa17234fb2eee47b366ac0b) Importer(815301076,1909f56bfc062723c751e8b465ee728b)
Start importing Assets/Tiles/main_lev_build_553.asset using Guid(3a67042c6aa17234fb2eee47b366ac0b) Importer(815301076,1909f56bfc062723c751e8b465ee728b) [PhysX] Initialized MultithreadedTaskDispatcher with 12 workers.
 -> (artifact id: '4af423305e53cf6c4581449dca17b63d') in 0.028394 seconds
Number of updated asset objects reloaded before import = 0
Number of asset objects unloaded after import = 3
========================================================================
Received Import Request.
  Time since last request: 0.000043 seconds.
  path: Assets/Tiles/main_lev_build_432.asset
  artifactKey: Guid(62312243c42bb6343a95bf846ca44dc9) Importer(815301076,1909f56bfc062723c751e8b465ee728b)
Start importing Assets/Tiles/main_lev_build_432.asset using Guid(62312243c42bb6343a95bf846ca44dc9) Importer(815301076,1909f56bfc062723c751e8b465ee728b) [PhysX] Initialized MultithreadedTaskDispatcher with 12 workers.
 -> (artifact id: '466a78b65a2bf4e3b257dbc285cd471d') in 0.027091 seconds
Number of updated asset objects reloaded before import = 0
Number of asset objects unloaded after import = 3
========================================================================
Received Import Request.
  Time since last request: 0.000024 seconds.
  path: Assets/Tiles/main_lev_build_615.asset
  artifactKey: Guid(5aa0c9b0ab2097643a262c87e76d324d) Importer(815301076,1909f56bfc062723c751e8b465ee728b)
Start importing Assets/Tiles/main_lev_build_615.asset using Guid(5aa0c9b0ab2097643a262c87e76d324d) Importer(815301076,1909f56bfc062723c751e8b465ee728b) [PhysX] Initialized MultithreadedTaskDispatcher with 12 workers.
 -> (artifact id: 'd1b29214cfd3fa5d90409558ad285fff') in 0.032677 seconds
Number of updated asset objects reloaded before import = 0
Number of asset objects unloaded after import = 3
========================================================================
Received Import Request.
  Time since last request: 0.000043 seconds.
  path: Assets/Tiles/main_lev_build_389.asset
  artifactKey: Guid(5d900e4d77ce0eb45bd19bcfcde9e2fa) Importer(815301076,1909f56bfc062723c751e8b465ee728b)
Start importing Assets/Tiles/main_lev_build_389.asset using Guid(5d900e4d77ce0eb45bd19bcfcde9e2fa) Importer(815301076,1909f56bfc062723c751e8b465ee728b) [PhysX] Initialized MultithreadedTaskDispatcher with 12 workers.
 -> (artifact id: '0c8c8e23812c735f48af641a9632ea11') in 0.028759 seconds
Number of updated asset objects reloaded before import = 0
Number of asset objects unloaded after import = 3
========================================================================
Received Import Request.
  Time since last request: 0.000132 seconds.
  path: Assets/Tiles/main_lev_build_464.asset
  artifactKey: Guid(c3490a84f39ab0a4e89c1418c1117f9f) Importer(815301076,1909f56bfc062723c751e8b465ee728b)
Start importing Assets/Tiles/main_lev_build_464.asset using Guid(c3490a84f39ab0a4e89c1418c1117f9f) Importer(815301076,1909f56bfc062723c751e8b465ee728b) [PhysX] Initialized MultithreadedTaskDispatcher with 12 workers.
 -> (artifact id: 'dab936436ffaab3074a70e7c8ae60deb') in 0.046587 seconds
Number of updated asset objects reloaded before import = 0
Number of asset objects unloaded after import = 3
========================================================================
Received Import Request.
  Time since last request: 0.000025 seconds.
  path: Assets/Tiles/main_lev_build_161.asset
  artifactKey: Guid(335c34bb84bf80e47b572ca3227d3dad) Importer(815301076,1909f56bfc062723c751e8b465ee728b)
Start importing Assets/Tiles/main_lev_build_161.asset using Guid(335c34bb84bf80e47b572ca3227d3dad) Importer(815301076,1909f56bfc062723c751e8b465ee728b) [PhysX] Initialized MultithreadedTaskDispatcher with 12 workers.
 -> (artifact id: '23ba4de7a6b350383483f6501db17628') in 0.101162 seconds
Number of updated asset objects reloaded before import = 0
Number of asset objects unloaded after import = 3
========================================================================
Received Import Request.
  Time since last request: 0.000027 seconds.
  path: Assets/Tiles/main_lev_build_415.asset
  artifactKey: Guid(4f51e8e428f90f04a8418c062743d45d) Importer(815301076,1909f56bfc062723c751e8b465ee728b)
Start importing Assets/Tiles/main_lev_build_415.asset using Guid(4f51e8e428f90f04a8418c062743d45d) Importer(815301076,1909f56bfc062723c751e8b465ee728b) [PhysX] Initialized MultithreadedTaskDispatcher with 12 workers.
 -> (artifact id: '2bd409af21c25362c31c23d3732a24be') in 0.174689 seconds
Number of updated asset objects reloaded before import = 0
Number of asset objects unloaded after import = 3
========================================================================
Received Import Request.
  Time since last request: 0.000037 seconds.
  path: Assets/Tiles/main_lev_build_581.asset
  artifactKey: Guid(775676b39678fbc478803a3f9643d099) Importer(815301076,1909f56bfc062723c751e8b465ee728b)
Start importing Assets/Tiles/main_lev_build_581.asset using Guid(775676b39678fbc478803a3f9643d099) Importer(815301076,1909f56bfc062723c751e8b465ee728b) [PhysX] Initialized MultithreadedTaskDispatcher with 12 workers.
 -> (artifact id: '33a62ab66dd74e2804ba613a48d45d82') in 0.035613 seconds
Number of updated asset objects reloaded before import = 0
Number of asset objects unloaded after import = 3
========================================================================
Received Import Request.
  Time since last request: 0.000025 seconds.
  path: Assets/Tiles/main_lev_build_448.asset
  artifactKey: Guid(64a004082b46ff648aa2fd5f58e312b5) Importer(815301076,1909f56bfc062723c751e8b465ee728b)
Start importing Assets/Tiles/main_lev_build_448.asset using Guid(64a004082b46ff648aa2fd5f58e312b5) Importer(815301076,1909f56bfc062723c751e8b465ee728b) [PhysX] Initialized MultithreadedTaskDispatcher with 12 workers.
 -> (artifact id: 'f1d83010ed41542778ce6777eb6979b4') in 0.027473 seconds
Number of updated asset objects reloaded before import = 0
Number of asset objects unloaded after import = 3
========================================================================
Received Import Request.
  Time since last request: 0.000028 seconds.
  path: Assets/Tiles/main_lev_build_138.asset
  artifactKey: Guid(d2671e12070265e438f1aae392b64171) Importer(815301076,1909f56bfc062723c751e8b465ee728b)
Start importing Assets/Tiles/main_lev_build_138.asset using Guid(d2671e12070265e438f1aae392b64171) Importer(815301076,1909f56bfc062723c751e8b465ee728b) [PhysX] Initialized MultithreadedTaskDispatcher with 12 workers.
 -> (artifact id: '77985fdecdd3e77f921d82dad8f923fd') in 0.042794 seconds
Number of updated asset objects reloaded before import = 0
Number of asset objects unloaded after import = 3
========================================================================
Received Import Request.
  Time since last request: 0.000025 seconds.
  path: Assets/Tiles/main_lev_build_414.asset
  artifactKey: Guid(d50926c29a37c33489c2f07c74dff6d0) Importer(815301076,1909f56bfc062723c751e8b465ee728b)
Start importing Assets/Tiles/main_lev_build_414.asset using Guid(d50926c29a37c33489c2f07c74dff6d0) Importer(815301076,1909f56bfc062723c751e8b465ee728b) [PhysX] Initialized MultithreadedTaskDispatcher with 12 workers.
 -> (artifact id: '8f25a1a5b1b4d2e8867b51ccd9e988fc') in 0.035504 seconds
Number of updated asset objects reloaded before import = 0
Number of asset objects unloaded after import = 3
========================================================================
Received Import Request.
  Time since last request: 0.000038 seconds.
  path: Assets/Tiles/main_lev_build_513.asset
  artifactKey: Guid(45af783a92f5b7848856de1f0b13a859) Importer(815301076,1909f56bfc062723c751e8b465ee728b)
Start importing Assets/Tiles/main_lev_build_513.asset using Guid(45af783a92f5b7848856de1f0b13a859) Importer(815301076,1909f56bfc062723c751e8b465ee728b) [PhysX] Initialized MultithreadedTaskDispatcher with 12 workers.
 -> (artifact id: '2662d4780494ba50f8dd68739429f74b') in 0.027207 seconds
Number of updated asset objects reloaded before import = 0
Number of asset objects unloaded after import = 3
========================================================================
Received Import Request.
  Time since last request: 0.000021 seconds.
  path: Assets/Tiles/main_lev_build_182.asset
  artifactKey: Guid(23e4556b284fb504ea2e08162a2695da) Importer(815301076,1909f56bfc062723c751e8b465ee728b)
Start importing Assets/Tiles/main_lev_build_182.asset using Guid(23e4556b284fb504ea2e08162a2695da) Importer(815301076,1909f56bfc062723c751e8b465ee728b) [PhysX] Initialized MultithreadedTaskDispatcher with 12 workers.
 -> (artifact id: '34b1bc42552a1536d632f8afc76c11c2') in 0.031847 seconds
Number of updated asset objects reloaded before import = 0
Number of asset objects unloaded after import = 3
========================================================================
Received Import Request.
  Time since last request: 0.000035 seconds.
  path: Assets/Tiles/main_lev_build_278.asset
  artifactKey: Guid(1530dc7140281684790fbee6059495c8) Importer(815301076,1909f56bfc062723c751e8b465ee728b)
Start importing Assets/Tiles/main_lev_build_278.asset using Guid(1530dc7140281684790fbee6059495c8) Importer(815301076,1909f56bfc062723c751e8b465ee728b) [PhysX] Initialized MultithreadedTaskDispatcher with 12 workers.
 -> (artifact id: 'c6f532bfdda9768c011998ebb36a9557') in 0.028650 seconds
Number of updated asset objects reloaded before import = 0
Number of asset objects unloaded after import = 3
========================================================================
Received Import Request.
  Time since last request: 0.000046 seconds.
  path: Assets/Tiles/main_lev_build_305.asset
  artifactKey: Guid(1bb1d2c94ce16ac40b95e74cb53335c2) Importer(815301076,1909f56bfc062723c751e8b465ee728b)
Start importing Assets/Tiles/main_lev_build_305.asset using Guid(1bb1d2c94ce16ac40b95e74cb53335c2) Importer(815301076,1909f56bfc062723c751e8b465ee728b) [PhysX] Initialized MultithreadedTaskDispatcher with 12 workers.
 -> (artifact id: '59d5e05ec82c459c91d61997ad904a23') in 0.039216 seconds
Number of updated asset objects reloaded before import = 0
Number of asset objects unloaded after import = 3
========================================================================
Received Import Request.
  Time since last request: 0.000022 seconds.
  path: Assets/Tiles/main_lev_build_247.asset
  artifactKey: Guid(ade704a8162450a40a77f22071c835ee) Importer(815301076,1909f56bfc062723c751e8b465ee728b)
Start importing Assets/Tiles/main_lev_build_247.asset using Guid(ade704a8162450a40a77f22071c835ee) Importer(815301076,1909f56bfc062723c751e8b465ee728b) [PhysX] Initialized MultithreadedTaskDispatcher with 12 workers.
 -> (artifact id: 'ff118949bf0867f930f29c177d157f75') in 0.027014 seconds
Number of updated asset objects reloaded before import = 0
Number of asset objects unloaded after import = 3
========================================================================
Received Import Request.
  Time since last request: 0.000023 seconds.
  path: Assets/Tiles/main_lev_build_640.asset
  artifactKey: Guid(7d88a143111409b44beacf01c5fe7482) Importer(815301076,1909f56bfc062723c751e8b465ee728b)
Start importing Assets/Tiles/main_lev_build_640.asset using Guid(7d88a143111409b44beacf01c5fe7482) Importer(815301076,1909f56bfc062723c751e8b465ee728b) [PhysX] Initialized MultithreadedTaskDispatcher with 12 workers.
 -> (artifact id: '361fdfef3c8b1155898784458e790b04') in 0.025552 seconds
Number of updated asset objects reloaded before import = 0
Number of asset objects unloaded after import = 3
========================================================================
Received Import Request.
  Time since last request: 0.000025 seconds.
  path: Assets/Tiles/main_lev_build_401.asset
  artifactKey: Guid(37f32efff1ed6914fb770680b831ac8d) Importer(815301076,1909f56bfc062723c751e8b465ee728b)
Start importing Assets/Tiles/main_lev_build_401.asset using Guid(37f32efff1ed6914fb770680b831ac8d) Importer(815301076,1909f56bfc062723c751e8b465ee728b) [PhysX] Initialized MultithreadedTaskDispatcher with 12 workers.
 -> (artifact id: '943327ce3181abe0bb4fa69c4ca86589') in 0.025513 seconds
Number of updated asset objects reloaded before import = 0
Number of asset objects unloaded after import = 3
========================================================================
Received Import Request.
  Time since last request: 0.000023 seconds.
  path: Assets/Tiles/main_lev_build_618.asset
  artifactKey: Guid(0303bdaadec2af24da2d3c5b4a577be9) Importer(815301076,1909f56bfc062723c751e8b465ee728b)
Start importing Assets/Tiles/main_lev_build_618.asset using Guid(0303bdaadec2af24da2d3c5b4a577be9) Importer(815301076,1909f56bfc062723c751e8b465ee728b) [PhysX] Initialized MultithreadedTaskDispatcher with 12 workers.
 -> (artifact id: '779633c1dd3646b78c6e57e7ea2e7377') in 0.033966 seconds
Number of updated asset objects reloaded before import = 0
Number of asset objects unloaded after import = 3
========================================================================
Received Import Request.
  Time since last request: 0.000022 seconds.
  path: Assets/Tiles/main_lev_build_701.asset
  artifactKey: Guid(18c5919ff32836f4ea23cac3ce406f8e) Importer(815301076,1909f56bfc062723c751e8b465ee728b)
Start importing Assets/Tiles/main_lev_build_701.asset using Guid(18c5919ff32836f4ea23cac3ce406f8e) Importer(815301076,1909f56bfc062723c751e8b465ee728b) [PhysX] Initialized MultithreadedTaskDispatcher with 12 workers.
 -> (artifact id: '7c9aa484c883dd29841acb620c376d55') in 0.037620 seconds
Number of updated asset objects reloaded before import = 0
Number of asset objects unloaded after import = 3
========================================================================
Received Import Request.
  Time since last request: 0.000024 seconds.
  path: Assets/Tiles/main_lev_build_627.asset
  artifactKey: Guid(aa409853f230f5d439df546c4de5d6b3) Importer(815301076,1909f56bfc062723c751e8b465ee728b)
Start importing Assets/Tiles/main_lev_build_627.asset using Guid(aa409853f230f5d439df546c4de5d6b3) Importer(815301076,1909f56bfc062723c751e8b465ee728b) [PhysX] Initialized MultithreadedTaskDispatcher with 12 workers.
 -> (artifact id: '9b428dd526a9ede31c1b09068490343b') in 0.026851 seconds
Number of updated asset objects reloaded before import = 0
Number of asset objects unloaded after import = 3
========================================================================
Received Import Request.
  Time since last request: 0.000046 seconds.
  path: Assets/Tiles/main_lev_build_395.asset
  artifactKey: Guid(2e243484e3bbf1342b233ff45a628bd2) Importer(815301076,1909f56bfc062723c751e8b465ee728b)
Start importing Assets/Tiles/main_lev_build_395.asset using Guid(2e243484e3bbf1342b233ff45a628bd2) Importer(815301076,1909f56bfc062723c751e8b465ee728b) [PhysX] Initialized MultithreadedTaskDispatcher with 12 workers.
 -> (artifact id: 'f3baa355a54285048722de8711831f0b') in 0.044588 seconds
Number of updated asset objects reloaded before import = 0
Number of asset objects unloaded after import = 3
========================================================================
Received Import Request.
  Time since last request: 0.000037 seconds.
  path: Assets/Tiles/main_lev_build_714.asset
  artifactKey: Guid(c8bc079b17624df4dbbab2ea13ef58b1) Importer(815301076,1909f56bfc062723c751e8b465ee728b)
Start importing Assets/Tiles/main_lev_build_714.asset using Guid(c8bc079b17624df4dbbab2ea13ef58b1) Importer(815301076,1909f56bfc062723c751e8b465ee728b) [PhysX] Initialized MultithreadedTaskDispatcher with 12 workers.
 -> (artifact id: 'a0ca2571fa2e1d05ff863ff5dd0d9de1') in 0.037692 seconds
Number of updated asset objects reloaded before import = 0
Number of asset objects unloaded after import = 3
========================================================================
Received Import Request.
  Time since last request: 0.000026 seconds.
  path: Assets/Tiles/main_lev_build_408.asset
  artifactKey: Guid(3c0b8c6cc508d1f4da69104754e069b3) Importer(815301076,1909f56bfc062723c751e8b465ee728b)
Start importing Assets/Tiles/main_lev_build_408.asset using Guid(3c0b8c6cc508d1f4da69104754e069b3) Importer(815301076,1909f56bfc062723c751e8b465ee728b) [PhysX] Initialized MultithreadedTaskDispatcher with 12 workers.
 -> (artifact id: 'de8d2c7dde1756cdfb5e91b8454026a2') in 0.037662 seconds
Number of updated asset objects reloaded before import = 0
Number of asset objects unloaded after import = 3
========================================================================
Received Import Request.
  Time since last request: 0.000038 seconds.
  path: Assets/Tiles/main_lev_build_256.asset
  artifactKey: Guid(b67f51412c1a29e48a6cc51061c6a3cc) Importer(815301076,1909f56bfc062723c751e8b465ee728b)
Start importing Assets/Tiles/main_lev_build_256.asset using Guid(b67f51412c1a29e48a6cc51061c6a3cc) Importer(815301076,1909f56bfc062723c751e8b465ee728b) [PhysX] Initialized MultithreadedTaskDispatcher with 12 workers.
 -> (artifact id: 'c5c31672a60430083a6ea8265eda11dc') in 0.039189 seconds
Number of updated asset objects reloaded before import = 0
Number of asset objects unloaded after import = 3
========================================================================
Received Import Request.
  Time since last request: 0.000022 seconds.
  path: Assets/Tiles/main_lev_build_616.asset
  artifactKey: Guid(f492c4528900a7d44b53283530f114d9) Importer(815301076,1909f56bfc062723c751e8b465ee728b)
Start importing Assets/Tiles/main_lev_build_616.asset using Guid(f492c4528900a7d44b53283530f114d9) Importer(815301076,1909f56bfc062723c751e8b465ee728b) [PhysX] Initialized MultithreadedTaskDispatcher with 12 workers.
 -> (artifact id: '143a40d32f2bc84847ec1405d803fcce') in 0.023917 seconds
Number of updated asset objects reloaded before import = 0
Number of asset objects unloaded after import = 3
========================================================================
Received Import Request.
  Time since last request: 0.000064 seconds.
  path: Assets/Tiles/main_lev_build_312.asset
  artifactKey: Guid(30a8ec2715a76e346a5011e24797c7c8) Importer(815301076,1909f56bfc062723c751e8b465ee728b)
Start importing Assets/Tiles/main_lev_build_312.asset using Guid(30a8ec2715a76e346a5011e24797c7c8) Importer(815301076,1909f56bfc062723c751e8b465ee728b) [PhysX] Initialized MultithreadedTaskDispatcher with 12 workers.
 -> (artifact id: 'b6c8795ef10ed753761d6b8f527cdfff') in 0.022914 seconds
Number of updated asset objects reloaded before import = 0
Number of asset objects unloaded after import = 3
========================================================================
Received Import Request.
  Time since last request: 0.000021 seconds.
  path: Assets/Tiles/main_lev_build_160.asset
  artifactKey: Guid(0ce7b73071e36f5499ada0a43001ef13) Importer(815301076,1909f56bfc062723c751e8b465ee728b)
Start importing Assets/Tiles/main_lev_build_160.asset using Guid(0ce7b73071e36f5499ada0a43001ef13) Importer(815301076,1909f56bfc062723c751e8b465ee728b) [PhysX] Initialized MultithreadedTaskDispatcher with 12 workers.
 -> (artifact id: '1080ce0fabf9df8c9e270a7876b362d5') in 0.026592 seconds
Number of updated asset objects reloaded before import = 0
Number of asset objects unloaded after import = 3
========================================================================
Received Import Request.
  Time since last request: 0.000029 seconds.
  path: Assets/Tiles/main_lev_build_532.asset
  artifactKey: Guid(45bb7a80a45da864ca81a7bc74c411c1) Importer(815301076,1909f56bfc062723c751e8b465ee728b)
Start importing Assets/Tiles/main_lev_build_532.asset using Guid(45bb7a80a45da864ca81a7bc74c411c1) Importer(815301076,1909f56bfc062723c751e8b465ee728b) [PhysX] Initialized MultithreadedTaskDispatcher with 12 workers.
 -> (artifact id: 'e138a062a4d4cae85e5b9f2cd316c855') in 0.025803 seconds
Number of updated asset objects reloaded before import = 0
Number of asset objects unloaded after import = 3
========================================================================
Received Import Request.
  Time since last request: 0.000024 seconds.
  path: Assets/Tiles/main_lev_build_760.asset
  artifactKey: Guid(0b2588d54b6e3df44bc779d918d336a6) Importer(815301076,1909f56bfc062723c751e8b465ee728b)
Start importing Assets/Tiles/main_lev_build_760.asset using Guid(0b2588d54b6e3df44bc779d918d336a6) Importer(815301076,1909f56bfc062723c751e8b465ee728b) [PhysX] Initialized MultithreadedTaskDispatcher with 12 workers.
 -> (artifact id: 'c3a0694559847289d3a00bcaf500cfa8') in 0.026711 seconds
Number of updated asset objects reloaded before import = 0
Number of asset objects unloaded after import = 3
========================================================================
Received Import Request.
  Time since last request: 0.000037 seconds.
  path: Assets/Tiles/main_lev_build_788.asset
  artifactKey: Guid(b4402508a61b2cf44b65e3aac4a85e57) Importer(815301076,1909f56bfc062723c751e8b465ee728b)
Start importing Assets/Tiles/main_lev_build_788.asset using Guid(b4402508a61b2cf44b65e3aac4a85e57) Importer(815301076,1909f56bfc062723c751e8b465ee728b) [PhysX] Initialized MultithreadedTaskDispatcher with 12 workers.
 -> (artifact id: '8734ea860907e421a3f14ac03ee360be') in 0.043736 seconds
Number of updated asset objects reloaded before import = 0
Number of asset objects unloaded after import = 3
========================================================================
Received Import Request.
  Time since last request: 0.000025 seconds.
  path: Assets/Tiles/main_lev_build_772.asset
  artifactKey: Guid(1ba9b466edd94494b9f605e5b3336afa) Importer(815301076,1909f56bfc062723c751e8b465ee728b)
Start importing Assets/Tiles/main_lev_build_772.asset using Guid(1ba9b466edd94494b9f605e5b3336afa) Importer(815301076,1909f56bfc062723c751e8b465ee728b) [PhysX] Initialized MultithreadedTaskDispatcher with 12 workers.
 -> (artifact id: 'a2997556cc9d89a921b5317a873e6ce5') in 0.024610 seconds
Number of updated asset objects reloaded before import = 0
Number of asset objects unloaded after import = 3
========================================================================
Received Import Request.
  Time since last request: 0.000025 seconds.
  path: Assets/Tiles/main_lev_build_751.asset
  artifactKey: Guid(f4fd9670f23b8ae4f8bc5f00c978b884) Importer(815301076,1909f56bfc062723c751e8b465ee728b)
Start importing Assets/Tiles/main_lev_build_751.asset using Guid(f4fd9670f23b8ae4f8bc5f00c978b884) Importer(815301076,1909f56bfc062723c751e8b465ee728b) [PhysX] Initialized MultithreadedTaskDispatcher with 12 workers.
 -> (artifact id: '3134520ef6d187707269185d6ceaf51b') in 0.025725 seconds
Number of updated asset objects reloaded before import = 0
Number of asset objects unloaded after import = 3
========================================================================
Received Import Request.
  Time since last request: 0.000025 seconds.
  path: Assets/Tiles/main_lev_build_832.asset
  artifactKey: Guid(a5705e9d0ecc95541a30505fc7d80a64) Importer(815301076,1909f56bfc062723c751e8b465ee728b)
Start importing Assets/Tiles/main_lev_build_832.asset using Guid(a5705e9d0ecc95541a30505fc7d80a64) Importer(815301076,1909f56bfc062723c751e8b465ee728b) [PhysX] Initialized MultithreadedTaskDispatcher with 12 workers.
 -> (artifact id: '031259668c98dbfc35acfb3d76f744ea') in 0.026600 seconds
Number of updated asset objects reloaded before import = 0
Number of asset objects unloaded after import = 3
========================================================================
Received Import Request.
  Time since last request: 0.000029 seconds.
  path: Assets/Tiles/main_lev_build_829.asset
  artifactKey: Guid(3ee8a66615a0cda4c9646e1318f3218a) Importer(815301076,1909f56bfc062723c751e8b465ee728b)
Start importing Assets/Tiles/main_lev_build_829.asset using Guid(3ee8a66615a0cda4c9646e1318f3218a) Importer(815301076,1909f56bfc062723c751e8b465ee728b) [PhysX] Initialized MultithreadedTaskDispatcher with 12 workers.
 -> (artifact id: '4ede56116787e7380226144c86f33313') in 0.028627 seconds
Number of updated asset objects reloaded before import = 0
Number of asset objects unloaded after import = 3
========================================================================
Received Import Request.
  Time since last request: 0.000022 seconds.
  path: Assets/Tiles/main_lev_build_800.asset
  artifactKey: Guid(8fb2a31e678a2bd4795bde693276f6d7) Importer(815301076,1909f56bfc062723c751e8b465ee728b)
Start importing Assets/Tiles/main_lev_build_800.asset using Guid(8fb2a31e678a2bd4795bde693276f6d7) Importer(815301076,1909f56bfc062723c751e8b465ee728b) [PhysX] Initialized MultithreadedTaskDispatcher with 12 workers.
 -> (artifact id: 'e159ba9bf7020d45849ac21a814dbaab') in 0.035743 seconds
Number of updated asset objects reloaded before import = 0
Number of asset objects unloaded after import = 3
========================================================================
Received Import Request.
  Time since last request: 0.000022 seconds.
  path: Assets/Tiles/main_lev_build_756.asset
  artifactKey: Guid(a7745edf1f37d1c4ca7c02ad6e5fd2b3) Importer(815301076,1909f56bfc062723c751e8b465ee728b)
Start importing Assets/Tiles/main_lev_build_756.asset using Guid(a7745edf1f37d1c4ca7c02ad6e5fd2b3) Importer(815301076,1909f56bfc062723c751e8b465ee728b) [PhysX] Initialized MultithreadedTaskDispatcher with 12 workers.
 -> (artifact id: '3a70700b02575f1d1a30da5aef356a80') in 0.037256 seconds
Number of updated asset objects reloaded before import = 0
Number of asset objects unloaded after import = 3
========================================================================
Received Import Request.
  Time since last request: 0.000027 seconds.
  path: Assets/Tiles/main_lev_build_773.asset
  artifactKey: Guid(9d5e394d540c13b489588335b43c53fe) Importer(815301076,1909f56bfc062723c751e8b465ee728b)
Start importing Assets/Tiles/main_lev_build_773.asset using Guid(9d5e394d540c13b489588335b43c53fe) Importer(815301076,1909f56bfc062723c751e8b465ee728b) [PhysX] Initialized MultithreadedTaskDispatcher with 12 workers.
 -> (artifact id: 'f4a0992c87d78640465613e8c786e01d') in 0.138512 seconds
Number of updated asset objects reloaded before import = 0
Number of asset objects unloaded after import = 3
========================================================================
Received Import Request.
  Time since last request: 0.000033 seconds.
  path: Assets/Tiles/main_lev_build_814.asset
  artifactKey: Guid(8e579eef1d875014e87dc434bbc33f33) Importer(815301076,1909f56bfc062723c751e8b465ee728b)
Start importing Assets/Tiles/main_lev_build_814.asset using Guid(8e579eef1d875014e87dc434bbc33f33) Importer(815301076,1909f56bfc062723c751e8b465ee728b) [PhysX] Initialized MultithreadedTaskDispatcher with 12 workers.
 -> (artifact id: '421eeb3655af3d1172b0a520284a51aa') in 0.120442 seconds
Number of updated asset objects reloaded before import = 0
Number of asset objects unloaded after import = 3
========================================================================
Received Import Request.
  Time since last request: 0.000028 seconds.
  path: Assets/Tiles/main_lev_build_809.asset
  artifactKey: Guid(b0a729b02e26d9f41a84233857052715) Importer(815301076,1909f56bfc062723c751e8b465ee728b)
Start importing Assets/Tiles/main_lev_build_809.asset using Guid(b0a729b02e26d9f41a84233857052715) Importer(815301076,1909f56bfc062723c751e8b465ee728b) [PhysX] Initialized MultithreadedTaskDispatcher with 12 workers.
 -> (artifact id: 'd5e4740d18cba8513163a0935c55f786') in 0.032858 seconds
Number of updated asset objects reloaded before import = 0
Number of asset objects unloaded after import = 3
========================================================================
Received Import Request.
  Time since last request: 0.000021 seconds.
  path: Assets/Tiles/main_lev_build_659.asset
  artifactKey: Guid(8bf81d74b2d9570489800651ce2cef71) Importer(815301076,1909f56bfc062723c751e8b465ee728b)
Start importing Assets/Tiles/main_lev_build_659.asset using Guid(8bf81d74b2d9570489800651ce2cef71) Importer(815301076,1909f56bfc062723c751e8b465ee728b) [PhysX] Initialized MultithreadedTaskDispatcher with 12 workers.
 -> (artifact id: 'bb45e766040747dba0bee62008d1b5dd') in 0.046114 seconds
Number of updated asset objects reloaded before import = 0
Number of asset objects unloaded after import = 3
========================================================================
Received Import Request.
  Time since last request: 0.000029 seconds.
  path: Assets/Tiles/main_lev_build_423.asset
  artifactKey: Guid(3b7709f3f7aa43a4bbec3d9edc68ff2e) Importer(815301076,1909f56bfc062723c751e8b465ee728b)
Start importing Assets/Tiles/main_lev_build_423.asset using Guid(3b7709f3f7aa43a4bbec3d9edc68ff2e) Importer(815301076,1909f56bfc062723c751e8b465ee728b) [PhysX] Initialized MultithreadedTaskDispatcher with 12 workers.
 -> (artifact id: '0c046e1db5a9bdf12b1a4ae218e883cf') in 0.025999 seconds
Number of updated asset objects reloaded before import = 0
Number of asset objects unloaded after import = 3
========================================================================
Received Import Request.
  Time since last request: 0.000025 seconds.
  path: Assets/Tiles/main_lev_build_841.asset
  artifactKey: Guid(8c6ee2ca495696245a30d96ec0791de7) Importer(815301076,1909f56bfc062723c751e8b465ee728b)
Start importing Assets/Tiles/main_lev_build_841.asset using Guid(8c6ee2ca495696245a30d96ec0791de7) Importer(815301076,1909f56bfc062723c751e8b465ee728b) [PhysX] Initialized MultithreadedTaskDispatcher with 12 workers.
 -> (artifact id: '0dab2a19fe794fbe587bc7d96e692e51') in 0.026146 seconds
Number of updated asset objects reloaded before import = 0
Number of asset objects unloaded after import = 3
========================================================================
Received Import Request.
  Time since last request: 0.000036 seconds.
  path: Assets/Tiles/main_lev_build_861.asset
  artifactKey: Guid(df5c0a24b6e704d488d08acd3f11113b) Importer(815301076,1909f56bfc062723c751e8b465ee728b)
Start importing Assets/Tiles/main_lev_build_861.asset using Guid(df5c0a24b6e704d488d08acd3f11113b) Importer(815301076,1909f56bfc062723c751e8b465ee728b) [PhysX] Initialized MultithreadedTaskDispatcher with 12 workers.
 -> (artifact id: '0add89eb3207bb4e2b8c338a4781d1a7') in 0.026835 seconds
Number of updated asset objects reloaded before import = 0
Number of asset objects unloaded after import = 3
========================================================================
Received Import Request.
  Time since last request: 0.000031 seconds.
  path: Assets/Tiles/main_lev_build_866.asset
  artifactKey: Guid(7641ecb8ca08be847a202003b366c761) Importer(815301076,1909f56bfc062723c751e8b465ee728b)
Start importing Assets/Tiles/main_lev_build_866.asset using Guid(7641ecb8ca08be847a202003b366c761) Importer(815301076,1909f56bfc062723c751e8b465ee728b) [PhysX] Initialized MultithreadedTaskDispatcher with 12 workers.
 -> (artifact id: '56746c26f10b9db0bcce8dd2703bee29') in 0.036041 seconds
Number of updated asset objects reloaded before import = 0
Number of asset objects unloaded after import = 3
========================================================================
Received Import Request.
  Time since last request: 0.000029 seconds.
  path: Assets/Tiles/main_lev_build_879.asset
  artifactKey: Guid(1e7ff0884d21a6a43bb9a45879d84418) Importer(815301076,1909f56bfc062723c751e8b465ee728b)
Start importing Assets/Tiles/main_lev_build_879.asset using Guid(1e7ff0884d21a6a43bb9a45879d84418) Importer(815301076,1909f56bfc062723c751e8b465ee728b) [PhysX] Initialized MultithreadedTaskDispatcher with 12 workers.
 -> (artifact id: '40d9124c85dc6fc5539870f07137160f') in 0.038648 seconds
Number of updated asset objects reloaded before import = 0
Number of asset objects unloaded after import = 3
========================================================================
Received Import Request.
  Time since last request: 0.000025 seconds.
  path: Assets/Tiles/main_lev_build_897.asset
  artifactKey: Guid(1b4c3d67ad1882f4ca0c42e801b0c127) Importer(815301076,1909f56bfc062723c751e8b465ee728b)
Start importing Assets/Tiles/main_lev_build_897.asset using Guid(1b4c3d67ad1882f4ca0c42e801b0c127) Importer(815301076,1909f56bfc062723c751e8b465ee728b) [PhysX] Initialized MultithreadedTaskDispatcher with 12 workers.
 -> (artifact id: 'c8d871474ddcf9b9775d43a77535ca42') in 0.025804 seconds
Number of updated asset objects reloaded before import = 0
Number of asset objects unloaded after import = 3
========================================================================
Received Import Request.
  Time since last request: 0.000029 seconds.
  path: Assets/Tiles/main_lev_build_890.asset
  artifactKey: Guid(e6f403b12855a454f9c3e737514b7c43) Importer(815301076,1909f56bfc062723c751e8b465ee728b)
Start importing Assets/Tiles/main_lev_build_890.asset using Guid(e6f403b12855a454f9c3e737514b7c43) Importer(815301076,1909f56bfc062723c751e8b465ee728b) [PhysX] Initialized MultithreadedTaskDispatcher with 12 workers.
 -> (artifact id: '65f655e176f9328ddf4eedfa4e7de845') in 0.029972 seconds
Number of updated asset objects reloaded before import = 0
Number of asset objects unloaded after import = 3
========================================================================
Received Import Request.
  Time since last request: 0.000026 seconds.
  path: Assets/Tiles/main_lev_build_941.asset
  artifactKey: Guid(c0a14526d6764274caa48abbb0df7cc4) Importer(815301076,1909f56bfc062723c751e8b465ee728b)
Start importing Assets/Tiles/main_lev_build_941.asset using Guid(c0a14526d6764274caa48abbb0df7cc4) Importer(815301076,1909f56bfc062723c751e8b465ee728b) [PhysX] Initialized MultithreadedTaskDispatcher with 12 workers.
 -> (artifact id: 'adbbafcfc00672c2e2703adffcefa687') in 0.034874 seconds
Number of updated asset objects reloaded before import = 0
Number of asset objects unloaded after import = 3
========================================================================
Received Import Request.
  Time since last request: 0.000030 seconds.
  path: Assets/Tiles/main_lev_build_956.asset
  artifactKey: Guid(dd01e6b1299e6c04c87a21d9348e95b1) Importer(815301076,1909f56bfc062723c751e8b465ee728b)
Start importing Assets/Tiles/main_lev_build_956.asset using Guid(dd01e6b1299e6c04c87a21d9348e95b1) Importer(815301076,1909f56bfc062723c751e8b465ee728b) [PhysX] Initialized MultithreadedTaskDispatcher with 12 workers.
 -> (artifact id: '588ed6591c56b79ea6deac4cc16fd1ee') in 0.027871 seconds
Number of updated asset objects reloaded before import = 0
Number of asset objects unloaded after import = 3
========================================================================
Received Import Request.
  Time since last request: 0.000030 seconds.
  path: Assets/Tiles/main_lev_build_871.asset
  artifactKey: Guid(d854d8491ffc63a419138722bde8811a) Importer(815301076,1909f56bfc062723c751e8b465ee728b)
Start importing Assets/Tiles/main_lev_build_871.asset using Guid(d854d8491ffc63a419138722bde8811a) Importer(815301076,1909f56bfc062723c751e8b465ee728b) [PhysX] Initialized MultithreadedTaskDispatcher with 12 workers.
 -> (artifact id: '68fac809015dadcda1a43b5f1b9759a3') in 0.030457 seconds
Number of updated asset objects reloaded before import = 0
Number of asset objects unloaded after import = 3
========================================================================
Received Import Request.
  Time since last request: 0.000051 seconds.
  path: Assets/Tiles/main_lev_build_962.asset
  artifactKey: Guid(b70db1b5d618e0343b139245292113c1) Importer(815301076,1909f56bfc062723c751e8b465ee728b)
Start importing Assets/Tiles/main_lev_build_962.asset using Guid(b70db1b5d618e0343b139245292113c1) Importer(815301076,1909f56bfc062723c751e8b465ee728b) [PhysX] Initialized MultithreadedTaskDispatcher with 12 workers.
 -> (artifact id: 'bb49a6e39a5e5a20b86c6ec5002bbd0d') in 0.030704 seconds
Number of updated asset objects reloaded before import = 0
Number of asset objects unloaded after import = 3
========================================================================
Received Import Request.
  Time since last request: 0.000018 seconds.
  path: Assets/Tiles/main_lev_build_934.asset
  artifactKey: Guid(9bc600b82fdcea8459086b130cbddeb6) Importer(815301076,1909f56bfc062723c751e8b465ee728b)
Start importing Assets/Tiles/main_lev_build_934.asset using Guid(9bc600b82fdcea8459086b130cbddeb6) Importer(815301076,1909f56bfc062723c751e8b465ee728b) [PhysX] Initialized MultithreadedTaskDispatcher with 12 workers.
 -> (artifact id: '64c56318164a0a84bf88395d7ea3c415') in 0.035585 seconds
Number of updated asset objects reloaded before import = 0
Number of asset objects unloaded after import = 3
========================================================================
Received Import Request.
  Time since last request: 0.000026 seconds.
  path: Assets/Tiles/main_lev_build_901.asset
  artifactKey: Guid(f80f5dfd97a2486459f4544bd84989ea) Importer(815301076,1909f56bfc062723c751e8b465ee728b)
Start importing Assets/Tiles/main_lev_build_901.asset using Guid(f80f5dfd97a2486459f4544bd84989ea) Importer(815301076,1909f56bfc062723c751e8b465ee728b) [PhysX] Initialized MultithreadedTaskDispatcher with 12 workers.
 -> (artifact id: '0cd8c1ffaf83d22cc1d5cb71b612a600') in 0.033756 seconds
Number of updated asset objects reloaded before import = 0
Number of asset objects unloaded after import = 3
========================================================================
Received Import Request.
  Time since last request: 0.000028 seconds.
  path: Assets/Tiles/main_lev_build_869.asset
  artifactKey: Guid(dfebd6114140ec048ad16584ab21b4ea) Importer(815301076,1909f56bfc062723c751e8b465ee728b)
Start importing Assets/Tiles/main_lev_build_869.asset using Guid(dfebd6114140ec048ad16584ab21b4ea) Importer(815301076,1909f56bfc062723c751e8b465ee728b) [PhysX] Initialized MultithreadedTaskDispatcher with 12 workers.
 -> (artifact id: '49300bf768b655ced6e4825a64709e72') in 0.037286 seconds
Number of updated asset objects reloaded before import = 0
Number of asset objects unloaded after import = 3
========================================================================
Received Import Request.
  Time since last request: 0.000033 seconds.
  path: Assets/Tiles/main_lev_build_764.asset
  artifactKey: Guid(b0662801a7ec75242a34befcba5fc21e) Importer(815301076,1909f56bfc062723c751e8b465ee728b)
Start importing Assets/Tiles/main_lev_build_764.asset using Guid(b0662801a7ec75242a34befcba5fc21e) Importer(815301076,1909f56bfc062723c751e8b465ee728b) [PhysX] Initialized MultithreadedTaskDispatcher with 12 workers.
 -> (artifact id: '79ac06055ef723cf5334edc9cc9c66b2') in 0.034431 seconds
Number of updated asset objects reloaded before import = 0
Number of asset objects unloaded after import = 3
========================================================================
Received Import Request.
  Time since last request: 0.000031 seconds.
  path: Assets/Tiles/main_lev_build_299.asset
  artifactKey: Guid(60afcbce4d103974993eaff326fd8094) Importer(815301076,1909f56bfc062723c751e8b465ee728b)
Start importing Assets/Tiles/main_lev_build_299.asset using Guid(60afcbce4d103974993eaff326fd8094) Importer(815301076,1909f56bfc062723c751e8b465ee728b) [PhysX] Initialized MultithreadedTaskDispatcher with 12 workers.
 -> (artifact id: '33b9314469c6f8e18e48cb893d67329b') in 0.032436 seconds
Number of updated asset objects reloaded before import = 0
Number of asset objects unloaded after import = 3
========================================================================
Received Import Request.
  Time since last request: 0.000033 seconds.
  path: Assets/Tiles/main_lev_build_426.asset
  artifactKey: Guid(54b5d0c7dd7292e4fa9c88ee28e13b3f) Importer(815301076,1909f56bfc062723c751e8b465ee728b)
Start importing Assets/Tiles/main_lev_build_426.asset using Guid(54b5d0c7dd7292e4fa9c88ee28e13b3f) Importer(815301076,1909f56bfc062723c751e8b465ee728b) [PhysX] Initialized MultithreadedTaskDispatcher with 12 workers.
 -> (artifact id: 'ef9145617af5964f6d14a4c79c109885') in 0.024887 seconds
Number of updated asset objects reloaded before import = 0
Number of asset objects unloaded after import = 3
========================================================================
Received Import Request.
  Time since last request: 0.000041 seconds.
  path: Assets/Tiles/main_lev_build_990.asset
  artifactKey: Guid(ebec04bb7ac372c40b4833fe308d34c0) Importer(815301076,1909f56bfc062723c751e8b465ee728b)
Start importing Assets/Tiles/main_lev_build_990.asset using Guid(ebec04bb7ac372c40b4833fe308d34c0) Importer(815301076,1909f56bfc062723c751e8b465ee728b) [PhysX] Initialized MultithreadedTaskDispatcher with 12 workers.
 -> (artifact id: '3cabcbfbda10a283ec2d7d3ac9738e71') in 0.033087 seconds
Number of updated asset objects reloaded before import = 0
Number of asset objects unloaded after import = 3
========================================================================
Received Import Request.
  Time since last request: 0.000023 seconds.
  path: Assets/Tiles/main_lev_build_598.asset
  artifactKey: Guid(cf74222108ee8c9479445e42ecfe29d9) Importer(815301076,1909f56bfc062723c751e8b465ee728b)
Start importing Assets/Tiles/main_lev_build_598.asset using Guid(cf74222108ee8c9479445e42ecfe29d9) Importer(815301076,1909f56bfc062723c751e8b465ee728b) [PhysX] Initialized MultithreadedTaskDispatcher with 12 workers.
 -> (artifact id: 'da793bd27296a6183d89d1940bb11e5f') in 0.026591 seconds
Number of updated asset objects reloaded before import = 0
Number of asset objects unloaded after import = 3
========================================================================
Received Import Request.
  Time since last request: 0.000033 seconds.
  path: Assets/Tiles/main_lev_build_1020.asset
  artifactKey: Guid(fcd81cfef5a098a4fba67e9f5e8ae6f2) Importer(815301076,1909f56bfc062723c751e8b465ee728b)
Start importing Assets/Tiles/main_lev_build_1020.asset using Guid(fcd81cfef5a098a4fba67e9f5e8ae6f2) Importer(815301076,1909f56bfc062723c751e8b465ee728b) [PhysX] Initialized MultithreadedTaskDispatcher with 12 workers.
 -> (artifact id: 'c24c9a27febb0f54eac8d8527e39c92a') in 0.031204 seconds
Number of updated asset objects reloaded before import = 0
Number of asset objects unloaded after import = 3
========================================================================
Received Import Request.
  Time since last request: 0.000027 seconds.
  path: Assets/Tiles/main_lev_build_1046.asset
  artifactKey: Guid(0e5f2b35ce927884e85960ca0d80c146) Importer(815301076,1909f56bfc062723c751e8b465ee728b)
Start importing Assets/Tiles/main_lev_build_1046.asset using Guid(0e5f2b35ce927884e85960ca0d80c146) Importer(815301076,1909f56bfc062723c751e8b465ee728b) [PhysX] Initialized MultithreadedTaskDispatcher with 12 workers.
 -> (artifact id: '59700feb50397b7c72e9f37d064d8719') in 0.028271 seconds
Number of updated asset objects reloaded before import = 0
Number of asset objects unloaded after import = 3
========================================================================
Received Import Request.
  Time since last request: 0.000029 seconds.
  path: Assets/Tiles/main_lev_build_1052.asset
  artifactKey: Guid(ea09eaaa243169d4f90bcbbd2ec584a6) Importer(815301076,1909f56bfc062723c751e8b465ee728b)
Start importing Assets/Tiles/main_lev_build_1052.asset using Guid(ea09eaaa243169d4f90bcbbd2ec584a6) Importer(815301076,1909f56bfc062723c751e8b465ee728b) [PhysX] Initialized MultithreadedTaskDispatcher with 12 workers.
 -> (artifact id: 'c9967d18bd1716916ef0580112f9c570') in 0.034217 seconds
Number of updated asset objects reloaded before import = 0
Number of asset objects unloaded after import = 3
========================================================================
Received Import Request.
  Time since last request: 0.000026 seconds.
  path: Assets/Tiles/main_lev_build_1050.asset
  artifactKey: Guid(1769f49359379074cbfdbe513a3b8c3f) Importer(815301076,1909f56bfc062723c751e8b465ee728b)
Start importing Assets/Tiles/main_lev_build_1050.asset using Guid(1769f49359379074cbfdbe513a3b8c3f) Importer(815301076,1909f56bfc062723c751e8b465ee728b) [PhysX] Initialized MultithreadedTaskDispatcher with 12 workers.
 -> (artifact id: 'f67317b4971d63cd70fb73820117dd76') in 0.036844 seconds
Number of updated asset objects reloaded before import = 0
Number of asset objects unloaded after import = 3
========================================================================
Received Import Request.
  Time since last request: 0.000165 seconds.
  path: Assets/Tiles/main_lev_build_693.asset
  artifactKey: Guid(e00de63740e4bcb448ea486619719f1b) Importer(815301076,1909f56bfc062723c751e8b465ee728b)
Start importing Assets/Tiles/main_lev_build_693.asset using Guid(e00de63740e4bcb448ea486619719f1b) Importer(815301076,1909f56bfc062723c751e8b465ee728b) [PhysX] Initialized MultithreadedTaskDispatcher with 12 workers.
 -> (artifact id: 'a6a25de7a54c81a59e65cb63c04ba64b') in 0.037997 seconds
Number of updated asset objects reloaded before import = 0
Number of asset objects unloaded after import = 3
========================================================================
Received Import Request.
  Time since last request: 0.000029 seconds.
  path: Assets/Tiles/main_lev_build_1119.asset
  artifactKey: Guid(e8616478197d8054f8936488c111ae02) Importer(815301076,1909f56bfc062723c751e8b465ee728b)
Start importing Assets/Tiles/main_lev_build_1119.asset using Guid(e8616478197d8054f8936488c111ae02) Importer(815301076,1909f56bfc062723c751e8b465ee728b) [PhysX] Initialized MultithreadedTaskDispatcher with 12 workers.
 -> (artifact id: 'faeb539128a91322147abd5079c7670b') in 0.026490 seconds
Number of updated asset objects reloaded before import = 0
Number of asset objects unloaded after import = 3
========================================================================
Received Import Request.
  Time since last request: 0.000035 seconds.
  path: Assets/Tiles/main_lev_build_1112.asset
  artifactKey: Guid(738956f32ad47b747bea0bece9c2f904) Importer(815301076,1909f56bfc062723c751e8b465ee728b)
Start importing Assets/Tiles/main_lev_build_1112.asset using Guid(738956f32ad47b747bea0bece9c2f904) Importer(815301076,1909f56bfc062723c751e8b465ee728b) [PhysX] Initialized MultithreadedTaskDispatcher with 12 workers.
 -> (artifact id: 'a47bde01b59c92e294cd286005eb7566') in 0.026458 seconds
Number of updated asset objects reloaded before import = 0
Number of asset objects unloaded after import = 3
========================================================================
Received Import Request.
  Time since last request: 0.000025 seconds.
  path: Assets/Tiles/main_lev_build_381.asset
  artifactKey: Guid(fc3e939828f41fd42a6fb0ae38273e95) Importer(815301076,1909f56bfc062723c751e8b465ee728b)
Start importing Assets/Tiles/main_lev_build_381.asset using Guid(fc3e939828f41fd42a6fb0ae38273e95) Importer(815301076,1909f56bfc062723c751e8b465ee728b) [PhysX] Initialized MultithreadedTaskDispatcher with 12 workers.
 -> (artifact id: '3ca4162999571d5b0236000fb62b7fbe') in 0.029490 seconds
Number of updated asset objects reloaded before import = 0
Number of asset objects unloaded after import = 3
========================================================================
Received Import Request.
  Time since last request: 0.000024 seconds.
  path: Assets/Tiles/main_lev_build_211.asset
  artifactKey: Guid(400599e69709b30428695a584b05049d) Importer(815301076,1909f56bfc062723c751e8b465ee728b)
Start importing Assets/Tiles/main_lev_build_211.asset using Guid(400599e69709b30428695a584b05049d) Importer(815301076,1909f56bfc062723c751e8b465ee728b) [PhysX] Initialized MultithreadedTaskDispatcher with 12 workers.
 -> (artifact id: '6769d32782a96996f9139e0d91fd3490') in 0.035003 seconds
Number of updated asset objects reloaded before import = 0
Number of asset objects unloaded after import = 3
========================================================================
Received Import Request.
  Time since last request: 0.000028 seconds.
  path: Assets/Tiles/main_lev_build_715.asset
  artifactKey: Guid(b8bb52b822d844b45955534974386b91) Importer(815301076,1909f56bfc062723c751e8b465ee728b)
Start importing Assets/Tiles/main_lev_build_715.asset using Guid(b8bb52b822d844b45955534974386b91) Importer(815301076,1909f56bfc062723c751e8b465ee728b) [PhysX] Initialized MultithreadedTaskDispatcher with 12 workers.
 -> (artifact id: 'd2a0c41133aae4b59bb63d01a772511a') in 0.061363 seconds
Number of updated asset objects reloaded before import = 0
Number of asset objects unloaded after import = 3
========================================================================
Received Import Request.
  Time since last request: 0.000091 seconds.
  path: Assets/Tiles/main_lev_build_287.asset
  artifactKey: Guid(065be5fb1aa9b81459e1ccd3f06e811b) Importer(815301076,1909f56bfc062723c751e8b465ee728b)
Start importing Assets/Tiles/main_lev_build_287.asset using Guid(065be5fb1aa9b81459e1ccd3f06e811b) Importer(815301076,1909f56bfc062723c751e8b465ee728b) [PhysX] Initialized MultithreadedTaskDispatcher with 12 workers.
 -> (artifact id: '0d6b92cf45d4f7e71100b4decd000817') in 0.127842 seconds
Number of updated asset objects reloaded before import = 0
Number of asset objects unloaded after import = 3
========================================================================
Received Import Request.
  Time since last request: 0.000026 seconds.
  path: Assets/Tiles/main_lev_build_856.asset
  artifactKey: Guid(60e95150811945540a39a2b9fc36520c) Importer(815301076,1909f56bfc062723c751e8b465ee728b)
Start importing Assets/Tiles/main_lev_build_856.asset using Guid(60e95150811945540a39a2b9fc36520c) Importer(815301076,1909f56bfc062723c751e8b465ee728b) [PhysX] Initialized MultithreadedTaskDispatcher with 12 workers.
 -> (artifact id: 'd49f7e9604951941bfa71d1bc1908921') in 0.108757 seconds
Number of updated asset objects reloaded before import = 0
Number of asset objects unloaded after import = 3
========================================================================
Received Import Request.
  Time since last request: 0.000037 seconds.
  path: Assets/Tiles/main_lev_build_1141.asset
  artifactKey: Guid(cc31bf64913376544a22c7552e42a3d9) Importer(815301076,1909f56bfc062723c751e8b465ee728b)
Start importing Assets/Tiles/main_lev_build_1141.asset using Guid(cc31bf64913376544a22c7552e42a3d9) Importer(815301076,1909f56bfc062723c751e8b465ee728b) [PhysX] Initialized MultithreadedTaskDispatcher with 12 workers.
 -> (artifact id: '607481f1a0ee5b2d33fe623d92f06264') in 0.033898 seconds
Number of updated asset objects reloaded before import = 0
Number of asset objects unloaded after import = 3
========================================================================
Received Import Request.
  Time since last request: 0.000024 seconds.
  path: Assets/Tiles/main_lev_build_1259.asset
  artifactKey: Guid(fb05873907b601a4a819ebd465663dda) Importer(815301076,1909f56bfc062723c751e8b465ee728b)
Start importing Assets/Tiles/main_lev_build_1259.asset using Guid(fb05873907b601a4a819ebd465663dda) Importer(815301076,1909f56bfc062723c751e8b465ee728b) [PhysX] Initialized MultithreadedTaskDispatcher with 12 workers.
 -> (artifact id: '3fb3f176cf46c5be35394142fde6ce96') in 0.033785 seconds
Number of updated asset objects reloaded before import = 0
Number of asset objects unloaded after import = 3
========================================================================
Received Import Request.
  Time since last request: 0.000018 seconds.
  path: Assets/Tiles/main_lev_build_1286.asset
  artifactKey: Guid(6dc1c3ce3ca73654f83874b7bf02d31d) Importer(815301076,1909f56bfc062723c751e8b465ee728b)
Start importing Assets/Tiles/main_lev_build_1286.asset using Guid(6dc1c3ce3ca73654f83874b7bf02d31d) Importer(815301076,1909f56bfc062723c751e8b465ee728b) [PhysX] Initialized MultithreadedTaskDispatcher with 12 workers.
 -> (artifact id: '8feb1e8f8008bc435319c5ae36628ae3') in 0.045865 seconds
Number of updated asset objects reloaded before import = 0
Number of asset objects unloaded after import = 3
========================================================================
Received Import Request.
  Time since last request: 0.000041 seconds.
  path: Assets/Tiles/main_lev_build_1268.asset
  artifactKey: Guid(c99062c8c61f5fb46b99a978ab7783c6) Importer(815301076,1909f56bfc062723c751e8b465ee728b)
Start importing Assets/Tiles/main_lev_build_1268.asset using Guid(c99062c8c61f5fb46b99a978ab7783c6) Importer(815301076,1909f56bfc062723c751e8b465ee728b) [PhysX] Initialized MultithreadedTaskDispatcher with 12 workers.
 -> (artifact id: '9b4a7b61f23f9fc870f33fb1d2139cc7') in 0.058462 seconds
Number of updated asset objects reloaded before import = 0
Number of asset objects unloaded after import = 3
========================================================================
Received Import Request.
  Time since last request: 0.000027 seconds.
  path: Assets/Tiles/main_lev_build_1315.asset
  artifactKey: Guid(22e42539f9a52ba499ce52f1825e1104) Importer(815301076,1909f56bfc062723c751e8b465ee728b)
Start importing Assets/Tiles/main_lev_build_1315.asset using Guid(22e42539f9a52ba499ce52f1825e1104) Importer(815301076,1909f56bfc062723c751e8b465ee728b) [PhysX] Initialized MultithreadedTaskDispatcher with 12 workers.
 -> (artifact id: '9e419ca18083be35cc30964dcfa2d008') in 0.029707 seconds
Number of updated asset objects reloaded before import = 0
Number of asset objects unloaded after import = 3
========================================================================
Received Import Request.
  Time since last request: 0.000025 seconds.
  path: Assets/Tiles/main_lev_build_1309.asset
  artifactKey: Guid(decfd3122e1e47c42925d71a5e746c02) Importer(815301076,1909f56bfc062723c751e8b465ee728b)
Start importing Assets/Tiles/main_lev_build_1309.asset using Guid(decfd3122e1e47c42925d71a5e746c02) Importer(815301076,1909f56bfc062723c751e8b465ee728b) [PhysX] Initialized MultithreadedTaskDispatcher with 12 workers.
 -> (artifact id: '504702de451624f698a519b00a15d176') in 0.023713 seconds
Number of updated asset objects reloaded before import = 0
Number of asset objects unloaded after import = 3
========================================================================
Received Import Request.
  Time since last request: 0.000044 seconds.
  path: Assets/Tiles/main_lev_build_141.asset
  artifactKey: Guid(57cc44a811c1b2b4eb55632210f62fb7) Importer(815301076,1909f56bfc062723c751e8b465ee728b)
Start importing Assets/Tiles/main_lev_build_141.asset using Guid(57cc44a811c1b2b4eb55632210f62fb7) Importer(815301076,1909f56bfc062723c751e8b465ee728b) [PhysX] Initialized MultithreadedTaskDispatcher with 12 workers.
 -> (artifact id: 'd8971c551cc0e4df7a453fa18c7b4bef') in 0.026940 seconds
Number of updated asset objects reloaded before import = 0
Number of asset objects unloaded after import = 3
========================================================================
Received Import Request.
  Time since last request: 0.000025 seconds.
  path: Assets/Tiles/main_lev_build_274.asset
  artifactKey: Guid(0d0b8f551760d0441997c7460830ab6a) Importer(815301076,1909f56bfc062723c751e8b465ee728b)
Start importing Assets/Tiles/main_lev_build_274.asset using Guid(0d0b8f551760d0441997c7460830ab6a) Importer(815301076,1909f56bfc062723c751e8b465ee728b) [PhysX] Initialized MultithreadedTaskDispatcher with 12 workers.
 -> (artifact id: 'd56d545bd64f9ea04869b2294f2b0a83') in 0.025628 seconds
Number of updated asset objects reloaded before import = 0
Number of asset objects unloaded after import = 3
========================================================================
Received Import Request.
  Time since last request: 0.000027 seconds.
  path: Assets/Tiles/main_lev_build_1354.asset
  artifactKey: Guid(cc2c10dd4150ea443a6c2a5ad66ff41a) Importer(815301076,1909f56bfc062723c751e8b465ee728b)
Start importing Assets/Tiles/main_lev_build_1354.asset using Guid(cc2c10dd4150ea443a6c2a5ad66ff41a) Importer(815301076,1909f56bfc062723c751e8b465ee728b) [PhysX] Initialized MultithreadedTaskDispatcher with 12 workers.
 -> (artifact id: '6b5cd53721265a6bc0fa2d49658699e2') in 0.028740 seconds
Number of updated asset objects reloaded before import = 0
Number of asset objects unloaded after import = 3
========================================================================
Received Import Request.
  Time since last request: 0.000029 seconds.
  path: Assets/Tiles/main_lev_build_797.asset
  artifactKey: Guid(2a3c3de753689b0478e5e586a0a85005) Importer(815301076,1909f56bfc062723c751e8b465ee728b)
Start importing Assets/Tiles/main_lev_build_797.asset using Guid(2a3c3de753689b0478e5e586a0a85005) Importer(815301076,1909f56bfc062723c751e8b465ee728b) [PhysX] Initialized MultithreadedTaskDispatcher with 12 workers.
 -> (artifact id: '437264cc60a07e1e85a1167002455c0c') in 0.028928 seconds
Number of updated asset objects reloaded before import = 0
Number of asset objects unloaded after import = 3
========================================================================
Received Import Request.
  Time since last request: 0.000024 seconds.
  path: Assets/Tiles/main_lev_build_1498.asset
  artifactKey: Guid(68e5c115943158445adf0206ff37a048) Importer(815301076,1909f56bfc062723c751e8b465ee728b)
Start importing Assets/Tiles/main_lev_build_1498.asset using Guid(68e5c115943158445adf0206ff37a048) Importer(815301076,1909f56bfc062723c751e8b465ee728b) [PhysX] Initialized MultithreadedTaskDispatcher with 12 workers.
 -> (artifact id: 'f321181e55df6b0106d72b75e6c414db') in 0.024958 seconds
Number of updated asset objects reloaded before import = 0
Number of asset objects unloaded after import = 3
========================================================================
Received Import Request.
  Time since last request: 0.000023 seconds.
  path: Assets/Tiles/main_lev_build_1502.asset
  artifactKey: Guid(4a8347cfdd7e99d4491cc7f666c26d40) Importer(815301076,1909f56bfc062723c751e8b465ee728b)
Start importing Assets/Tiles/main_lev_build_1502.asset using Guid(4a8347cfdd7e99d4491cc7f666c26d40) Importer(815301076,1909f56bfc062723c751e8b465ee728b) [PhysX] Initialized MultithreadedTaskDispatcher with 12 workers.
 -> (artifact id: '09c1e0195f08e74ddb22acbea20f07da') in 0.026176 seconds
Number of updated asset objects reloaded before import = 0
Number of asset objects unloaded after import = 3
========================================================================
Received Import Request.
  Time since last request: 0.000036 seconds.
  path: Assets/Tiles/main_lev_build_1541.asset
  artifactKey: Guid(6c1df558da7e4b94daa5d3036572d68a) Importer(815301076,1909f56bfc062723c751e8b465ee728b)
Start importing Assets/Tiles/main_lev_build_1541.asset using Guid(6c1df558da7e4b94daa5d3036572d68a) Importer(815301076,1909f56bfc062723c751e8b465ee728b) [PhysX] Initialized MultithreadedTaskDispatcher with 12 workers.
 -> (artifact id: '082bc0397aaa6e5914d54f913434dec1') in 0.027008 seconds
Number of updated asset objects reloaded before import = 0
Number of asset objects unloaded after import = 3
========================================================================
Received Import Request.
  Time since last request: 0.000024 seconds.
  path: Assets/Tiles/main_lev_build_1519.asset
  artifactKey: Guid(63b4a7bcb792c9d4c92d50f0d6816927) Importer(815301076,1909f56bfc062723c751e8b465ee728b)
Start importing Assets/Tiles/main_lev_build_1519.asset using Guid(63b4a7bcb792c9d4c92d50f0d6816927) Importer(815301076,1909f56bfc062723c751e8b465ee728b) [PhysX] Initialized MultithreadedTaskDispatcher with 12 workers.
 -> (artifact id: '8736e0e3a79156ba5f1dd7589f42a44e') in 0.033777 seconds
Number of updated asset objects reloaded before import = 0
Number of asset objects unloaded after import = 3
========================================================================
Received Import Request.
  Time since last request: 0.000032 seconds.
  path: Assets/Tiles/main_lev_build_1514.asset
  artifactKey: Guid(584f89a4e8cbed849858e0fd27bd669b) Importer(815301076,1909f56bfc062723c751e8b465ee728b)
Start importing Assets/Tiles/main_lev_build_1514.asset using Guid(584f89a4e8cbed849858e0fd27bd669b) Importer(815301076,1909f56bfc062723c751e8b465ee728b) [PhysX] Initialized MultithreadedTaskDispatcher with 12 workers.
 -> (artifact id: 'cdcb52d3e7ef3919236c5c38758bb47f') in 0.029002 seconds
Number of updated asset objects reloaded before import = 0
Number of asset objects unloaded after import = 3
========================================================================
Received Import Request.
  Time since last request: 0.000039 seconds.
  path: Assets/Tiles/main_lev_build_1544.asset
  artifactKey: Guid(98f7c0a250e432f47abfd2f9e973dbd9) Importer(815301076,1909f56bfc062723c751e8b465ee728b)
Start importing Assets/Tiles/main_lev_build_1544.asset using Guid(98f7c0a250e432f47abfd2f9e973dbd9) Importer(815301076,1909f56bfc062723c751e8b465ee728b) [PhysX] Initialized MultithreadedTaskDispatcher with 12 workers.
 -> (artifact id: '5bd80de39818c58295e459b9dd17f7c0') in 0.027625 seconds
Number of updated asset objects reloaded before import = 0
Number of asset objects unloaded after import = 3
========================================================================
Received Import Request.
  Time since last request: 0.000017 seconds.
  path: Assets/Tiles/main_lev_build_1562.asset
  artifactKey: Guid(49c5ece1447898b40a2779ff142bc49f) Importer(815301076,1909f56bfc062723c751e8b465ee728b)
Start importing Assets/Tiles/main_lev_build_1562.asset using Guid(49c5ece1447898b40a2779ff142bc49f) Importer(815301076,1909f56bfc062723c751e8b465ee728b) [PhysX] Initialized MultithreadedTaskDispatcher with 12 workers.
 -> (artifact id: '02521b145e98bd98a7478b124b004341') in 0.034106 seconds
Number of updated asset objects reloaded before import = 0
Number of asset objects unloaded after import = 3
========================================================================
Received Import Request.
  Time since last request: 0.000019 seconds.
  path: Assets/Tiles/main_lev_build_1553.asset
  artifactKey: Guid(01030ec5b7a518a49905355645833e7e) Importer(815301076,1909f56bfc062723c751e8b465ee728b)
Start importing Assets/Tiles/main_lev_build_1553.asset using Guid(01030ec5b7a518a49905355645833e7e) Importer(815301076,1909f56bfc062723c751e8b465ee728b) [PhysX] Initialized MultithreadedTaskDispatcher with 12 workers.
 -> (artifact id: '05f082b9774574951f8ccb4f2fce0d4b') in 0.030142 seconds
Number of updated asset objects reloaded before import = 0
Number of asset objects unloaded after import = 3
========================================================================
Received Import Request.
  Time since last request: 0.000028 seconds.
  path: Assets/Tiles/main_lev_build_1341.asset
  artifactKey: Guid(cb9952b6f688d2d4baec825244396ee5) Importer(815301076,1909f56bfc062723c751e8b465ee728b)
Start importing Assets/Tiles/main_lev_build_1341.asset using Guid(cb9952b6f688d2d4baec825244396ee5) Importer(815301076,1909f56bfc062723c751e8b465ee728b) [PhysX] Initialized MultithreadedTaskDispatcher with 12 workers.
 -> (artifact id: '00a4333f21313477f9f4b1a7c485a1a4') in 0.032007 seconds
Number of updated asset objects reloaded before import = 0
Number of asset objects unloaded after import = 3
========================================================================
Received Import Request.
  Time since last request: 0.000024 seconds.
  path: Assets/Tiles/main_lev_build_608.asset
  artifactKey: Guid(311044829f38bf54eb93b021e6a0911a) Importer(815301076,1909f56bfc062723c751e8b465ee728b)
Start importing Assets/Tiles/main_lev_build_608.asset using Guid(311044829f38bf54eb93b021e6a0911a) Importer(815301076,1909f56bfc062723c751e8b465ee728b) [PhysX] Initialized MultithreadedTaskDispatcher with 12 workers.
 -> (artifact id: '5fc1a037ddacaf82bbffb98496a9a0c5') in 0.034038 seconds
Number of updated asset objects reloaded before import = 0
Number of asset objects unloaded after import = 3
========================================================================
Received Import Request.
  Time since last request: 0.000064 seconds.
  path: Assets/Tiles/main_lev_build_1643.asset
  artifactKey: Guid(c3fadedf3fc76d745bc4c1a82e349d8c) Importer(815301076,1909f56bfc062723c751e8b465ee728b)
Start importing Assets/Tiles/main_lev_build_1643.asset using Guid(c3fadedf3fc76d745bc4c1a82e349d8c) Importer(815301076,1909f56bfc062723c751e8b465ee728b) [PhysX] Initialized MultithreadedTaskDispatcher with 12 workers.
 -> (artifact id: 'ac3474194e852c7d3121358cffa1e3e3') in 0.059623 seconds
Number of updated asset objects reloaded before import = 0
Number of asset objects unloaded after import = 3
========================================================================
Received Import Request.
  Time since last request: 0.000030 seconds.
  path: Assets/Tiles/main_lev_build_1690.asset
  artifactKey: Guid(2bcc0474398b67540a6628e70a1d68e6) Importer(815301076,1909f56bfc062723c751e8b465ee728b)
Start importing Assets/Tiles/main_lev_build_1690.asset using Guid(2bcc0474398b67540a6628e70a1d68e6) Importer(815301076,1909f56bfc062723c751e8b465ee728b) [PhysX] Initialized MultithreadedTaskDispatcher with 12 workers.
 -> (artifact id: '41811675a21f197fd4a2a3971500e3cc') in 0.035961 seconds
Number of updated asset objects reloaded before import = 0
Number of asset objects unloaded after import = 3
========================================================================
Received Import Request.
  Time since last request: 0.000030 seconds.
  path: Assets/Tiles/main_lev_build_1640.asset
  artifactKey: Guid(4f61d3abd60b4154bb8e1ebc4ac86b48) Importer(815301076,1909f56bfc062723c751e8b465ee728b)
Start importing Assets/Tiles/main_lev_build_1640.asset using Guid(4f61d3abd60b4154bb8e1ebc4ac86b48) Importer(815301076,1909f56bfc062723c751e8b465ee728b) [PhysX] Initialized MultithreadedTaskDispatcher with 12 workers.
 -> (artifact id: 'bd036b4e74312c22c939c85bbf5ad1bf') in 0.026773 seconds
Number of updated asset objects reloaded before import = 0
Number of asset objects unloaded after import = 3
========================================================================
Received Import Request.
  Time since last request: 0.000027 seconds.
  path: Assets/Tiles/main_lev_build_1688.asset
  artifactKey: Guid(00cb93db80c8df5429e746c33c5617c1) Importer(815301076,1909f56bfc062723c751e8b465ee728b)
Start importing Assets/Tiles/main_lev_build_1688.asset using Guid(00cb93db80c8df5429e746c33c5617c1) Importer(815301076,1909f56bfc062723c751e8b465ee728b) [PhysX] Initialized MultithreadedTaskDispatcher with 12 workers.
 -> (artifact id: '500a78ad7cff1383dda1cbe670d92cd7') in 0.032044 seconds
Number of updated asset objects reloaded before import = 0
Number of asset objects unloaded after import = 3
========================================================================
Received Import Request.
  Time since last request: 0.000028 seconds.
  path: Assets/Tiles/main_lev_build_1704.asset
  artifactKey: Guid(eabd3619e5e516a45994c3746596963f) Importer(815301076,1909f56bfc062723c751e8b465ee728b)
Start importing Assets/Tiles/main_lev_build_1704.asset using Guid(eabd3619e5e516a45994c3746596963f) Importer(815301076,1909f56bfc062723c751e8b465ee728b) [PhysX] Initialized MultithreadedTaskDispatcher with 12 workers.
 -> (artifact id: 'fea06a23da9ffbe11dc8c7cbd94d4a84') in 0.027050 seconds
Number of updated asset objects reloaded before import = 0
Number of asset objects unloaded after import = 3
========================================================================
Received Import Request.
  Time since last request: 0.000045 seconds.
  path: Assets/Tiles/main_lev_build_1747.asset
  artifactKey: Guid(38649ad1339458a47a36c94ff7170754) Importer(815301076,1909f56bfc062723c751e8b465ee728b)
Start importing Assets/Tiles/main_lev_build_1747.asset using Guid(38649ad1339458a47a36c94ff7170754) Importer(815301076,1909f56bfc062723c751e8b465ee728b) [PhysX] Initialized MultithreadedTaskDispatcher with 12 workers.
 -> (artifact id: '0ada3605ce97b3af18018f22ba05ead6') in 0.060419 seconds
Number of updated asset objects reloaded before import = 0
Number of asset objects unloaded after import = 3
========================================================================
Received Import Request.
  Time since last request: 0.000041 seconds.
  path: Assets/Tiles/main_lev_build_1732.asset
  artifactKey: Guid(2c26bb439c5971e4eaa0d45a6aa687f6) Importer(815301076,1909f56bfc062723c751e8b465ee728b)
Start importing Assets/Tiles/main_lev_build_1732.asset using Guid(2c26bb439c5971e4eaa0d45a6aa687f6) Importer(815301076,1909f56bfc062723c751e8b465ee728b) [PhysX] Initialized MultithreadedTaskDispatcher with 12 workers.
 -> (artifact id: '4f2f9f8b388ca4febc1d915445954c9a') in 0.226360 seconds
Number of updated asset objects reloaded before import = 0
Number of asset objects unloaded after import = 3
========================================================================
Received Import Request.
  Time since last request: 0.000035 seconds.
  path: Assets/Tiles/main_lev_build_1767.asset
  artifactKey: Guid(6ab4c60384847f14a893db74ea777ba0) Importer(815301076,1909f56bfc062723c751e8b465ee728b)
Start importing Assets/Tiles/main_lev_build_1767.asset using Guid(6ab4c60384847f14a893db74ea777ba0) Importer(815301076,1909f56bfc062723c751e8b465ee728b) [PhysX] Initialized MultithreadedTaskDispatcher with 12 workers.
 -> (artifact id: 'ba6d67de612b0766dd1429189012eeff') in 0.045816 seconds
Number of updated asset objects reloaded before import = 0
Number of asset objects unloaded after import = 3
========================================================================
Received Import Request.
  Time since last request: 0.000021 seconds.
  path: Assets/Tiles/main_lev_build_1783.asset
  artifactKey: Guid(3ba18e3ae062f1446968f687e425e560) Importer(815301076,1909f56bfc062723c751e8b465ee728b)
Start importing Assets/Tiles/main_lev_build_1783.asset using Guid(3ba18e3ae062f1446968f687e425e560) Importer(815301076,1909f56bfc062723c751e8b465ee728b) [PhysX] Initialized MultithreadedTaskDispatcher with 12 workers.
 -> (artifact id: 'cc604ff0cf2814b8e1fbbd4624d28091') in 0.042160 seconds
Number of updated asset objects reloaded before import = 0
Number of asset objects unloaded after import = 3
========================================================================
Received Import Request.
  Time since last request: 0.000027 seconds.
  path: Assets/Tiles/main_lev_build_1772.asset
  artifactKey: Guid(0b69f9e98881ec94e9ee007c06925313) Importer(815301076,1909f56bfc062723c751e8b465ee728b)
Start importing Assets/Tiles/main_lev_build_1772.asset using Guid(0b69f9e98881ec94e9ee007c06925313) Importer(815301076,1909f56bfc062723c751e8b465ee728b) [PhysX] Initialized MultithreadedTaskDispatcher with 12 workers.
 -> (artifact id: '014d2346358979dce6baba30dfd3d899') in 0.025914 seconds
Number of updated asset objects reloaded before import = 0
Number of asset objects unloaded after import = 3
========================================================================
Received Import Request.
  Time since last request: 0.000024 seconds.
  path: Assets/Tiles/main_lev_build_1742.asset
  artifactKey: Guid(e3a94b1849ba9294f9f2c14761e8124d) Importer(815301076,1909f56bfc062723c751e8b465ee728b)
Start importing Assets/Tiles/main_lev_build_1742.asset using Guid(e3a94b1849ba9294f9f2c14761e8124d) Importer(815301076,1909f56bfc062723c751e8b465ee728b) [PhysX] Initialized MultithreadedTaskDispatcher with 12 workers.
 -> (artifact id: 'e2ad8e5b3546eeb0a0fc21500f769e83') in 0.028923 seconds
Number of updated asset objects reloaded before import = 0
Number of asset objects unloaded after import = 3
========================================================================
Received Import Request.
  Time since last request: 0.000031 seconds.
  path: Assets/Tiles/main_lev_build_1718.asset
  artifactKey: Guid(1d6a4a329eea1dc418af2dd1f3c4e967) Importer(815301076,1909f56bfc062723c751e8b465ee728b)
Start importing Assets/Tiles/main_lev_build_1718.asset using Guid(1d6a4a329eea1dc418af2dd1f3c4e967) Importer(815301076,1909f56bfc062723c751e8b465ee728b) [PhysX] Initialized MultithreadedTaskDispatcher with 12 workers.
 -> (artifact id: 'ad3c18e5af9aa3f3b79a71753ea9176f') in 0.034447 seconds
Number of updated asset objects reloaded before import = 0
Number of asset objects unloaded after import = 3
========================================================================
Received Import Request.
  Time since last request: 0.000034 seconds.
  path: Assets/Tiles/main_lev_build_752.asset
  artifactKey: Guid(76fe096d2c314a948b62fb1c34ce59a2) Importer(815301076,1909f56bfc062723c751e8b465ee728b)
Start importing Assets/Tiles/main_lev_build_752.asset using Guid(76fe096d2c314a948b62fb1c34ce59a2) Importer(815301076,1909f56bfc062723c751e8b465ee728b) [PhysX] Initialized MultithreadedTaskDispatcher with 12 workers.
 -> (artifact id: '3b35f83b774a3fb05bbb78564df45e19') in 0.027838 seconds
Number of updated asset objects reloaded before import = 0
Number of asset objects unloaded after import = 3
========================================================================
Received Import Request.
  Time since last request: 0.000029 seconds.
  path: Assets/Tiles/main_lev_build_1037.asset
  artifactKey: Guid(ded5654e27ccf0f41af8faa5494b5a14) Importer(815301076,1909f56bfc062723c751e8b465ee728b)
Start importing Assets/Tiles/main_lev_build_1037.asset using Guid(ded5654e27ccf0f41af8faa5494b5a14) Importer(815301076,1909f56bfc062723c751e8b465ee728b) [PhysX] Initialized MultithreadedTaskDispatcher with 12 workers.
 -> (artifact id: 'e2c56ef3870a0e973bcefad1ebc2f6ce') in 0.030915 seconds
Number of updated asset objects reloaded before import = 0
Number of asset objects unloaded after import = 3
========================================================================
Received Import Request.
  Time since last request: 0.000038 seconds.
  path: Assets/Tiles/main_lev_build_603.asset
  artifactKey: Guid(8bcda51defb0ad942a2a79a300d69e8b) Importer(815301076,1909f56bfc062723c751e8b465ee728b)
Start importing Assets/Tiles/main_lev_build_603.asset using Guid(8bcda51defb0ad942a2a79a300d69e8b) Importer(815301076,1909f56bfc062723c751e8b465ee728b) [PhysX] Initialized MultithreadedTaskDispatcher with 12 workers.
 -> (artifact id: 'a380400455d679fb1a77b70e98b15ea0') in 0.045237 seconds
Number of updated asset objects reloaded before import = 0
Number of asset objects unloaded after import = 3
========================================================================
Received Import Request.
  Time since last request: 0.000028 seconds.
  path: Assets/Tiles/main_lev_build_176.asset
  artifactKey: Guid(6ebda47d7f52ed14f89336de312455fc) Importer(815301076,1909f56bfc062723c751e8b465ee728b)
Start importing Assets/Tiles/main_lev_build_176.asset using Guid(6ebda47d7f52ed14f89336de312455fc) Importer(815301076,1909f56bfc062723c751e8b465ee728b) [PhysX] Initialized MultithreadedTaskDispatcher with 12 workers.
 -> (artifact id: 'bc8bf65f5d69110bb8383822b6246d21') in 0.039219 seconds
Number of updated asset objects reloaded before import = 0
Number of asset objects unloaded after import = 3
========================================================================
Received Import Request.
  Time since last request: 0.000024 seconds.
  path: Assets/Tiles/main_lev_build_277.asset
  artifactKey: Guid(fb316314f393e5e409e23bf349dca21e) Importer(815301076,1909f56bfc062723c751e8b465ee728b)
Start importing Assets/Tiles/main_lev_build_277.asset using Guid(fb316314f393e5e409e23bf349dca21e) Importer(815301076,1909f56bfc062723c751e8b465ee728b) [PhysX] Initialized MultithreadedTaskDispatcher with 12 workers.
 -> (artifact id: '1410477868f7e90c33514b92cbe774f1') in 0.023624 seconds
Number of updated asset objects reloaded before import = 0
Number of asset objects unloaded after import = 3
========================================================================
Received Import Request.
  Time since last request: 0.000019 seconds.
  path: Assets/Tiles/main_lev_build_232.asset
  artifactKey: Guid(6afe8269c03d1654eb6d02d403559457) Importer(815301076,1909f56bfc062723c751e8b465ee728b)
Start importing Assets/Tiles/main_lev_build_232.asset using Guid(6afe8269c03d1654eb6d02d403559457) Importer(815301076,1909f56bfc062723c751e8b465ee728b) [PhysX] Initialized MultithreadedTaskDispatcher with 12 workers.
 -> (artifact id: 'db3abd950618a2007b50c7477e0ab1b3') in 0.030705 seconds
Number of updated asset objects reloaded before import = 0
Number of asset objects unloaded after import = 3
========================================================================
Received Import Request.
  Time since last request: 0.000030 seconds.
  path: Assets/Tiles/main_lev_build_589.asset
  artifactKey: Guid(6c1b77430bf435743a2962e1ff0cb22b) Importer(815301076,1909f56bfc062723c751e8b465ee728b)
Start importing Assets/Tiles/main_lev_build_589.asset using Guid(6c1b77430bf435743a2962e1ff0cb22b) Importer(815301076,1909f56bfc062723c751e8b465ee728b) [PhysX] Initialized MultithreadedTaskDispatcher with 12 workers.
 -> (artifact id: '150013151bcd0d37681b3c780462564b') in 0.030777 seconds
Number of updated asset objects reloaded before import = 0
Number of asset objects unloaded after import = 3
========================================================================
Received Import Request.
  Time since last request: 0.000018 seconds.
  path: Assets/Tiles/main_lev_build_816.asset
  artifactKey: Guid(2720e0665ea7b8b49b047eddff8db2c4) Importer(815301076,1909f56bfc062723c751e8b465ee728b)
Start importing Assets/Tiles/main_lev_build_816.asset using Guid(2720e0665ea7b8b49b047eddff8db2c4) Importer(815301076,1909f56bfc062723c751e8b465ee728b) [PhysX] Initialized MultithreadedTaskDispatcher with 12 workers.
 -> (artifact id: 'a1b37b2d823fc87e84931adbd1c1842f') in 0.029650 seconds
Number of updated asset objects reloaded before import = 0
Number of asset objects unloaded after import = 3
========================================================================
Received Import Request.
  Time since last request: 0.000029 seconds.
  path: Assets/Tiles/main_lev_build_1677.asset
  artifactKey: Guid(a2b2e864c08b6a041b5a3be0a75b912e) Importer(815301076,1909f56bfc062723c751e8b465ee728b)
Start importing Assets/Tiles/main_lev_build_1677.asset using Guid(a2b2e864c08b6a041b5a3be0a75b912e) Importer(815301076,1909f56bfc062723c751e8b465ee728b) [PhysX] Initialized MultithreadedTaskDispatcher with 12 workers.
 -> (artifact id: 'ef8154c8da7c5183ced09c59dffbb605') in 0.028971 seconds
Number of updated asset objects reloaded before import = 0
Number of asset objects unloaded after import = 3
========================================================================
Received Import Request.
  Time since last request: 0.000035 seconds.
  path: Assets/Tiles/main_lev_build_227.asset
  artifactKey: Guid(0085603c98c64cb40859c951d24ef4f6) Importer(815301076,1909f56bfc062723c751e8b465ee728b)
Start importing Assets/Tiles/main_lev_build_227.asset using Guid(0085603c98c64cb40859c951d24ef4f6) Importer(815301076,1909f56bfc062723c751e8b465ee728b) [PhysX] Initialized MultithreadedTaskDispatcher with 12 workers.
 -> (artifact id: '569000af8bdcbb670c79d816c95fe556') in 0.027520 seconds
Number of updated asset objects reloaded before import = 0
Number of asset objects unloaded after import = 3
========================================================================
Received Import Request.
  Time since last request: 0.000033 seconds.
  path: Assets/Tiles/main_lev_build_175.asset
  artifactKey: Guid(7d368767c58814f428d7fc2646570805) Importer(815301076,1909f56bfc062723c751e8b465ee728b)
Start importing Assets/Tiles/main_lev_build_175.asset using Guid(7d368767c58814f428d7fc2646570805) Importer(815301076,1909f56bfc062723c751e8b465ee728b) [PhysX] Initialized MultithreadedTaskDispatcher with 12 workers.
 -> (artifact id: '9056bbe522ecdf1dbe08acadc056f9fd') in 0.045961 seconds
Number of updated asset objects reloaded before import = 0
Number of asset objects unloaded after import = 3
========================================================================
Received Import Request.
  Time since last request: 0.000026 seconds.
  path: Assets/Tiles/main_lev_build_560.asset
  artifactKey: Guid(4896a87292193a247b2853ff9a66e6d0) Importer(815301076,1909f56bfc062723c751e8b465ee728b)
Start importing Assets/Tiles/main_lev_build_560.asset using Guid(4896a87292193a247b2853ff9a66e6d0) Importer(815301076,1909f56bfc062723c751e8b465ee728b) [PhysX] Initialized MultithreadedTaskDispatcher with 12 workers.
 -> (artifact id: '534b28d4b6c9c5dac9e7de28a960ecad') in 0.030356 seconds
Number of updated asset objects reloaded before import = 0
Number of asset objects unloaded after import = 3
========================================================================
Received Import Request.
  Time since last request: 0.000029 seconds.
  path: Assets/Tiles/main_lev_build_838.asset
  artifactKey: Guid(296f8197d2f954a42b37c6557f3d45ee) Importer(815301076,1909f56bfc062723c751e8b465ee728b)
Start importing Assets/Tiles/main_lev_build_838.asset using Guid(296f8197d2f954a42b37c6557f3d45ee) Importer(815301076,1909f56bfc062723c751e8b465ee728b) [PhysX] Initialized MultithreadedTaskDispatcher with 12 workers.
 -> (artifact id: 'bd06df69a2a09b194666f10c759a4d96') in 0.034744 seconds
Number of updated asset objects reloaded before import = 0
Number of asset objects unloaded after import = 3
========================================================================
Received Import Request.
  Time since last request: 0.000024 seconds.
  path: Assets/Tiles/main_lev_build_804.asset
  artifactKey: Guid(927d20c71d8e30446bef8b9ef4ea90a2) Importer(815301076,1909f56bfc062723c751e8b465ee728b)
Start importing Assets/Tiles/main_lev_build_804.asset using Guid(927d20c71d8e30446bef8b9ef4ea90a2) Importer(815301076,1909f56bfc062723c751e8b465ee728b) [PhysX] Initialized MultithreadedTaskDispatcher with 12 workers.
 -> (artifact id: '7d7b939134b8c44679ab45f3c90a81d7') in 0.031603 seconds
Number of updated asset objects reloaded before import = 0
Number of asset objects unloaded after import = 3
========================================================================
Received Import Request.
  Time since last request: 0.000032 seconds.
  path: Assets/Tiles/main_lev_build_908.asset
  artifactKey: Guid(a54a8d98d813abd4cb1f73113ee4e02a) Importer(815301076,1909f56bfc062723c751e8b465ee728b)
Start importing Assets/Tiles/main_lev_build_908.asset using Guid(a54a8d98d813abd4cb1f73113ee4e02a) Importer(815301076,1909f56bfc062723c751e8b465ee728b) [PhysX] Initialized MultithreadedTaskDispatcher with 12 workers.
 -> (artifact id: '8ecd1cb4bd1e0043a5ccbc5041b6305a') in 0.038625 seconds
Number of updated asset objects reloaded before import = 0
Number of asset objects unloaded after import = 3
========================================================================
Received Import Request.
  Time since last request: 0.000024 seconds.
  path: Assets/Tiles/main_lev_build_1133.asset
  artifactKey: Guid(9d01894008e077948bcbedd1908ffbca) Importer(815301076,1909f56bfc062723c751e8b465ee728b)
Start importing Assets/Tiles/main_lev_build_1133.asset using Guid(9d01894008e077948bcbedd1908ffbca) Importer(815301076,1909f56bfc062723c751e8b465ee728b) [PhysX] Initialized MultithreadedTaskDispatcher with 12 workers.
 -> (artifact id: 'ccefe0892ab2575b6fc66c0ef0688e68') in 0.035016 seconds
Number of updated asset objects reloaded before import = 0
Number of asset objects unloaded after import = 3
========================================================================
Received Import Request.
  Time since last request: 0.000032 seconds.
  path: Assets/Tiles/main_lev_build_629.asset
  artifactKey: Guid(476f3bec644e5c146945e9fffd1db8d5) Importer(815301076,1909f56bfc062723c751e8b465ee728b)
Start importing Assets/Tiles/main_lev_build_629.asset using Guid(476f3bec644e5c146945e9fffd1db8d5) Importer(815301076,1909f56bfc062723c751e8b465ee728b) [PhysX] Initialized MultithreadedTaskDispatcher with 12 workers.
 -> (artifact id: 'f49ffd0fa8f8f6baada3506b00038c97') in 0.053654 seconds
Number of updated asset objects reloaded before import = 0
Number of asset objects unloaded after import = 3
========================================================================
Received Import Request.
  Time since last request: 0.000033 seconds.
  path: Assets/Tiles/main_lev_build_262.asset
  artifactKey: Guid(0442622f3607a984a80f13a50075e018) Importer(815301076,1909f56bfc062723c751e8b465ee728b)
Start importing Assets/Tiles/main_lev_build_262.asset using Guid(0442622f3607a984a80f13a50075e018) Importer(815301076,1909f56bfc062723c751e8b465ee728b) [PhysX] Initialized MultithreadedTaskDispatcher with 12 workers.
 -> (artifact id: '49b13155fde8dca03dc5067f721b7044') in 0.031237 seconds
Number of updated asset objects reloaded before import = 0
Number of asset objects unloaded after import = 3
========================================================================
Received Import Request.
  Time since last request: 0.000023 seconds.
  path: Assets/Tiles/main_lev_build_220.asset
  artifactKey: Guid(c3707f365cf917349a3d704252b4c5ca) Importer(815301076,1909f56bfc062723c751e8b465ee728b)
Start importing Assets/Tiles/main_lev_build_220.asset using Guid(c3707f365cf917349a3d704252b4c5ca) Importer(815301076,1909f56bfc062723c751e8b465ee728b) [PhysX] Initialized MultithreadedTaskDispatcher with 12 workers.
 -> (artifact id: '2d1d9d5e8e38d12da22f807e193d7845') in 0.026119 seconds
Number of updated asset objects reloaded before import = 0
Number of asset objects unloaded after import = 3
========================================================================
Received Import Request.
  Time since last request: 0.000025 seconds.
  path: Assets/Tiles/main_lev_build_474.asset
  artifactKey: Guid(041cb606b69c88240ab13def93fa4a07) Importer(815301076,1909f56bfc062723c751e8b465ee728b)
Start importing Assets/Tiles/main_lev_build_474.asset using Guid(041cb606b69c88240ab13def93fa4a07) Importer(815301076,1909f56bfc062723c751e8b465ee728b) [PhysX] Initialized MultithreadedTaskDispatcher with 12 workers.
 -> (artifact id: 'c3ead57f047160d7639c00c6a3e82de9') in 0.032013 seconds
Number of updated asset objects reloaded before import = 0
Number of asset objects unloaded after import = 3
========================================================================
Received Import Request.
  Time since last request: 0.000023 seconds.
  path: Assets/Tiles/main_lev_build_1330.asset
  artifactKey: Guid(377c393d05f771a4db3e8ae9cdc80a19) Importer(815301076,1909f56bfc062723c751e8b465ee728b)
Start importing Assets/Tiles/main_lev_build_1330.asset using Guid(377c393d05f771a4db3e8ae9cdc80a19) Importer(815301076,1909f56bfc062723c751e8b465ee728b) [PhysX] Initialized MultithreadedTaskDispatcher with 12 workers.
 -> (artifact id: 'b1ecd464899561c27d1da90bf2b1f2a5') in 0.031751 seconds
Number of updated asset objects reloaded before import = 0
Number of asset objects unloaded after import = 3
========================================================================
Received Import Request.
  Time since last request: 0.000026 seconds.
  path: Assets/Tiles/main_lev_build_583.asset
  artifactKey: Guid(986f8e41e101a8947a3e11b48a957271) Importer(815301076,1909f56bfc062723c751e8b465ee728b)
Start importing Assets/Tiles/main_lev_build_583.asset using Guid(986f8e41e101a8947a3e11b48a957271) Importer(815301076,1909f56bfc062723c751e8b465ee728b) [PhysX] Initialized MultithreadedTaskDispatcher with 12 workers.
 -> (artifact id: '01bebaf3c0eea188facfd035f3429b76') in 0.029470 seconds
Number of updated asset objects reloaded before import = 0
Number of asset objects unloaded after import = 3
========================================================================
Received Import Request.
  Time since last request: 0.000034 seconds.
  path: Assets/Tiles/main_lev_build_131.asset
  artifactKey: Guid(5a13b1d3b51d8f143b2c6daa064c68fe) Importer(815301076,1909f56bfc062723c751e8b465ee728b)
Start importing Assets/Tiles/main_lev_build_131.asset using Guid(5a13b1d3b51d8f143b2c6daa064c68fe) Importer(815301076,1909f56bfc062723c751e8b465ee728b) [PhysX] Initialized MultithreadedTaskDispatcher with 12 workers.
 -> (artifact id: '0cf0af32e5d9d6d95b061a0bceeb7512') in 0.087996 seconds
Number of updated asset objects reloaded before import = 0
Number of asset objects unloaded after import = 3
========================================================================
Received Import Request.
  Time since last request: 0.000077 seconds.
  path: Assets/Tiles/main_lev_build_1580.asset
  artifactKey: Guid(de9cbc8f7e901f94684857f2f14cc376) Importer(815301076,1909f56bfc062723c751e8b465ee728b)
Start importing Assets/Tiles/main_lev_build_1580.asset using Guid(de9cbc8f7e901f94684857f2f14cc376) Importer(815301076,1909f56bfc062723c751e8b465ee728b) [PhysX] Initialized MultithreadedTaskDispatcher with 12 workers.
 -> (artifact id: '4843d1fea50721ba4236e6d25422275e') in 0.055980 seconds
Number of updated asset objects reloaded before import = 0
Number of asset objects unloaded after import = 3
========================================================================
Received Import Request.
  Time since last request: 0.000039 seconds.
  path: Assets/Tiles/main_lev_build_1766.asset
  artifactKey: Guid(c34cfc3c1ce80504a8ce6720d1f1179b) Importer(815301076,1909f56bfc062723c751e8b465ee728b)
Start importing Assets/Tiles/main_lev_build_1766.asset using Guid(c34cfc3c1ce80504a8ce6720d1f1179b) Importer(815301076,1909f56bfc062723c751e8b465ee728b) [PhysX] Initialized MultithreadedTaskDispatcher with 12 workers.
 -> (artifact id: '518de5409f9f4a4a239a04dd933800aa') in 0.049224 seconds
Number of updated asset objects reloaded before import = 0
Number of asset objects unloaded after import = 3
========================================================================
Received Import Request.
  Time since last request: 0.000030 seconds.
  path: Assets/Tiles/main_lev_build_705.asset
  artifactKey: Guid(281b039b33b3be3439a2027296639b51) Importer(815301076,1909f56bfc062723c751e8b465ee728b)
Start importing Assets/Tiles/main_lev_build_705.asset using Guid(281b039b33b3be3439a2027296639b51) Importer(815301076,1909f56bfc062723c751e8b465ee728b) [PhysX] Initialized MultithreadedTaskDispatcher with 12 workers.
 -> (artifact id: '399df1204694b993409f4c34480dd79a') in 0.052528 seconds
Number of updated asset objects reloaded before import = 0
Number of asset objects unloaded after import = 3
========================================================================
Received Import Request.
  Time since last request: 0.000022 seconds.
  path: Assets/Tiles/main_lev_build_192.asset
  artifactKey: Guid(36a647c879de57749b38959fb2cbdc99) Importer(815301076,1909f56bfc062723c751e8b465ee728b)
Start importing Assets/Tiles/main_lev_build_192.asset using Guid(36a647c879de57749b38959fb2cbdc99) Importer(815301076,1909f56bfc062723c751e8b465ee728b) [PhysX] Initialized MultithreadedTaskDispatcher with 12 workers.
 -> (artifact id: 'e39a21118836093578ed445d9554e953') in 0.034823 seconds
Number of updated asset objects reloaded before import = 0
Number of asset objects unloaded after import = 3
========================================================================
Received Import Request.
  Time since last request: 0.000024 seconds.
  path: Assets/Tiles/main_lev_build_599.asset
  artifactKey: Guid(f9a45fbf8e312f149ae6dd505b536b67) Importer(815301076,1909f56bfc062723c751e8b465ee728b)
Start importing Assets/Tiles/main_lev_build_599.asset using Guid(f9a45fbf8e312f149ae6dd505b536b67) Importer(815301076,1909f56bfc062723c751e8b465ee728b) [PhysX] Initialized MultithreadedTaskDispatcher with 12 workers.
 -> (artifact id: '2b1a12ffcce91655bfe188edfbebd894') in 0.027659 seconds
Number of updated asset objects reloaded before import = 0
Number of asset objects unloaded after import = 3
========================================================================
Received Import Request.
  Time since last request: 0.000028 seconds.
  path: Assets/Tiles/main_lev_build_1752.asset
  artifactKey: Guid(3d7b37577269e94459c661220d668f8b) Importer(815301076,1909f56bfc062723c751e8b465ee728b)
Start importing Assets/Tiles/main_lev_build_1752.asset using Guid(3d7b37577269e94459c661220d668f8b) Importer(815301076,1909f56bfc062723c751e8b465ee728b) [PhysX] Initialized MultithreadedTaskDispatcher with 12 workers.
 -> (artifact id: 'd9a13ccf5157335cb7432063c110f9cd') in 0.027848 seconds
Number of updated asset objects reloaded before import = 0
Number of asset objects unloaded after import = 3
========================================================================
Received Import Request.
  Time since last request: 0.000041 seconds.
  path: Assets/Tiles/main_lev_build_417.asset
  artifactKey: Guid(932e192fa4c235c4f9574bd8f244817e) Importer(815301076,1909f56bfc062723c751e8b465ee728b)
Start importing Assets/Tiles/main_lev_build_417.asset using Guid(932e192fa4c235c4f9574bd8f244817e) Importer(815301076,1909f56bfc062723c751e8b465ee728b) [PhysX] Initialized MultithreadedTaskDispatcher with 12 workers.
 -> (artifact id: '8057d30281fd2fea9c20eb4060901159') in 0.036713 seconds
Number of updated asset objects reloaded before import = 0
Number of asset objects unloaded after import = 3
========================================================================
Received Import Request.
  Time since last request: 0.000028 seconds.
  path: Assets/Tiles/main_lev_build_1263.asset
  artifactKey: Guid(3a79918e86d9e8243ab4ec3c4ce1568d) Importer(815301076,1909f56bfc062723c751e8b465ee728b)
Start importing Assets/Tiles/main_lev_build_1263.asset using Guid(3a79918e86d9e8243ab4ec3c4ce1568d) Importer(815301076,1909f56bfc062723c751e8b465ee728b) [PhysX] Initialized MultithreadedTaskDispatcher with 12 workers.
 -> (artifact id: 'd07386a83794995109c436b664b92aab') in 0.026412 seconds
Number of updated asset objects reloaded before import = 0
Number of asset objects unloaded after import = 3
========================================================================
Received Import Request.
  Time since last request: 0.000043 seconds.
  path: Assets/Tiles/main_lev_build_1288.asset
  artifactKey: Guid(4d6a402a48d851c498a2e84da49b30bf) Importer(815301076,1909f56bfc062723c751e8b465ee728b)
Start importing Assets/Tiles/main_lev_build_1288.asset using Guid(4d6a402a48d851c498a2e84da49b30bf) Importer(815301076,1909f56bfc062723c751e8b465ee728b) [PhysX] Initialized MultithreadedTaskDispatcher with 12 workers.
 -> (artifact id: '7185c40f0b8b99139cab9d4d8c4a2f44') in 0.024734 seconds
Number of updated asset objects reloaded before import = 0
Number of asset objects unloaded after import = 3
========================================================================
Received Import Request.
  Time since last request: 0.000026 seconds.
  path: Assets/Tiles/main_lev_build_896.asset
  artifactKey: Guid(47148b999fa45c74f9cbfae334540abb) Importer(815301076,1909f56bfc062723c751e8b465ee728b)
Start importing Assets/Tiles/main_lev_build_896.asset using Guid(47148b999fa45c74f9cbfae334540abb) Importer(815301076,1909f56bfc062723c751e8b465ee728b) [PhysX] Initialized MultithreadedTaskDispatcher with 12 workers.
 -> (artifact id: '0e4e9de8cf43a7f66869096736eeba9b') in 0.032085 seconds
Number of updated asset objects reloaded before import = 0
Number of asset objects unloaded after import = 3
========================================================================
Received Import Request.
  Time since last request: 0.000022 seconds.
  path: Assets/Tiles/main_lev_build_690.asset
  artifactKey: Guid(b0ebb33ad8c452447a087a7dc1ab954a) Importer(815301076,1909f56bfc062723c751e8b465ee728b)
Start importing Assets/Tiles/main_lev_build_690.asset using Guid(b0ebb33ad8c452447a087a7dc1ab954a) Importer(815301076,1909f56bfc062723c751e8b465ee728b) [PhysX] Initialized MultithreadedTaskDispatcher with 12 workers.
 -> (artifact id: '8edfb70da360b93f98b9b88ff8cfb8d6') in 0.012611 seconds
Number of updated asset objects reloaded before import = 0
Number of asset objects unloaded after import = 3
========================================================================
Received Import Request.
  Time since last request: 0.000036 seconds.
  path: Assets/Tiles/main_lev_build_231.asset
  artifactKey: Guid(a5402a6bb43cc264c9876b07cd05d712) Importer(815301076,1909f56bfc062723c751e8b465ee728b)
Start importing Assets/Tiles/main_lev_build_231.asset using Guid(a5402a6bb43cc264c9876b07cd05d712) Importer(815301076,1909f56bfc062723c751e8b465ee728b) [PhysX] Initialized MultithreadedTaskDispatcher with 12 workers.
 -> (artifact id: 'c99ee83b1ec4ea03b47163bf3f956320') in 0.030160 seconds
Number of updated asset objects reloaded before import = 0
Number of asset objects unloaded after import = 3
========================================================================
Received Import Request.
  Time since last request: 0.000053 seconds.
  path: Assets/Tiles/main_lev_build_1308.asset
  artifactKey: Guid(71a3f83e072dd4f45ae5ab9fdba50350) Importer(815301076,1909f56bfc062723c751e8b465ee728b)
Start importing Assets/Tiles/main_lev_build_1308.asset using Guid(71a3f83e072dd4f45ae5ab9fdba50350) Importer(815301076,1909f56bfc062723c751e8b465ee728b) [PhysX] Initialized MultithreadedTaskDispatcher with 12 workers.
 -> (artifact id: '60c2c669f5491ceb062ec3036354143d') in 0.025087 seconds
Number of updated asset objects reloaded before import = 0
Number of asset objects unloaded after import = 3
========================================================================
Received Import Request.
  Time since last request: 0.000022 seconds.
  path: Assets/Tiles/main_lev_build_1504.asset
  artifactKey: Guid(b81ba125961d43b47ad7a24b80bdfc59) Importer(815301076,1909f56bfc062723c751e8b465ee728b)
Start importing Assets/Tiles/main_lev_build_1504.asset using Guid(b81ba125961d43b47ad7a24b80bdfc59) Importer(815301076,1909f56bfc062723c751e8b465ee728b) [PhysX] Initialized MultithreadedTaskDispatcher with 12 workers.
 -> (artifact id: 'a902227cbf05f249c03c802e1aeb3ea6') in 0.027954 seconds
Number of updated asset objects reloaded before import = 0
Number of asset objects unloaded after import = 3
========================================================================
Received Import Request.
  Time since last request: 0.000026 seconds.
  path: Assets/Tiles/main_lev_build_1528.asset
  artifactKey: Guid(8db17038ec2798e478fbc0287ad37b6a) Importer(815301076,1909f56bfc062723c751e8b465ee728b)
Start importing Assets/Tiles/main_lev_build_1528.asset using Guid(8db17038ec2798e478fbc0287ad37b6a) Importer(815301076,1909f56bfc062723c751e8b465ee728b) [PhysX] Initialized MultithreadedTaskDispatcher with 12 workers.
 -> (artifact id: 'd0992cbc6d4d62f9906bfa416795a2cd') in 0.034468 seconds
Number of updated asset objects reloaded before import = 0
Number of asset objects unloaded after import = 3
========================================================================
Received Import Request.
  Time since last request: 0.000092 seconds.
  path: Assets/Tiles/main_lev_build_1765.asset
  artifactKey: Guid(7ec1504f6cf07cc4baba2114f255adea) Importer(815301076,1909f56bfc062723c751e8b465ee728b)
Start importing Assets/Tiles/main_lev_build_1765.asset using Guid(7ec1504f6cf07cc4baba2114f255adea) Importer(815301076,1909f56bfc062723c751e8b465ee728b) [PhysX] Initialized MultithreadedTaskDispatcher with 12 workers.
 -> (artifact id: '5ed79cd8b98239fea101aa8bf7899360') in 0.010178 seconds
Number of updated asset objects reloaded before import = 0
Number of asset objects unloaded after import = 3
========================================================================
Received Import Request.
  Time since last request: 0.000025 seconds.
  path: Assets/Tiles/main_lev_build_644.asset
  artifactKey: Guid(c45e493bde7101840bb2fb6bf0e2eea9) Importer(815301076,1909f56bfc062723c751e8b465ee728b)
Start importing Assets/Tiles/main_lev_build_644.asset using Guid(c45e493bde7101840bb2fb6bf0e2eea9) Importer(815301076,1909f56bfc062723c751e8b465ee728b) [PhysX] Initialized MultithreadedTaskDispatcher with 12 workers.
 -> (artifact id: '918fc837cbb4a944709267a0e2adb077') in 0.021611 seconds
Number of updated asset objects reloaded before import = 0
Number of asset objects unloaded after import = 3
========================================================================
Received Import Request.
  Time since last request: 0.000107 seconds.
  path: Assets/Tiles/main_lev_build_1029.asset
  artifactKey: Guid(2373a32a760161d42bdc5763ceb92e7b) Importer(815301076,1909f56bfc062723c751e8b465ee728b)
Start importing Assets/Tiles/main_lev_build_1029.asset using Guid(2373a32a760161d42bdc5763ceb92e7b) Importer(815301076,1909f56bfc062723c751e8b465ee728b) [PhysX] Initialized MultithreadedTaskDispatcher with 12 workers.
 -> (artifact id: '7aeb96e68c3af518d206aefadda497cb') in 0.027518 seconds
Number of updated asset objects reloaded before import = 0
Number of asset objects unloaded after import = 3
========================================================================
Received Import Request.
  Time since last request: 0.000043 seconds.
  path: Assets/Tiles/main_lev_build_1722.asset
  artifactKey: Guid(e2ecab481fe50924e9e318fe648a72f6) Importer(815301076,1909f56bfc062723c751e8b465ee728b)
Start importing Assets/Tiles/main_lev_build_1722.asset using Guid(e2ecab481fe50924e9e318fe648a72f6) Importer(815301076,1909f56bfc062723c751e8b465ee728b) [PhysX] Initialized MultithreadedTaskDispatcher with 12 workers.
 -> (artifact id: 'bd73cf55d061e165836153b0f103a870') in 0.020185 seconds
Number of updated asset objects reloaded before import = 0
Number of asset objects unloaded after import = 3
========================================================================
Received Import Request.
  Time since last request: 0.000027 seconds.
  path: Assets/Tiles/main_lev_build_1518.asset
  artifactKey: Guid(7597877fe2f6249489593906aebf3eae) Importer(815301076,1909f56bfc062723c751e8b465ee728b)
Start importing Assets/Tiles/main_lev_build_1518.asset using Guid(7597877fe2f6249489593906aebf3eae) Importer(815301076,1909f56bfc062723c751e8b465ee728b) [PhysX] Initialized MultithreadedTaskDispatcher with 12 workers.
 -> (artifact id: '9f784fe81b9cc8ff99d62707fbf26b7f') in 0.036410 seconds
Number of updated asset objects reloaded before import = 0
Number of asset objects unloaded after import = 3
========================================================================
Received Import Request.
  Time since last request: 0.000023 seconds.
  path: Assets/Tiles/main_lev_build_1342.asset
  artifactKey: Guid(5ff3be2e1e5461f44a21df001eca0535) Importer(815301076,1909f56bfc062723c751e8b465ee728b)
Start importing Assets/Tiles/main_lev_build_1342.asset using Guid(5ff3be2e1e5461f44a21df001eca0535) Importer(815301076,1909f56bfc062723c751e8b465ee728b) [PhysX] Initialized MultithreadedTaskDispatcher with 12 workers.
 -> (artifact id: 'cecd51725a138565c3ca194a6dac81b3') in 0.027545 seconds
Number of updated asset objects reloaded before import = 0
Number of asset objects unloaded after import = 3
========================================================================
Received Import Request.
  Time since last request: 0.000023 seconds.
  path: Assets/Tiles/main_lev_build_1483.asset
  artifactKey: Guid(d25bbc823479c52459803cb84cc874bc) Importer(815301076,1909f56bfc062723c751e8b465ee728b)
Start importing Assets/Tiles/main_lev_build_1483.asset using Guid(d25bbc823479c52459803cb84cc874bc) Importer(815301076,1909f56bfc062723c751e8b465ee728b) [PhysX] Initialized MultithreadedTaskDispatcher with 12 workers.
 -> (artifact id: '9f772d2a9dd54c8381dc84bee18eccfb') in 0.025633 seconds
Number of updated asset objects reloaded before import = 0
Number of asset objects unloaded after import = 3
========================================================================
Received Import Request.
  Time since last request: 0.000020 seconds.
  path: Assets/Tiles/main_lev_build_524.asset
  artifactKey: Guid(40afb26ae97a1e54bae8454c68392932) Importer(815301076,1909f56bfc062723c751e8b465ee728b)
Start importing Assets/Tiles/main_lev_build_524.asset using Guid(40afb26ae97a1e54bae8454c68392932) Importer(815301076,1909f56bfc062723c751e8b465ee728b) [PhysX] Initialized MultithreadedTaskDispatcher with 12 workers.
 -> (artifact id: '4daaba9a35146b6fd7d3e7d385f47b40') in 0.027834 seconds
Number of updated asset objects reloaded before import = 0
Number of asset objects unloaded after import = 3
========================================================================
Received Import Request.
  Time since last request: 0.000033 seconds.
  path: Assets/Tiles/main_lev_build_1663.asset
  artifactKey: Guid(faa7e1a771a16ad4a9f42f69dcedba52) Importer(815301076,1909f56bfc062723c751e8b465ee728b)
Start importing Assets/Tiles/main_lev_build_1663.asset using Guid(faa7e1a771a16ad4a9f42f69dcedba52) Importer(815301076,1909f56bfc062723c751e8b465ee728b) [PhysX] Initialized MultithreadedTaskDispatcher with 12 workers.
 -> (artifact id: 'd6f57662925cfd2cb85639952d168a15') in 0.024164 seconds
Number of updated asset objects reloaded before import = 0
Number of asset objects unloaded after import = 3
========================================================================
Received Import Request.
  Time since last request: 0.000038 seconds.
  path: Assets/Tiles/main_lev_build_132.asset
  artifactKey: Guid(71c0c6697adffff4388a52faafdab118) Importer(815301076,1909f56bfc062723c751e8b465ee728b)
Start importing Assets/Tiles/main_lev_build_132.asset using Guid(71c0c6697adffff4388a52faafdab118) Importer(815301076,1909f56bfc062723c751e8b465ee728b) [PhysX] Initialized MultithreadedTaskDispatcher with 12 workers.
 -> (artifact id: '2273a8f14f41669d59d2451e1b3fe4aa') in 0.022953 seconds
Number of updated asset objects reloaded before import = 0
Number of asset objects unloaded after import = 3
========================================================================
Received Import Request.
  Time since last request: 0.000020 seconds.
  path: Assets/Tiles/main_lev_build_972.asset
  artifactKey: Guid(202952be88978f64e9c9acd406bd6f76) Importer(815301076,1909f56bfc062723c751e8b465ee728b)
Start importing Assets/Tiles/main_lev_build_972.asset using Guid(202952be88978f64e9c9acd406bd6f76) Importer(815301076,1909f56bfc062723c751e8b465ee728b) [PhysX] Initialized MultithreadedTaskDispatcher with 12 workers.
 -> (artifact id: '920f5d56f66900d54168327a35044f6e') in 0.029037 seconds
Number of updated asset objects reloaded before import = 0
Number of asset objects unloaded after import = 3
========================================================================
Received Import Request.
  Time since last request: 0.000031 seconds.
  path: Assets/Tiles/main_lev_build_1593.asset
  artifactKey: Guid(05cd6a7e813103a49a9d23ea8d42d1ef) Importer(815301076,1909f56bfc062723c751e8b465ee728b)
Start importing Assets/Tiles/main_lev_build_1593.asset using Guid(05cd6a7e813103a49a9d23ea8d42d1ef) Importer(815301076,1909f56bfc062723c751e8b465ee728b) [PhysX] Initialized MultithreadedTaskDispatcher with 12 workers.
 -> (artifact id: 'ea93e48d22daf3820d2e6ae65170e049') in 0.036685 seconds
Number of updated asset objects reloaded before import = 0
Number of asset objects unloaded after import = 3
========================================================================
Received Import Request.
  Time since last request: 0.000046 seconds.
  path: Assets/Tiles/main_lev_build_184.asset
  artifactKey: Guid(8b40f51ab35dfa248967b26ddfb5f25f) Importer(815301076,1909f56bfc062723c751e8b465ee728b)
Start importing Assets/Tiles/main_lev_build_184.asset using Guid(8b40f51ab35dfa248967b26ddfb5f25f) Importer(815301076,1909f56bfc062723c751e8b465ee728b) [PhysX] Initialized MultithreadedTaskDispatcher with 12 workers.
 -> (artifact id: 'd9e6bec4d1d4e06fb48cb8c3f299460f') in 0.029294 seconds
Number of updated asset objects reloaded before import = 0
Number of asset objects unloaded after import = 3
========================================================================
Received Import Request.
  Time since last request: 0.000019 seconds.
  path: Assets/Tiles/main_lev_build_303.asset
  artifactKey: Guid(74700a425ddd1e64186d74c5b2a2b4a1) Importer(815301076,1909f56bfc062723c751e8b465ee728b)
Start importing Assets/Tiles/main_lev_build_303.asset using Guid(74700a425ddd1e64186d74c5b2a2b4a1) Importer(815301076,1909f56bfc062723c751e8b465ee728b) [PhysX] Initialized MultithreadedTaskDispatcher with 12 workers.
 -> (artifact id: '7250caf0fa0d6c7996111cdf432fe905') in 0.022912 seconds
Number of updated asset objects reloaded before import = 0
Number of asset objects unloaded after import = 3
========================================================================
Received Import Request.
  Time since last request: 0.000023 seconds.
  path: Assets/Tiles/main_lev_build_1738.asset
  artifactKey: Guid(8e4937e306884434aa4051f3e709c8fc) Importer(815301076,1909f56bfc062723c751e8b465ee728b)
Start importing Assets/Tiles/main_lev_build_1738.asset using Guid(8e4937e306884434aa4051f3e709c8fc) Importer(815301076,1909f56bfc062723c751e8b465ee728b) [PhysX] Initialized MultithreadedTaskDispatcher with 12 workers.
 -> (artifact id: 'dd5ccb5f1bf8c5d516ac1332952e922d') in 0.023818 seconds
Number of updated asset objects reloaded before import = 0
Number of asset objects unloaded after import = 3
========================================================================
Received Import Request.
  Time since last request: 0.000028 seconds.
  path: Assets/Tiles/main_lev_build_1696.asset
  artifactKey: Guid(135a42d180f721a4a827c1d4be3c2033) Importer(815301076,1909f56bfc062723c751e8b465ee728b)
Start importing Assets/Tiles/main_lev_build_1696.asset using Guid(135a42d180f721a4a827c1d4be3c2033) Importer(815301076,1909f56bfc062723c751e8b465ee728b) [PhysX] Initialized MultithreadedTaskDispatcher with 12 workers.
 -> (artifact id: '250b534a38ffd43e5cfb2fabba3db02c') in 0.043692 seconds
Number of updated asset objects reloaded before import = 0
Number of asset objects unloaded after import = 3
========================================================================
Received Import Request.
  Time since last request: 0.000028 seconds.
  path: Assets/Tiles/main_lev_build_1321.asset
  artifactKey: Guid(f02c5c5a9e7370f4996eb11755b156aa) Importer(815301076,1909f56bfc062723c751e8b465ee728b)
Start importing Assets/Tiles/main_lev_build_1321.asset using Guid(f02c5c5a9e7370f4996eb11755b156aa) Importer(815301076,1909f56bfc062723c751e8b465ee728b) [PhysX] Initialized MultithreadedTaskDispatcher with 12 workers.
 -> (artifact id: 'a187187c39f369b85f4606829e0ab438') in 0.021561 seconds
Number of updated asset objects reloaded before import = 0
Number of asset objects unloaded after import = 3
========================================================================
Received Import Request.
  Time since last request: 0.000028 seconds.
  path: Assets/Tiles/main_lev_build_572.asset
  artifactKey: Guid(4f635a6e43ade6f49b46419196a9b084) Importer(815301076,1909f56bfc062723c751e8b465ee728b)
Start importing Assets/Tiles/main_lev_build_572.asset using Guid(4f635a6e43ade6f49b46419196a9b084) Importer(815301076,1909f56bfc062723c751e8b465ee728b) [PhysX] Initialized MultithreadedTaskDispatcher with 12 workers.
 -> (artifact id: '794aea445951068c9891b69451e4b3a8') in 0.023510 seconds
Number of updated asset objects reloaded before import = 0
Number of asset objects unloaded after import = 3
========================================================================
Received Import Request.
  Time since last request: 0.000027 seconds.
  path: Assets/Tiles/main_lev_build_1488.asset
  artifactKey: Guid(c1f19bf52789f8b418d4f70cb8133d2e) Importer(815301076,1909f56bfc062723c751e8b465ee728b)
Start importing Assets/Tiles/main_lev_build_1488.asset using Guid(c1f19bf52789f8b418d4f70cb8133d2e) Importer(815301076,1909f56bfc062723c751e8b465ee728b) [PhysX] Initialized MultithreadedTaskDispatcher with 12 workers.
 -> (artifact id: '5f8360c0a603ee230c8c8f98d164c91c') in 0.021840 seconds
Number of updated asset objects reloaded before import = 0
Number of asset objects unloaded after import = 3
========================================================================
Received Import Request.
  Time since last request: 0.000026 seconds.
  path: Assets/Tiles/main_lev_build_1741.asset
  artifactKey: Guid(11d435b198ea9864c8855a795a6e4da8) Importer(815301076,1909f56bfc062723c751e8b465ee728b)
Start importing Assets/Tiles/main_lev_build_1741.asset using Guid(11d435b198ea9864c8855a795a6e4da8) Importer(815301076,1909f56bfc062723c751e8b465ee728b) [PhysX] Initialized MultithreadedTaskDispatcher with 12 workers.
 -> (artifact id: 'f6f91358aa62d88c2126244174f7fa48') in 0.036771 seconds
Number of updated asset objects reloaded before import = 0
Number of asset objects unloaded after import = 3
========================================================================
Received Import Request.
  Time since last request: 0.000027 seconds.
  path: Assets/Tiles/main_lev_build_120.asset
  artifactKey: Guid(d30e055680b461f45ab4c58f2e85ad3d) Importer(815301076,1909f56bfc062723c751e8b465ee728b)
Start importing Assets/Tiles/main_lev_build_120.asset using Guid(d30e055680b461f45ab4c58f2e85ad3d) Importer(815301076,1909f56bfc062723c751e8b465ee728b) [PhysX] Initialized MultithreadedTaskDispatcher with 12 workers.
 -> (artifact id: '9e16d31c10df4c1b79ae49ed3d0d41bd') in 0.022730 seconds
Number of updated asset objects reloaded before import = 0
Number of asset objects unloaded after import = 3
========================================================================
Received Import Request.
  Time since last request: 0.000041 seconds.
  path: Assets/Tiles/main_lev_build_169.asset
  artifactKey: Guid(0152a5f5628c38e4cb4beb4f7d4ddae6) Importer(815301076,1909f56bfc062723c751e8b465ee728b)
Start importing Assets/Tiles/main_lev_build_169.asset using Guid(0152a5f5628c38e4cb4beb4f7d4ddae6) Importer(815301076,1909f56bfc062723c751e8b465ee728b) [PhysX] Initialized MultithreadedTaskDispatcher with 12 workers.
 -> (artifact id: '193809127a8dc27c2bd996e6f82d1631') in 0.023464 seconds
Number of updated asset objects reloaded before import = 0
Number of asset objects unloaded after import = 3
========================================================================
Received Import Request.
  Time since last request: 0.000021 seconds.
  path: Assets/Tiles/main_lev_build_980.asset
  artifactKey: Guid(e680897afc5be8844bcf92c7084c3a9d) Importer(815301076,1909f56bfc062723c751e8b465ee728b)
Start importing Assets/Tiles/main_lev_build_980.asset using Guid(e680897afc5be8844bcf92c7084c3a9d) Importer(815301076,1909f56bfc062723c751e8b465ee728b) [PhysX] Initialized MultithreadedTaskDispatcher with 12 workers.
 -> (artifact id: '86f77363eee8a234752e35e42f19ef8e') in 0.022736 seconds
Number of updated asset objects reloaded before import = 0
Number of asset objects unloaded after import = 3
========================================================================
Received Import Request.
  Time since last request: 0.000027 seconds.
  path: Assets/Tiles/main_lev_build_107.asset
  artifactKey: Guid(a299267909d54544d9159cf792508398) Importer(815301076,1909f56bfc062723c751e8b465ee728b)
Start importing Assets/Tiles/main_lev_build_107.asset using Guid(a299267909d54544d9159cf792508398) Importer(815301076,1909f56bfc062723c751e8b465ee728b) [PhysX] Initialized MultithreadedTaskDispatcher with 12 workers.
 -> (artifact id: 'c9a5ac96dc47506977d6424e49baea9e') in 0.021359 seconds
Number of updated asset objects reloaded before import = 0
Number of asset objects unloaded after import = 3
========================================================================
Received Import Request.
  Time since last request: 0.000029 seconds.
  path: Assets/Tiles/main_lev_build_1096.asset
  artifactKey: Guid(ba0eace76177f2d45b2360f639ac40ba) Importer(815301076,1909f56bfc062723c751e8b465ee728b)
Start importing Assets/Tiles/main_lev_build_1096.asset using Guid(ba0eace76177f2d45b2360f639ac40ba) Importer(815301076,1909f56bfc062723c751e8b465ee728b) [PhysX] Initialized MultithreadedTaskDispatcher with 12 workers.
 -> (artifact id: '3d21ff0f4a8eef128fa74603b97fd203') in 0.026011 seconds
Number of updated asset objects reloaded before import = 0
Number of asset objects unloaded after import = 3
========================================================================
Received Import Request.
  Time since last request: 0.000024 seconds.
  path: Assets/Tiles/main_lev_build_792.asset
  artifactKey: Guid(1f1ab95927e20484fa1e3c7fa42122bb) Importer(815301076,1909f56bfc062723c751e8b465ee728b)
Start importing Assets/Tiles/main_lev_build_792.asset using Guid(1f1ab95927e20484fa1e3c7fa42122bb) Importer(815301076,1909f56bfc062723c751e8b465ee728b) [PhysX] Initialized MultithreadedTaskDispatcher with 12 workers.
 -> (artifact id: '6d212db047c66f534adbe605d44c3394') in 0.026274 seconds
Number of updated asset objects reloaded before import = 0
Number of asset objects unloaded after import = 3
========================================================================
Received Import Request.
  Time since last request: 0.000028 seconds.
  path: Assets/Tiles/main_lev_build_1686.asset
  artifactKey: Guid(878319ddf5b1ad74a9d89058cc3ff557) Importer(815301076,1909f56bfc062723c751e8b465ee728b)
Start importing Assets/Tiles/main_lev_build_1686.asset using Guid(878319ddf5b1ad74a9d89058cc3ff557) Importer(815301076,1909f56bfc062723c751e8b465ee728b) [PhysX] Initialized MultithreadedTaskDispatcher with 12 workers.
 -> (artifact id: 'be6746c9e2af4acfa2cc64dca79bd2b1') in 0.066336 seconds
Number of updated asset objects reloaded before import = 0
Number of asset objects unloaded after import = 3
========================================================================
Received Import Request.
  Time since last request: 0.000075 seconds.
  path: Assets/Tiles/main_lev_build_570.asset
  artifactKey: Guid(b8edcdeb0c76d374fb5481ef62ffa9ee) Importer(815301076,1909f56bfc062723c751e8b465ee728b)
Start importing Assets/Tiles/main_lev_build_570.asset using Guid(b8edcdeb0c76d374fb5481ef62ffa9ee) Importer(815301076,1909f56bfc062723c751e8b465ee728b) [PhysX] Initialized MultithreadedTaskDispatcher with 12 workers.
 -> (artifact id: 'df476ce38c38a88e47a43356b991fe54') in 0.075064 seconds
Number of updated asset objects reloaded before import = 0
Number of asset objects unloaded after import = 3
========================================================================
Received Import Request.
  Time since last request: 0.000022 seconds.
  path: Assets/Tiles/main_lev_build_1295.asset
  artifactKey: Guid(ca81d38f30b846c42aa24adab6f28701) Importer(815301076,1909f56bfc062723c751e8b465ee728b)
Start importing Assets/Tiles/main_lev_build_1295.asset using Guid(ca81d38f30b846c42aa24adab6f28701) Importer(815301076,1909f56bfc062723c751e8b465ee728b) [PhysX] Initialized MultithreadedTaskDispatcher with 12 workers.
 -> (artifact id: '563e2d944320ab4d9020b1da7ba110c3') in 0.048059 seconds
Number of updated asset objects reloaded before import = 0
Number of asset objects unloaded after import = 3
========================================================================
Received Import Request.
  Time since last request: 0.000038 seconds.
  path: Assets/Tiles/main_lev_build_392.asset
  artifactKey: Guid(2b6345973fb47164ba64418eca00f106) Importer(815301076,1909f56bfc062723c751e8b465ee728b)
Start importing Assets/Tiles/main_lev_build_392.asset using Guid(2b6345973fb47164ba64418eca00f106) Importer(815301076,1909f56bfc062723c751e8b465ee728b) [PhysX] Initialized MultithreadedTaskDispatcher with 12 workers.
 -> (artifact id: 'cfdde5805eb76ec340262297638dcbad') in 0.031601 seconds
Number of updated asset objects reloaded before import = 0
Number of asset objects unloaded after import = 3
========================================================================
Received Import Request.
  Time since last request: 0.000078 seconds.
  path: Assets/Tiles/main_lev_build_601.asset
  artifactKey: Guid(ee54926cef637ac4cb6919918789043a) Importer(815301076,1909f56bfc062723c751e8b465ee728b)
Start importing Assets/Tiles/main_lev_build_601.asset using Guid(ee54926cef637ac4cb6919918789043a) Importer(815301076,1909f56bfc062723c751e8b465ee728b) [PhysX] Initialized MultithreadedTaskDispatcher with 12 workers.
 -> (artifact id: '179795310cb04c962cacf477f64fd5a5') in 0.035445 seconds
Number of updated asset objects reloaded before import = 0
Number of asset objects unloaded after import = 3
========================================================================
Received Import Request.
  Time since last request: 0.000099 seconds.
  path: Assets/Tiles/main_lev_build_1505.asset
  artifactKey: Guid(5d57ac03c6cc82445a92d742238681bb) Importer(815301076,1909f56bfc062723c751e8b465ee728b)
Start importing Assets/Tiles/main_lev_build_1505.asset using Guid(5d57ac03c6cc82445a92d742238681bb) Importer(815301076,1909f56bfc062723c751e8b465ee728b) [PhysX] Initialized MultithreadedTaskDispatcher with 12 workers.
 -> (artifact id: '1556b4591102e07a442ae7ada38479f9') in 0.026449 seconds
Number of updated asset objects reloaded before import = 0
Number of asset objects unloaded after import = 3
========================================================================
Received Import Request.
  Time since last request: 0.000030 seconds.
  path: Assets/Tiles/main_lev_build_420.asset
  artifactKey: Guid(7e9040e6fb23f854081e233ced9d6b2d) Importer(815301076,1909f56bfc062723c751e8b465ee728b)
Start importing Assets/Tiles/main_lev_build_420.asset using Guid(7e9040e6fb23f854081e233ced9d6b2d) Importer(815301076,1909f56bfc062723c751e8b465ee728b) [PhysX] Initialized MultithreadedTaskDispatcher with 12 workers.
 -> (artifact id: '136ceb51af1cd061d997063c3d8dc876') in 0.024052 seconds
Number of updated asset objects reloaded before import = 0
Number of asset objects unloaded after import = 3
========================================================================
Received Import Request.
  Time since last request: 0.000024 seconds.
  path: Assets/Tiles/main_lev_build_821.asset
  artifactKey: Guid(2119d3fcf0637f44bb08806a3e1a265a) Importer(815301076,1909f56bfc062723c751e8b465ee728b)
Start importing Assets/Tiles/main_lev_build_821.asset using Guid(2119d3fcf0637f44bb08806a3e1a265a) Importer(815301076,1909f56bfc062723c751e8b465ee728b) [PhysX] Initialized MultithreadedTaskDispatcher with 12 workers.
 -> (artifact id: '361c22d0e2e6c2ff73299d7ae0a737cc') in 0.025838 seconds
Number of updated asset objects reloaded before import = 0
Number of asset objects unloaded after import = 3
========================================================================
Received Import Request.
  Time since last request: 0.000024 seconds.
  path: Assets/Tiles/main_lev_build_257.asset
  artifactKey: Guid(24b4f70b96622c14c946689c3d2619e5) Importer(815301076,1909f56bfc062723c751e8b465ee728b)
Start importing Assets/Tiles/main_lev_build_257.asset using Guid(24b4f70b96622c14c946689c3d2619e5) Importer(815301076,1909f56bfc062723c751e8b465ee728b) [PhysX] Initialized MultithreadedTaskDispatcher with 12 workers.
 -> (artifact id: 'bf8372b4be29ee04ef9edfea9155fffb') in 0.024287 seconds
Number of updated asset objects reloaded before import = 0
Number of asset objects unloaded after import = 3
========================================================================
Received Import Request.
  Time since last request: 0.000019 seconds.
  path: Assets/Tiles/main_lev_build_174.asset
  artifactKey: Guid(d1c8ef0d8cb6d8d418f97a8f1dca73fb) Importer(815301076,1909f56bfc062723c751e8b465ee728b)
Start importing Assets/Tiles/main_lev_build_174.asset using Guid(d1c8ef0d8cb6d8d418f97a8f1dca73fb) Importer(815301076,1909f56bfc062723c751e8b465ee728b) [PhysX] Initialized MultithreadedTaskDispatcher with 12 workers.
 -> (artifact id: 'b77bfc8e7d63660aa98e30dcbf92282e') in 0.023035 seconds
Number of updated asset objects reloaded before import = 0
Number of asset objects unloaded after import = 3
========================================================================
Received Import Request.
  Time since last request: 0.000020 seconds.
  path: Assets/Tiles/main_lev_build_285.asset
  artifactKey: Guid(5aa36b81efb40af43b6ab774c8883f46) Importer(815301076,1909f56bfc062723c751e8b465ee728b)
Start importing Assets/Tiles/main_lev_build_285.asset using Guid(5aa36b81efb40af43b6ab774c8883f46) Importer(815301076,1909f56bfc062723c751e8b465ee728b) [PhysX] Initialized MultithreadedTaskDispatcher with 12 workers.
 -> (artifact id: '9bd7db6a71baa30226c6e7ec6a20a907') in 0.021377 seconds
Number of updated asset objects reloaded before import = 0
Number of asset objects unloaded after import = 3
========================================================================
Received Import Request.
  Time since last request: 0.000033 seconds.
  path: Assets/Tiles/main_lev_build_713.asset
  artifactKey: Guid(86904c5f0233a93488ccb638b57c77e1) Importer(815301076,1909f56bfc062723c751e8b465ee728b)
Start importing Assets/Tiles/main_lev_build_713.asset using Guid(86904c5f0233a93488ccb638b57c77e1) Importer(815301076,1909f56bfc062723c751e8b465ee728b) [PhysX] Initialized MultithreadedTaskDispatcher with 12 workers.
 -> (artifact id: '67e73ee201dd2c16663e38a988b3c9ea') in 0.028722 seconds
Number of updated asset objects reloaded before import = 0
Number of asset objects unloaded after import = 3
========================================================================
Received Import Request.
  Time since last request: 0.000038 seconds.
  path: Assets/Tiles/main_lev_build_1764.asset
  artifactKey: Guid(6b111aab1dbdb8d4b874acbd80a06a68) Importer(815301076,1909f56bfc062723c751e8b465ee728b)
Start importing Assets/Tiles/main_lev_build_1764.asset using Guid(6b111aab1dbdb8d4b874acbd80a06a68) Importer(815301076,1909f56bfc062723c751e8b465ee728b) [PhysX] Initialized MultithreadedTaskDispatcher with 12 workers.
 -> (artifact id: '97d732c2a27f7321626ccd1d5798fd48') in 0.029044 seconds
Number of updated asset objects reloaded before import = 0
Number of asset objects unloaded after import = 3
========================================================================
Received Import Request.
  Time since last request: 0.000033 seconds.
  path: Assets/Tiles/main_lev_build_272.asset
  artifactKey: Guid(076ccf6b87d831d4abf8d7ba3d27ca6f) Importer(815301076,1909f56bfc062723c751e8b465ee728b)
Start importing Assets/Tiles/main_lev_build_272.asset using Guid(076ccf6b87d831d4abf8d7ba3d27ca6f) Importer(815301076,1909f56bfc062723c751e8b465ee728b) [PhysX] Initialized MultithreadedTaskDispatcher with 12 workers.
 -> (artifact id: 'd373ce9c3bde710d4e6aee5361629d1d') in 0.028933 seconds
Number of updated asset objects reloaded before import = 0
Number of asset objects unloaded after import = 3
========================================================================
Received Import Request.
  Time since last request: 0.000039 seconds.
  path: Assets/Tiles/main_lev_build_1489.asset
  artifactKey: Guid(8c00c032f4f40a24c9f151bbbce7cb0d) Importer(815301076,1909f56bfc062723c751e8b465ee728b)
Start importing Assets/Tiles/main_lev_build_1489.asset using Guid(8c00c032f4f40a24c9f151bbbce7cb0d) Importer(815301076,1909f56bfc062723c751e8b465ee728b) [PhysX] Initialized MultithreadedTaskDispatcher with 12 workers.
 -> (artifact id: '67dd6b586ef133319b3558ad68518dc7') in 0.030700 seconds
Number of updated asset objects reloaded before import = 0
Number of asset objects unloaded after import = 3
========================================================================
Received Import Request.
  Time since last request: 0.000035 seconds.
  path: Assets/Tiles/main_lev_build_597.asset
  artifactKey: Guid(968abb0988ae6de4dae0980e4a27dd15) Importer(815301076,1909f56bfc062723c751e8b465ee728b)
Start importing Assets/Tiles/main_lev_build_597.asset using Guid(968abb0988ae6de4dae0980e4a27dd15) Importer(815301076,1909f56bfc062723c751e8b465ee728b) [PhysX] Initialized MultithreadedTaskDispatcher with 12 workers.
 -> (artifact id: '1f3071c9d353d51f6f2500780378e472') in 0.034363 seconds
Number of updated asset objects reloaded before import = 0
Number of asset objects unloaded after import = 3
========================================================================
Received Import Request.
  Time since last request: 0.000036 seconds.
  path: Assets/Tiles/main_lev_build_1548.asset
  artifactKey: Guid(db981258f798d3c48b1c303f5cc885d3) Importer(815301076,1909f56bfc062723c751e8b465ee728b)
Start importing Assets/Tiles/main_lev_build_1548.asset using Guid(db981258f798d3c48b1c303f5cc885d3) Importer(815301076,1909f56bfc062723c751e8b465ee728b) [PhysX] Initialized MultithreadedTaskDispatcher with 12 workers.
 -> (artifact id: '5a498f5653fc6d4cc2d51480a301614e') in 0.027166 seconds
Number of updated asset objects reloaded before import = 0
Number of asset objects unloaded after import = 3
========================================================================
Received Import Request.
  Time since last request: 0.000034 seconds.
  path: Assets/Tiles/main_lev_build_1762.asset
  artifactKey: Guid(5210ceeb97631c3499fdad4f48775bc6) Importer(815301076,1909f56bfc062723c751e8b465ee728b)
Start importing Assets/Tiles/main_lev_build_1762.asset using Guid(5210ceeb97631c3499fdad4f48775bc6) Importer(815301076,1909f56bfc062723c751e8b465ee728b) [PhysX] Initialized MultithreadedTaskDispatcher with 12 workers.
 -> (artifact id: '67fa3264d5668bce4ea1b350dffa12ab') in 0.026600 seconds
Number of updated asset objects reloaded before import = 0
Number of asset objects unloaded after import = 3
========================================================================
Received Import Request.
  Time since last request: 0.000032 seconds.
  path: Assets/Tiles/main_lev_build_458.asset
  artifactKey: Guid(66d4190873b0bb840817cb10ab0f3aef) Importer(815301076,1909f56bfc062723c751e8b465ee728b)
Start importing Assets/Tiles/main_lev_build_458.asset using Guid(66d4190873b0bb840817cb10ab0f3aef) Importer(815301076,1909f56bfc062723c751e8b465ee728b) [PhysX] Initialized MultithreadedTaskDispatcher with 12 workers.
 -> (artifact id: '812c062979ecdfbc79bde40b25710861') in 0.028390 seconds
Number of updated asset objects reloaded before import = 0
Number of asset objects unloaded after import = 3
========================================================================
Received Import Request.
  Time since last request: 0.000032 seconds.
  path: Assets/Tiles/main_lev_build_430.asset
  artifactKey: Guid(fd1351f390894e24dbf68c91eea8976f) Importer(815301076,1909f56bfc062723c751e8b465ee728b)
Start importing Assets/Tiles/main_lev_build_430.asset using Guid(fd1351f390894e24dbf68c91eea8976f) Importer(815301076,1909f56bfc062723c751e8b465ee728b) [PhysX] Initialized MultithreadedTaskDispatcher with 12 workers.
 -> (artifact id: '0fa7cda463b1eb82fa8e95b136199b48') in 0.028193 seconds
Number of updated asset objects reloaded before import = 0
Number of asset objects unloaded after import = 3
========================================================================
Received Import Request.
  Time since last request: 0.000032 seconds.
  path: Assets/Tiles/main_lev_build_703.asset
  artifactKey: Guid(2716a99e12a1b2a40ab6b77dd04479b7) Importer(815301076,1909f56bfc062723c751e8b465ee728b)
Start importing Assets/Tiles/main_lev_build_703.asset using Guid(2716a99e12a1b2a40ab6b77dd04479b7) Importer(815301076,1909f56bfc062723c751e8b465ee728b) [PhysX] Initialized MultithreadedTaskDispatcher with 12 workers.
 -> (artifact id: 'd4ad16c46abe815db1d4e60fbd532661') in 0.028685 seconds
Number of updated asset objects reloaded before import = 0
Number of asset objects unloaded after import = 3
========================================================================
Received Import Request.
  Time since last request: 0.000023 seconds.
  path: Assets/Tiles/main_lev_build_1776.asset
  artifactKey: Guid(50f6528c1a58db446bbf39212c32437f) Importer(815301076,1909f56bfc062723c751e8b465ee728b)
Start importing Assets/Tiles/main_lev_build_1776.asset using Guid(50f6528c1a58db446bbf39212c32437f) Importer(815301076,1909f56bfc062723c751e8b465ee728b) [PhysX] Initialized MultithreadedTaskDispatcher with 12 workers.
 -> (artifact id: '7a3fe733c82040fda05a0ab094a3350f') in 0.035914 seconds
Number of updated asset objects reloaded before import = 0
Number of asset objects unloaded after import = 3
========================================================================
Received Import Request.
  Time since last request: 0.000024 seconds.
  path: Assets/Tiles/main_lev_build_128.asset
  artifactKey: Guid(3670813c97272414f8240ab689bd6fb4) Importer(815301076,1909f56bfc062723c751e8b465ee728b)
Start importing Assets/Tiles/main_lev_build_128.asset using Guid(3670813c97272414f8240ab689bd6fb4) Importer(815301076,1909f56bfc062723c751e8b465ee728b) [PhysX] Initialized MultithreadedTaskDispatcher with 12 workers.
 -> (artifact id: '6bbb09bc0aa7a0e7f0edc829c0e8be58') in 0.024765 seconds
Number of updated asset objects reloaded before import = 0
Number of asset objects unloaded after import = 3
========================================================================
Received Import Request.
  Time since last request: 0.000021 seconds.
  path: Assets/Tiles/main_lev_build_622.asset
  artifactKey: Guid(02797565f9921ab4fb85b3398d078e43) Importer(815301076,1909f56bfc062723c751e8b465ee728b)
Start importing Assets/Tiles/main_lev_build_622.asset using Guid(02797565f9921ab4fb85b3398d078e43) Importer(815301076,1909f56bfc062723c751e8b465ee728b) [PhysX] Initialized MultithreadedTaskDispatcher with 12 workers.
 -> (artifact id: '9c44822c6d5877d68343d6ccf06a91e0') in 0.025344 seconds
Number of updated asset objects reloaded before import = 0
Number of asset objects unloaded after import = 3
========================================================================
Received Import Request.
  Time since last request: 0.000044 seconds.
  path: Assets/Tiles/main_lev_build_573.asset
  artifactKey: Guid(8a0f2e7104e8d2041af1e7143001397e) Importer(815301076,1909f56bfc062723c751e8b465ee728b)
Start importing Assets/Tiles/main_lev_build_573.asset using Guid(8a0f2e7104e8d2041af1e7143001397e) Importer(815301076,1909f56bfc062723c751e8b465ee728b) [PhysX] Initialized MultithreadedTaskDispatcher with 12 workers.
 -> (artifact id: '201b15fd109ddb6851099fdfec617028') in 0.025573 seconds
Number of updated asset objects reloaded before import = 0
Number of asset objects unloaded after import = 3
========================================================================
Received Import Request.
  Time since last request: 0.000032 seconds.
  path: Assets/Tiles/main_lev_build_1563.asset
  artifactKey: Guid(4728e198c3f8cbd41bda5687193f1536) Importer(815301076,1909f56bfc062723c751e8b465ee728b)
Start importing Assets/Tiles/main_lev_build_1563.asset using Guid(4728e198c3f8cbd41bda5687193f1536) Importer(815301076,1909f56bfc062723c751e8b465ee728b) [PhysX] Initialized MultithreadedTaskDispatcher with 12 workers.
 -> (artifact id: '8163b9394fb017ec3120df6208594d49') in 0.026194 seconds
Number of updated asset objects reloaded before import = 0
Number of asset objects unloaded after import = 3
========================================================================
Received Import Request.
  Time since last request: 0.000023 seconds.
  path: Assets/Tiles/main_lev_build_1121.asset
  artifactKey: Guid(b2993362c2a143f42ad413e9997dc7aa) Importer(815301076,1909f56bfc062723c751e8b465ee728b)
Start importing Assets/Tiles/main_lev_build_1121.asset using Guid(b2993362c2a143f42ad413e9997dc7aa) Importer(815301076,1909f56bfc062723c751e8b465ee728b) [PhysX] Initialized MultithreadedTaskDispatcher with 12 workers.
 -> (artifact id: '32ff3352ec633311e03f718a6266dcac') in 0.027600 seconds
Number of updated asset objects reloaded before import = 0
Number of asset objects unloaded after import = 3
========================================================================
Received Import Request.
  Time since last request: 0.000040 seconds.
  path: Assets/Tiles/main_lev_build_1056.asset
  artifactKey: Guid(247051860b37eb54d83f90489aa63fcc) Importer(815301076,1909f56bfc062723c751e8b465ee728b)
Start importing Assets/Tiles/main_lev_build_1056.asset using Guid(247051860b37eb54d83f90489aa63fcc) Importer(815301076,1909f56bfc062723c751e8b465ee728b) [PhysX] Initialized MultithreadedTaskDispatcher with 12 workers.
 -> (artifact id: 'b1f78de80971d47b3d8cdcf5438ce8fb') in 0.024240 seconds
Number of updated asset objects reloaded before import = 0
Number of asset objects unloaded after import = 3
========================================================================
Received Import Request.
  Time since last request: 0.000038 seconds.
  path: Assets/Tiles/main_lev_build_1332.asset
  artifactKey: Guid(5e15fc8360d4f6a4a92f60e461fb7ae0) Importer(815301076,1909f56bfc062723c751e8b465ee728b)
Start importing Assets/Tiles/main_lev_build_1332.asset using Guid(5e15fc8360d4f6a4a92f60e461fb7ae0) Importer(815301076,1909f56bfc062723c751e8b465ee728b) [PhysX] Initialized MultithreadedTaskDispatcher with 12 workers.
 -> (artifact id: '952bb9ea030242934c5c300037b8b9a5') in 0.027381 seconds
Number of updated asset objects reloaded before import = 0
Number of asset objects unloaded after import = 3
========================================================================
Received Import Request.
  Time since last request: 0.000023 seconds.
  path: Assets/Tiles/main_lev_build_383.asset
  artifactKey: Guid(755bba3fc87874e429f4d99c98cc0f50) Importer(815301076,1909f56bfc062723c751e8b465ee728b)
Start importing Assets/Tiles/main_lev_build_383.asset using Guid(755bba3fc87874e429f4d99c98cc0f50) Importer(815301076,1909f56bfc062723c751e8b465ee728b) [PhysX] Initialized MultithreadedTaskDispatcher with 12 workers.
 -> (artifact id: '12e7adf90c7a244b462f7024da0d7ba7') in 0.024378 seconds
Number of updated asset objects reloaded before import = 0
Number of asset objects unloaded after import = 3
========================================================================
Received Import Request.
  Time since last request: 0.000025 seconds.
  path: Assets/Tiles/main_lev_build_1503.asset
  artifactKey: Guid(42d79b28ea7beb244a0a0ac8c3d71104) Importer(815301076,1909f56bfc062723c751e8b465ee728b)
Start importing Assets/Tiles/main_lev_build_1503.asset using Guid(42d79b28ea7beb244a0a0ac8c3d71104) Importer(815301076,1909f56bfc062723c751e8b465ee728b) [PhysX] Initialized MultithreadedTaskDispatcher with 12 workers.
 -> (artifact id: '3dc56208ab24fbbb8fe40fcc1c298ab7') in 0.022451 seconds
Number of updated asset objects reloaded before import = 0
Number of asset objects unloaded after import = 3
========================================================================
Received Import Request.
  Time since last request: 0.000025 seconds.
  path: Assets/Tiles/main_lev_build_926.asset
  artifactKey: Guid(cbef7f59495142e47aac8ca80246af71) Importer(815301076,1909f56bfc062723c751e8b465ee728b)
Start importing Assets/Tiles/main_lev_build_926.asset using Guid(cbef7f59495142e47aac8ca80246af71) Importer(815301076,1909f56bfc062723c751e8b465ee728b) [PhysX] Initialized MultithreadedTaskDispatcher with 12 workers.
 -> (artifact id: 'd7188ed64581459a3731283b2810205b') in 0.029487 seconds
Number of updated asset objects reloaded before import = 0
Number of asset objects unloaded after import = 3
========================================================================
Received Import Request.
  Time since last request: 0.000024 seconds.
  path: Assets/Tiles/main_lev_build_293.asset
  artifactKey: Guid(56c8471450e9d1b4cb614e19f25f3fc0) Importer(815301076,1909f56bfc062723c751e8b465ee728b)
Start importing Assets/Tiles/main_lev_build_293.asset using Guid(56c8471450e9d1b4cb614e19f25f3fc0) Importer(815301076,1909f56bfc062723c751e8b465ee728b) [PhysX] Initialized MultithreadedTaskDispatcher with 12 workers.
 -> (artifact id: '2b7653bb9a305620ba2f3db58dcd046e') in 0.030555 seconds
Number of updated asset objects reloaded before import = 0
Number of asset objects unloaded after import = 3
========================================================================
Received Import Request.
  Time since last request: 0.000026 seconds.
  path: Assets/Tiles/main_lev_build_960.asset
  artifactKey: Guid(e839f893a0b75c449b9da8b45031eb58) Importer(815301076,1909f56bfc062723c751e8b465ee728b)
Start importing Assets/Tiles/main_lev_build_960.asset using Guid(e839f893a0b75c449b9da8b45031eb58) Importer(815301076,1909f56bfc062723c751e8b465ee728b) [PhysX] Initialized MultithreadedTaskDispatcher with 12 workers.
 -> (artifact id: 'b95c236aee57c6ca141b9b99b0687fd6') in 0.029450 seconds
Number of updated asset objects reloaded before import = 0
Number of asset objects unloaded after import = 3
========================================================================
Received Import Request.
  Time since last request: 0.000066 seconds.
  path: Assets/Tiles/main_lev_build_1001.asset
  artifactKey: Guid(d6476ee0272d0664f81e8cc8ca8e3ffb) Importer(815301076,1909f56bfc062723c751e8b465ee728b)
Start importing Assets/Tiles/main_lev_build_1001.asset using Guid(d6476ee0272d0664f81e8cc8ca8e3ffb) Importer(815301076,1909f56bfc062723c751e8b465ee728b) [PhysX] Initialized MultithreadedTaskDispatcher with 12 workers.
 -> (artifact id: 'c6d74960bcfc389ca4cb842824d9da58') in 0.028942 seconds
Number of updated asset objects reloaded before import = 0
Number of asset objects unloaded after import = 3
========================================================================
Received Import Request.
  Time since last request: 0.000103 seconds.
  path: Assets/Tiles/main_lev_build_1740.asset
  artifactKey: Guid(67c5babbf038a2d48b62387b3ea4ef8f) Importer(815301076,1909f56bfc062723c751e8b465ee728b)
Start importing Assets/Tiles/main_lev_build_1740.asset using Guid(67c5babbf038a2d48b62387b3ea4ef8f) Importer(815301076,1909f56bfc062723c751e8b465ee728b) [PhysX] Initialized MultithreadedTaskDispatcher with 12 workers.
 -> (artifact id: '3a5bf4a8a1f4b34ba337cc3ca37b0f8f') in 0.029856 seconds
Number of updated asset objects reloaded before import = 0
Number of asset objects unloaded after import = 3
========================================================================
Received Import Request.
  Time since last request: 0.000023 seconds.
  path: Assets/Tiles/main_lev_build_230.asset
  artifactKey: Guid(a9a63fd27a160a746a1edfaead959ef2) Importer(815301076,1909f56bfc062723c751e8b465ee728b)
Start importing Assets/Tiles/main_lev_build_230.asset using Guid(a9a63fd27a160a746a1edfaead959ef2) Importer(815301076,1909f56bfc062723c751e8b465ee728b) [PhysX] Initialized MultithreadedTaskDispatcher with 12 workers.
 -> (artifact id: '05ca006a6aed2c79af664972967bcdd3') in 0.028537 seconds
Number of updated asset objects reloaded before import = 0
Number of asset objects unloaded after import = 3
========================================================================
Received Import Request.
  Time since last request: 0.000037 seconds.
  path: Assets/Tiles/main_lev_build_619.asset
  artifactKey: Guid(b5d28f128e7f25c4eaca8bd74176f7e9) Importer(815301076,1909f56bfc062723c751e8b465ee728b)
Start importing Assets/Tiles/main_lev_build_619.asset using Guid(b5d28f128e7f25c4eaca8bd74176f7e9) Importer(815301076,1909f56bfc062723c751e8b465ee728b) [PhysX] Initialized MultithreadedTaskDispatcher with 12 workers.
 -> (artifact id: 'c2fa142a5c391d8846a160f15ba86bda') in 0.030283 seconds
Number of updated asset objects reloaded before import = 0
Number of asset objects unloaded after import = 3
========================================================================
Received Import Request.
  Time since last request: 0.000034 seconds.
  path: Assets/Tiles/main_lev_build_654.asset
  artifactKey: Guid(39c6a80f6d1b96b49b1298698de40985) Importer(815301076,1909f56bfc062723c751e8b465ee728b)
Start importing Assets/Tiles/main_lev_build_654.asset using Guid(39c6a80f6d1b96b49b1298698de40985) Importer(815301076,1909f56bfc062723c751e8b465ee728b) [PhysX] Initialized MultithreadedTaskDispatcher with 12 workers.
 -> (artifact id: 'f9f64dbb81aa2ae8582f548e077ddc9e') in 0.042918 seconds
Number of updated asset objects reloaded before import = 0
Number of asset objects unloaded after import = 3
========================================================================
Received Import Request.
  Time since last request: 0.000031 seconds.
  path: Assets/Tiles/main_lev_build_1699.asset
  artifactKey: Guid(b3623f65a85f02543b39750019f18ddf) Importer(815301076,1909f56bfc062723c751e8b465ee728b)
Start importing Assets/Tiles/main_lev_build_1699.asset using Guid(b3623f65a85f02543b39750019f18ddf) Importer(815301076,1909f56bfc062723c751e8b465ee728b) [PhysX] Initialized MultithreadedTaskDispatcher with 12 workers.
 -> (artifact id: '28894fe67fe00a39a0ef2640c5db0964') in 0.065692 seconds
Number of updated asset objects reloaded before import = 0
Number of asset objects unloaded after import = 3
========================================================================
Received Import Request.
  Time since last request: 0.000029 seconds.
  path: Assets/Tiles/main_lev_build_689.asset
  artifactKey: Guid(728a592a9b8f63f4bb4962dcfadae9e3) Importer(815301076,1909f56bfc062723c751e8b465ee728b)
Start importing Assets/Tiles/main_lev_build_689.asset using Guid(728a592a9b8f63f4bb4962dcfadae9e3) Importer(815301076,1909f56bfc062723c751e8b465ee728b) [PhysX] Initialized MultithreadedTaskDispatcher with 12 workers.
 -> (artifact id: '8a263296a3ec9fb635e5fdbbe1fe3437') in 0.049266 seconds
Number of updated asset objects reloaded before import = 0
Number of asset objects unloaded after import = 3
========================================================================
Received Import Request.
  Time since last request: 0.000044 seconds.
  path: Assets/Tiles/main_lev_build_986.asset
  artifactKey: Guid(563a50241bdfbfb47b40ecf10ce0acc1) Importer(815301076,1909f56bfc062723c751e8b465ee728b)
Start importing Assets/Tiles/main_lev_build_986.asset using Guid(563a50241bdfbfb47b40ecf10ce0acc1) Importer(815301076,1909f56bfc062723c751e8b465ee728b) [PhysX] Initialized MultithreadedTaskDispatcher with 12 workers.
 -> (artifact id: '95dd1707426ff724fdd37ab255561da2') in 0.055269 seconds
Number of updated asset objects reloaded before import = 0
Number of asset objects unloaded after import = 3
========================================================================
Received Import Request.
  Time since last request: 0.000032 seconds.
  path: Assets/Tiles/main_lev_build_1565.asset
  artifactKey: Guid(0cdb661a343c7344894ae0ffaaef9c45) Importer(815301076,1909f56bfc062723c751e8b465ee728b)
Start importing Assets/Tiles/main_lev_build_1565.asset using Guid(0cdb661a343c7344894ae0ffaaef9c45) Importer(815301076,1909f56bfc062723c751e8b465ee728b) [PhysX] Initialized MultithreadedTaskDispatcher with 12 workers.
 -> (artifact id: 'cea9f6cbadeb907ba42c79f738870960') in 0.046876 seconds
Number of updated asset objects reloaded before import = 0
Number of asset objects unloaded after import = 3
========================================================================
Received Import Request.
  Time since last request: 0.000039 seconds.
  path: Assets/Tiles/main_lev_build_1030.asset
  artifactKey: Guid(264a2cdf5140c69418cd9f9f4f9c88fc) Importer(815301076,1909f56bfc062723c751e8b465ee728b)
Start importing Assets/Tiles/main_lev_build_1030.asset using Guid(264a2cdf5140c69418cd9f9f4f9c88fc) Importer(815301076,1909f56bfc062723c751e8b465ee728b) [PhysX] Initialized MultithreadedTaskDispatcher with 12 workers.
 -> (artifact id: 'c07cfd1b94395ec96e9a497559e8742f') in 0.054454 seconds
Number of updated asset objects reloaded before import = 0
Number of asset objects unloaded after import = 3
========================================================================
Received Import Request.
  Time since last request: 0.000029 seconds.
  path: Assets/Tiles/main_lev_build_667.asset
  artifactKey: Guid(3d8a45955dd1a4c419e5a64ec9cbcb9b) Importer(815301076,1909f56bfc062723c751e8b465ee728b)
Start importing Assets/Tiles/main_lev_build_667.asset using Guid(3d8a45955dd1a4c419e5a64ec9cbcb9b) Importer(815301076,1909f56bfc062723c751e8b465ee728b) [PhysX] Initialized MultithreadedTaskDispatcher with 12 workers.
 -> (artifact id: '0fc76609fc1f08e725aa1760e4729993') in 0.027304 seconds
Number of updated asset objects reloaded before import = 0
Number of asset objects unloaded after import = 3
========================================================================
Received Import Request.
  Time since last request: 0.000058 seconds.
  path: Assets/Tiles/main_lev_build_1615.asset
  artifactKey: Guid(581240e877655f74a9f2ae363cde821d) Importer(815301076,1909f56bfc062723c751e8b465ee728b)
Start importing Assets/Tiles/main_lev_build_1615.asset using Guid(581240e877655f74a9f2ae363cde821d) Importer(815301076,1909f56bfc062723c751e8b465ee728b) [PhysX] Initialized MultithreadedTaskDispatcher with 12 workers.
 -> (artifact id: 'f61c3dae2ba2f8ac0c93c14ab2a03bb2') in 0.029407 seconds
Number of updated asset objects reloaded before import = 0
Number of asset objects unloaded after import = 3
========================================================================
Received Import Request.
  Time since last request: 0.000143 seconds.
  path: Assets/Tiles/main_lev_build_637.asset
  artifactKey: Guid(b14869fe6b1a8a54a9331288552f3fcc) Importer(815301076,1909f56bfc062723c751e8b465ee728b)
Start importing Assets/Tiles/main_lev_build_637.asset using Guid(b14869fe6b1a8a54a9331288552f3fcc) Importer(815301076,1909f56bfc062723c751e8b465ee728b) [PhysX] Initialized MultithreadedTaskDispatcher with 12 workers.
 -> (artifact id: '2fe86a4330bc22a0ed55017224a32880') in 0.026917 seconds
Number of updated asset objects reloaded before import = 0
Number of asset objects unloaded after import = 3
========================================================================
Received Import Request.
  Time since last request: 0.000030 seconds.
  path: Assets/Tiles/main_lev_build_280.asset
  artifactKey: Guid(ef6ae3e66879245449ef0604300416ef) Importer(815301076,1909f56bfc062723c751e8b465ee728b)
Start importing Assets/Tiles/main_lev_build_280.asset using Guid(ef6ae3e66879245449ef0604300416ef) Importer(815301076,1909f56bfc062723c751e8b465ee728b) [PhysX] Initialized MultithreadedTaskDispatcher with 12 workers.
 -> (artifact id: '16570161d804067fc52f55284e44a35e') in 0.023801 seconds
Number of updated asset objects reloaded before import = 0
Number of asset objects unloaded after import = 3
========================================================================
Received Import Request.
  Time since last request: 0.000035 seconds.
  path: Assets/Tiles/main_lev_build_154.asset
  artifactKey: Guid(028957b01c787834b86f5df43973d4f5) Importer(815301076,1909f56bfc062723c751e8b465ee728b)
Start importing Assets/Tiles/main_lev_build_154.asset using Guid(028957b01c787834b86f5df43973d4f5) Importer(815301076,1909f56bfc062723c751e8b465ee728b) [PhysX] Initialized MultithreadedTaskDispatcher with 12 workers.
 -> (artifact id: '339bb4b78b28275b6937a3242384646c') in 0.025498 seconds
Number of updated asset objects reloaded before import = 0
Number of asset objects unloaded after import = 3
========================================================================
Received Import Request.
  Time since last request: 0.000023 seconds.
  path: Assets/Tiles/main_lev_build_1486.asset
  artifactKey: Guid(7144fc268dcb8314d8fd07cc97ce398b) Importer(815301076,1909f56bfc062723c751e8b465ee728b)
Start importing Assets/Tiles/main_lev_build_1486.asset using Guid(7144fc268dcb8314d8fd07cc97ce398b) Importer(815301076,1909f56bfc062723c751e8b465ee728b) [PhysX] Initialized MultithreadedTaskDispatcher with 12 workers.
 -> (artifact id: '03c099092d343ca9a40af4b8a4eac185') in 0.025802 seconds
Number of updated asset objects reloaded before import = 0
Number of asset objects unloaded after import = 3
========================================================================
Received Import Request.
  Time since last request: 0.000038 seconds.
  path: Assets/Tiles/main_lev_build_1100.asset
  artifactKey: Guid(3f2754f5df544cb448395114980fa405) Importer(815301076,1909f56bfc062723c751e8b465ee728b)
Start importing Assets/Tiles/main_lev_build_1100.asset using Guid(3f2754f5df544cb448395114980fa405) Importer(815301076,1909f56bfc062723c751e8b465ee728b) [PhysX] Initialized MultithreadedTaskDispatcher with 12 workers.
 -> (artifact id: 'c44f1a8a795bb09944eef4a503af1ad7') in 0.029851 seconds
Number of updated asset objects reloaded before import = 0
Number of asset objects unloaded after import = 3
========================================================================
Received Import Request.
  Time since last request: 0.000063 seconds.
  path: Assets/Tiles/main_lev_build_214.asset
  artifactKey: Guid(dfc0339dca4622a4aa441ac6a755175c) Importer(815301076,1909f56bfc062723c751e8b465ee728b)
Start importing Assets/Tiles/main_lev_build_214.asset using Guid(dfc0339dca4622a4aa441ac6a755175c) Importer(815301076,1909f56bfc062723c751e8b465ee728b) [PhysX] Initialized MultithreadedTaskDispatcher with 12 workers.
 -> (artifact id: '1ab6824e5630dc58a20a1638bec281ed') in 0.039531 seconds
Number of updated asset objects reloaded before import = 0
Number of asset objects unloaded after import = 3
========================================================================
Received Import Request.
  Time since last request: 0.000025 seconds.
  path: Assets/Tiles/main_lev_build_958.asset
  artifactKey: Guid(618bd2d5613d76e459314d413e07f93a) Importer(815301076,1909f56bfc062723c751e8b465ee728b)
Start importing Assets/Tiles/main_lev_build_958.asset using Guid(618bd2d5613d76e459314d413e07f93a) Importer(815301076,1909f56bfc062723c751e8b465ee728b) [PhysX] Initialized MultithreadedTaskDispatcher with 12 workers.
 -> (artifact id: '5ac64b7ee84a31fa73ddff4c2e84b3be') in 0.030459 seconds
Number of updated asset objects reloaded before import = 0
Number of asset objects unloaded after import = 3
========================================================================
Received Import Request.
  Time since last request: 0.000034 seconds.
  path: Assets/Tiles/main_lev_build_656.asset
  artifactKey: Guid(39380a5aba70f6e419cef6faa6eb9803) Importer(815301076,1909f56bfc062723c751e8b465ee728b)
Start importing Assets/Tiles/main_lev_build_656.asset using Guid(39380a5aba70f6e419cef6faa6eb9803) Importer(815301076,1909f56bfc062723c751e8b465ee728b) [PhysX] Initialized MultithreadedTaskDispatcher with 12 workers.
 -> (artifact id: '2f63b08c636a39569e4c5d7b8f095bfb') in 0.027846 seconds
Number of updated asset objects reloaded before import = 0
Number of asset objects unloaded after import = 3
========================================================================
Received Import Request.
  Time since last request: 0.000154 seconds.
  path: Assets/Tiles/main_lev_build_831.asset
  artifactKey: Guid(52f617c1d893aca41b73f4a50bd53f48) Importer(815301076,1909f56bfc062723c751e8b465ee728b)
Start importing Assets/Tiles/main_lev_build_831.asset using Guid(52f617c1d893aca41b73f4a50bd53f48) Importer(815301076,1909f56bfc062723c751e8b465ee728b) [PhysX] Initialized MultithreadedTaskDispatcher with 12 workers.
 -> (artifact id: 'f4bd90bf7d488044a2b5039d38dae5b7') in 0.030086 seconds
Number of updated asset objects reloaded before import = 0
Number of asset objects unloaded after import = 3
========================================================================
Received Import Request.
  Time since last request: 0.000029 seconds.
  path: Assets/Tiles/main_lev_build_1018.asset
  artifactKey: Guid(73ca2df8d457ee343a4c8330d1336add) Importer(815301076,1909f56bfc062723c751e8b465ee728b)
Start importing Assets/Tiles/main_lev_build_1018.asset using Guid(73ca2df8d457ee343a4c8330d1336add) Importer(815301076,1909f56bfc062723c751e8b465ee728b) [PhysX] Initialized MultithreadedTaskDispatcher with 12 workers.
 -> (artifact id: 'edcc6b8692ef08d80e2d4c68794c2f5c') in 0.028604 seconds
Number of updated asset objects reloaded before import = 0
Number of asset objects unloaded after import = 3
========================================================================
Received Import Request.
  Time since last request: 0.000037 seconds.
  path: Assets/Tiles/main_lev_build_617.asset
  artifactKey: Guid(cd9142e72ac4daf43b0d706559a8399d) Importer(815301076,1909f56bfc062723c751e8b465ee728b)
Start importing Assets/Tiles/main_lev_build_617.asset using Guid(cd9142e72ac4daf43b0d706559a8399d) Importer(815301076,1909f56bfc062723c751e8b465ee728b) [PhysX] Initialized MultithreadedTaskDispatcher with 12 workers.
 -> (artifact id: '39856373a170ba3dc1cb16994bb5b1c0') in 0.026987 seconds
Number of updated asset objects reloaded before import = 0
Number of asset objects unloaded after import = 3
========================================================================
Received Import Request.
  Time since last request: 0.000032 seconds.
  path: Assets/Tiles/main_lev_build_167.asset
  artifactKey: Guid(9428e74fe5b921b45ad5d90a86c7e92f) Importer(815301076,1909f56bfc062723c751e8b465ee728b)
Start importing Assets/Tiles/main_lev_build_167.asset using Guid(9428e74fe5b921b45ad5d90a86c7e92f) Importer(815301076,1909f56bfc062723c751e8b465ee728b) [PhysX] Initialized MultithreadedTaskDispatcher with 12 workers.
 -> (artifact id: 'f04e1ac5750eb70b86f9e21f7e64c7ac') in 0.030332 seconds
Number of updated asset objects reloaded before import = 0
Number of asset objects unloaded after import = 3
========================================================================
Received Import Request.
  Time since last request: 0.000026 seconds.
  path: Assets/Tiles/main_lev_build_1276.asset
  artifactKey: Guid(b839d3c83babc004584f8dd97316d289) Importer(815301076,1909f56bfc062723c751e8b465ee728b)
Start importing Assets/Tiles/main_lev_build_1276.asset using Guid(b839d3c83babc004584f8dd97316d289) Importer(815301076,1909f56bfc062723c751e8b465ee728b) [PhysX] Initialized MultithreadedTaskDispatcher with 12 workers.
 -> (artifact id: '75653325718dcdce828ee43a3340b13d') in 0.027096 seconds
Number of updated asset objects reloaded before import = 0
Number of asset objects unloaded after import = 3
========================================================================
Received Import Request.
  Time since last request: 0.000048 seconds.
  path: Assets/Tiles/main_lev_build_759.asset
  artifactKey: Guid(9728a26815e0a2d499463f6170e09f56) Importer(815301076,1909f56bfc062723c751e8b465ee728b)
Start importing Assets/Tiles/main_lev_build_759.asset using Guid(9728a26815e0a2d499463f6170e09f56) Importer(815301076,1909f56bfc062723c751e8b465ee728b) [PhysX] Initialized MultithreadedTaskDispatcher with 12 workers.
 -> (artifact id: 'f538a311c83b054064b8d362b16b7f48') in 0.027243 seconds
Number of updated asset objects reloaded before import = 0
Number of asset objects unloaded after import = 3
========================================================================
Received Import Request.
  Time since last request: 0.000032 seconds.
  path: Assets/Tiles/main_lev_build_1487.asset
  artifactKey: Guid(909c791eb47d8b046a1f512322facdf5) Importer(815301076,1909f56bfc062723c751e8b465ee728b)
Start importing Assets/Tiles/main_lev_build_1487.asset using Guid(909c791eb47d8b046a1f512322facdf5) Importer(815301076,1909f56bfc062723c751e8b465ee728b) [PhysX] Initialized MultithreadedTaskDispatcher with 12 workers.
 -> (artifact id: 'e87ae6234afee6670eb3697ec3e04087') in 0.026320 seconds
Number of updated asset objects reloaded before import = 0
Number of asset objects unloaded after import = 3
========================================================================
Received Import Request.
  Time since last request: 0.000032 seconds.
  path: Assets/Tiles/main_lev_build_186.asset
  artifactKey: Guid(e2c577e57fb812741a09ead3f05ba75e) Importer(815301076,1909f56bfc062723c751e8b465ee728b)
Start importing Assets/Tiles/main_lev_build_186.asset using Guid(e2c577e57fb812741a09ead3f05ba75e) Importer(815301076,1909f56bfc062723c751e8b465ee728b) [PhysX] Initialized MultithreadedTaskDispatcher with 12 workers.
 -> (artifact id: '234b03214ab887d0b4237d52676c6d00') in 0.028102 seconds
Number of updated asset objects reloaded before import = 0
Number of asset objects unloaded after import = 3
========================================================================
Received Import Request.
  Time since last request: 0.000028 seconds.
  path: Assets/Tiles/main_lev_build_1630.asset
  artifactKey: Guid(a529a7fe74adadd4f8232fcf95f07b63) Importer(815301076,1909f56bfc062723c751e8b465ee728b)
Start importing Assets/Tiles/main_lev_build_1630.asset using Guid(a529a7fe74adadd4f8232fcf95f07b63) Importer(815301076,1909f56bfc062723c751e8b465ee728b) [PhysX] Initialized MultithreadedTaskDispatcher with 12 workers.
 -> (artifact id: '35ab74547ae0e7b43be89e54ed2ea1cb') in 0.031545 seconds
Number of updated asset objects reloaded before import = 0
Number of asset objects unloaded after import = 3
========================================================================
Received Import Request.
  Time since last request: 0.000026 seconds.
  path: Assets/Tiles/main_lev_build_983.asset
  artifactKey: Guid(4a5f66f2087fe6a4fa2b8f4eff151690) Importer(815301076,1909f56bfc062723c751e8b465ee728b)
Start importing Assets/Tiles/main_lev_build_983.asset using Guid(4a5f66f2087fe6a4fa2b8f4eff151690) Importer(815301076,1909f56bfc062723c751e8b465ee728b) [PhysX] Initialized MultithreadedTaskDispatcher with 12 workers.
 -> (artifact id: '53e425062afab18cbc9333689305ae1c') in 0.029948 seconds
Number of updated asset objects reloaded before import = 0
Number of asset objects unloaded after import = 3
========================================================================
Received Import Request.
  Time since last request: 0.000045 seconds.
  path: Assets/Tiles/main_lev_build_254.asset
  artifactKey: Guid(62ab1b3a62bcecd43bd1961851028bb7) Importer(815301076,1909f56bfc062723c751e8b465ee728b)
Start importing Assets/Tiles/main_lev_build_254.asset using Guid(62ab1b3a62bcecd43bd1961851028bb7) Importer(815301076,1909f56bfc062723c751e8b465ee728b) [PhysX] Initialized MultithreadedTaskDispatcher with 12 workers.
 -> (artifact id: '8effa035a625ae2e58ebd1bac45b26c8') in 0.031181 seconds
Number of updated asset objects reloaded before import = 0
Number of asset objects unloaded after import = 3
========================================================================
Received Import Request.
  Time since last request: 0.000041 seconds.
  path: Assets/Tiles/main_lev_build_874.asset
  artifactKey: Guid(02810ef2e8ec33544b378a051d8cd2b6) Importer(815301076,1909f56bfc062723c751e8b465ee728b)
Start importing Assets/Tiles/main_lev_build_874.asset using Guid(02810ef2e8ec33544b378a051d8cd2b6) Importer(815301076,1909f56bfc062723c751e8b465ee728b) [PhysX] Initialized MultithreadedTaskDispatcher with 12 workers.
 -> (artifact id: '3076793ed3c9f6fde359ae4a9f370d89') in 0.030243 seconds
Number of updated asset objects reloaded before import = 0
Number of asset objects unloaded after import = 3
========================================================================
Received Import Request.
  Time since last request: 0.000041 seconds.
  path: Assets/Tiles/main_lev_build_1713.asset
  artifactKey: Guid(9c985f378f84e3b4a9aa313c538eda0a) Importer(815301076,1909f56bfc062723c751e8b465ee728b)
Start importing Assets/Tiles/main_lev_build_1713.asset using Guid(9c985f378f84e3b4a9aa313c538eda0a) Importer(815301076,1909f56bfc062723c751e8b465ee728b) [PhysX] Initialized MultithreadedTaskDispatcher with 12 workers.
 -> (artifact id: 'f72dfb9a2e90e66d9a252e8b617284fc') in 0.031229 seconds
Number of updated asset objects reloaded before import = 0
Number of asset objects unloaded after import = 3
========================================================================
Received Import Request.
  Time since last request: 0.000043 seconds.
  path: Assets/Tiles/main_lev_build_1684.asset
  artifactKey: Guid(99fee96204f93e9408d4acb53875b67f) Importer(815301076,1909f56bfc062723c751e8b465ee728b)
Start importing Assets/Tiles/main_lev_build_1684.asset using Guid(99fee96204f93e9408d4acb53875b67f) Importer(815301076,1909f56bfc062723c751e8b465ee728b) [PhysX] Initialized MultithreadedTaskDispatcher with 12 workers.
 -> (artifact id: '956ce4a79272098363d2eb2da93ab19a') in 0.041002 seconds
Number of updated asset objects reloaded before import = 0
Number of asset objects unloaded after import = 3
========================================================================
Received Import Request.
  Time since last request: 0.000062 seconds.
  path: Assets/Tiles/main_lev_build_1279.asset
  artifactKey: Guid(7ec5ebda6c0d7c745acf9454201e48f3) Importer(815301076,1909f56bfc062723c751e8b465ee728b)
Start importing Assets/Tiles/main_lev_build_1279.asset using Guid(7ec5ebda6c0d7c745acf9454201e48f3) Importer(815301076,1909f56bfc062723c751e8b465ee728b) [PhysX] Initialized MultithreadedTaskDispatcher with 12 workers.
 -> (artifact id: 'da9f1d81ed5ecf2a03134b9088d4a37c') in 0.644003 seconds
Number of updated asset objects reloaded before import = 0
Number of asset objects unloaded after import = 3
========================================================================
Received Import Request.
  Time since last request: 0.000037 seconds.
  path: Assets/Tiles/main_lev_build_1252.asset
  artifactKey: Guid(6ecf19dd306486748b18e6f7fae4f881) Importer(815301076,1909f56bfc062723c751e8b465ee728b)
Start importing Assets/Tiles/main_lev_build_1252.asset using Guid(6ecf19dd306486748b18e6f7fae4f881) Importer(815301076,1909f56bfc062723c751e8b465ee728b) [PhysX] Initialized MultithreadedTaskDispatcher with 12 workers.
 -> (artifact id: '32d4106cb9d8692fcc4c5ab528180c9a') in 0.029399 seconds
Number of updated asset objects reloaded before import = 0
Number of asset objects unloaded after import = 3
========================================================================
Received Import Request.
  Time since last request: 0.000050 seconds.
  path: Assets/Tiles/main_lev_build_1619.asset
  artifactKey: Guid(757863e903bd1974caa2a1bc5f678a05) Importer(815301076,1909f56bfc062723c751e8b465ee728b)
Start importing Assets/Tiles/main_lev_build_1619.asset using Guid(757863e903bd1974caa2a1bc5f678a05) Importer(815301076,1909f56bfc062723c751e8b465ee728b) [PhysX] Initialized MultithreadedTaskDispatcher with 12 workers.
 -> (artifact id: '7377340a27c7d76da99868145c080380') in 0.037667 seconds
Number of updated asset objects reloaded before import = 0
Number of asset objects unloaded after import = 3
========================================================================
Received Import Request.
  Time since last request: 0.000026 seconds.
  path: Assets/Tiles/main_lev_build_1339.asset
  artifactKey: Guid(33b03e9be08b853408f3bbdd2a7bc5cc) Importer(815301076,1909f56bfc062723c751e8b465ee728b)
Start importing Assets/Tiles/main_lev_build_1339.asset using Guid(33b03e9be08b853408f3bbdd2a7bc5cc) Importer(815301076,1909f56bfc062723c751e8b465ee728b) [PhysX] Initialized MultithreadedTaskDispatcher with 12 workers.
 -> (artifact id: '9f516991b93f6b4919f5920530ba0a7a') in 0.048683 seconds
Number of updated asset objects reloaded before import = 0
Number of asset objects unloaded after import = 3
========================================================================
Received Import Request.
  Time since last request: 0.000027 seconds.
  path: Assets/Tiles/main_lev_build_1267.asset
  artifactKey: Guid(0551d4bd0e799da488c6707defd11cfa) Importer(815301076,1909f56bfc062723c751e8b465ee728b)
Start importing Assets/Tiles/main_lev_build_1267.asset using Guid(0551d4bd0e799da488c6707defd11cfa) Importer(815301076,1909f56bfc062723c751e8b465ee728b) [PhysX] Initialized MultithreadedTaskDispatcher with 12 workers.
 -> (artifact id: '71a65a278b74dec09cf5bb6c3083b701') in 0.032482 seconds
Number of updated asset objects reloaded before import = 0
Number of asset objects unloaded after import = 3
========================================================================
Received Import Request.
  Time since last request: 0.000044 seconds.
  path: Assets/Tiles/main_lev_build_968.asset
  artifactKey: Guid(becff3a64423eb240b0efc982100b5eb) Importer(815301076,1909f56bfc062723c751e8b465ee728b)
Start importing Assets/Tiles/main_lev_build_968.asset using Guid(becff3a64423eb240b0efc982100b5eb) Importer(815301076,1909f56bfc062723c751e8b465ee728b) [PhysX] Initialized MultithreadedTaskDispatcher with 12 workers.
 -> (artifact id: '6cf254dcdb2560b11e19eeb2c8335826') in 0.053023 seconds
Number of updated asset objects reloaded before import = 0
Number of asset objects unloaded after import = 3
========================================================================
Received Import Request.
  Time since last request: 0.000027 seconds.
  path: Assets/Tiles/main_lev_build_1763.asset
  artifactKey: Guid(25ca64a84ecaffa45b3f088e21059e94) Importer(815301076,1909f56bfc062723c751e8b465ee728b)
Start importing Assets/Tiles/main_lev_build_1763.asset using Guid(25ca64a84ecaffa45b3f088e21059e94) Importer(815301076,1909f56bfc062723c751e8b465ee728b) [PhysX] Initialized MultithreadedTaskDispatcher with 12 workers.
 -> (artifact id: 'a2bb2b78df96bc2db11311162d605fb1') in 0.077485 seconds
Number of updated asset objects reloaded before import = 0
Number of asset objects unloaded after import = 3
========================================================================
Received Import Request.
  Time since last request: 0.000039 seconds.
  path: Assets/Tiles/main_lev_build_1633.asset
  artifactKey: Guid(7484655028c9bb24a91f191b79b13e78) Importer(815301076,1909f56bfc062723c751e8b465ee728b)
Start importing Assets/Tiles/main_lev_build_1633.asset using Guid(7484655028c9bb24a91f191b79b13e78) Importer(815301076,1909f56bfc062723c751e8b465ee728b) [PhysX] Initialized MultithreadedTaskDispatcher with 12 workers.
 -> (artifact id: '609e845b30c8669b037c89186098e739') in 0.033980 seconds
Number of updated asset objects reloaded before import = 0
Number of asset objects unloaded after import = 3
========================================================================
Received Import Request.
  Time since last request: 0.000055 seconds.
  path: Assets/Tiles/main_lev_build_1346.asset
  artifactKey: Guid(bad247850921eeb448ce557df2dc888f) Importer(815301076,1909f56bfc062723c751e8b465ee728b)
Start importing Assets/Tiles/main_lev_build_1346.asset using Guid(bad247850921eeb448ce557df2dc888f) Importer(815301076,1909f56bfc062723c751e8b465ee728b) [PhysX] Initialized MultithreadedTaskDispatcher with 12 workers.
 -> (artifact id: 'ac76b4a1de5fdf70a4dc02806b8d4fe8') in 0.027963 seconds
Number of updated asset objects reloaded before import = 0
Number of asset objects unloaded after import = 3
========================================================================
Received Import Request.
  Time since last request: 0.000028 seconds.
  path: Assets/Tiles/main_lev_build_1335.asset
  artifactKey: Guid(36beaec55de967b4cbb90e3248929fdd) Importer(815301076,1909f56bfc062723c751e8b465ee728b)
Start importing Assets/Tiles/main_lev_build_1335.asset using Guid(36beaec55de967b4cbb90e3248929fdd) Importer(815301076,1909f56bfc062723c751e8b465ee728b) [PhysX] Initialized MultithreadedTaskDispatcher with 12 workers.
 -> (artifact id: '5c9d9684bb28b6b2c650dd02454bb243') in 0.038256 seconds
Number of updated asset objects reloaded before import = 0
Number of asset objects unloaded after import = 3
========================================================================
Received Import Request.
  Time since last request: 0.000027 seconds.
  path: Assets/Tiles/main_lev_build_1123.asset
  artifactKey: Guid(d402b0abe9fb3cf4d8c34f0833991a92) Importer(815301076,1909f56bfc062723c751e8b465ee728b)
Start importing Assets/Tiles/main_lev_build_1123.asset using Guid(d402b0abe9fb3cf4d8c34f0833991a92) Importer(815301076,1909f56bfc062723c751e8b465ee728b) [PhysX] Initialized MultithreadedTaskDispatcher with 12 workers.
 -> (artifact id: '669d6bef8e12770b84d9dd83dea85ebc') in 0.039628 seconds
Number of updated asset objects reloaded before import = 0
Number of asset objects unloaded after import = 3
========================================================================
Received Import Request.
  Time since last request: 0.000029 seconds.
  path: Assets/Tiles/main_lev_build_1536.asset
  artifactKey: Guid(ad0be44b96d17a9448bc07a2cde2391b) Importer(815301076,1909f56bfc062723c751e8b465ee728b)
Start importing Assets/Tiles/main_lev_build_1536.asset using Guid(ad0be44b96d17a9448bc07a2cde2391b) Importer(815301076,1909f56bfc062723c751e8b465ee728b) [PhysX] Initialized MultithreadedTaskDispatcher with 12 workers.
 -> (artifact id: '2b97d19bfcf1b1668157063ea024c5d8') in 0.036664 seconds
Number of updated asset objects reloaded before import = 0
Number of asset objects unloaded after import = 3
========================================================================
Received Import Request.
  Time since last request: 0.000026 seconds.
  path: Assets/Tiles/main_lev_build_1636.asset
  artifactKey: Guid(9b4e2b7d101f95341ab21173139fee81) Importer(815301076,1909f56bfc062723c751e8b465ee728b)
Start importing Assets/Tiles/main_lev_build_1636.asset using Guid(9b4e2b7d101f95341ab21173139fee81) Importer(815301076,1909f56bfc062723c751e8b465ee728b) [PhysX] Initialized MultithreadedTaskDispatcher with 12 workers.
 -> (artifact id: '93bf01fe1283ee036114f5e18db58b06') in 0.037159 seconds
Number of updated asset objects reloaded before import = 0
Number of asset objects unloaded after import = 3
========================================================================
Received Import Request.
  Time since last request: 0.000024 seconds.
  path: Assets/Tiles/main_lev_build_1247.asset
  artifactKey: Guid(0d2baa60569e88e478e98d17bab858fb) Importer(815301076,1909f56bfc062723c751e8b465ee728b)
Start importing Assets/Tiles/main_lev_build_1247.asset using Guid(0d2baa60569e88e478e98d17bab858fb) Importer(815301076,1909f56bfc062723c751e8b465ee728b) [PhysX] Initialized MultithreadedTaskDispatcher with 12 workers.
 -> (artifact id: '796a442f343d5fd330ef880ef4c07a9c') in 0.033350 seconds
Number of updated asset objects reloaded before import = 0
Number of asset objects unloaded after import = 3
========================================================================
Received Import Request.
  Time since last request: 0.000046 seconds.
  path: Assets/Tiles/main_lev_build_1075.asset
  artifactKey: Guid(61e3c81acae83934a8d08232b96de0fe) Importer(815301076,1909f56bfc062723c751e8b465ee728b)
Start importing Assets/Tiles/main_lev_build_1075.asset using Guid(61e3c81acae83934a8d08232b96de0fe) Importer(815301076,1909f56bfc062723c751e8b465ee728b) [PhysX] Initialized MultithreadedTaskDispatcher with 12 workers.
 -> (artifact id: 'c5c2ac4c93a1b97e42aea55341f1075d') in 0.034957 seconds
Number of updated asset objects reloaded before import = 0
Number of asset objects unloaded after import = 3
========================================================================
Received Import Request.
  Time since last request: 0.000041 seconds.
  path: Assets/Tiles/main_lev_build_1136.asset
  artifactKey: Guid(7d54f200148cec148b4b582b9f9f13c1) Importer(815301076,1909f56bfc062723c751e8b465ee728b)
Start importing Assets/Tiles/main_lev_build_1136.asset using Guid(7d54f200148cec148b4b582b9f9f13c1) Importer(815301076,1909f56bfc062723c751e8b465ee728b) [PhysX] Initialized MultithreadedTaskDispatcher with 12 workers.
 -> (artifact id: '9f62dd4ad67525fdd8af13eefc75b224') in 0.034610 seconds
Number of updated asset objects reloaded before import = 0
Number of asset objects unloaded after import = 3
========================================================================
Received Import Request.
  Time since last request: 0.000028 seconds.
  path: Assets/Tiles/main_lev_build_1045.asset
  artifactKey: Guid(7975e7ea0d7bbcf4085c4b539b000254) Importer(815301076,1909f56bfc062723c751e8b465ee728b)
Start importing Assets/Tiles/main_lev_build_1045.asset using Guid(7975e7ea0d7bbcf4085c4b539b000254) Importer(815301076,1909f56bfc062723c751e8b465ee728b) [PhysX] Initialized MultithreadedTaskDispatcher with 12 workers.
 -> (artifact id: '3c87c47d976888496981ec454677c570') in 0.028013 seconds
Number of updated asset objects reloaded before import = 0
Number of asset objects unloaded after import = 3
========================================================================
Received Import Request.
  Time since last request: 0.000032 seconds.
  path: Assets/Tiles/main_lev_build_1352.asset
  artifactKey: Guid(6b12c607fa651bc4f96da3c26e9b9b30) Importer(815301076,1909f56bfc062723c751e8b465ee728b)
Start importing Assets/Tiles/main_lev_build_1352.asset using Guid(6b12c607fa651bc4f96da3c26e9b9b30) Importer(815301076,1909f56bfc062723c751e8b465ee728b) [PhysX] Initialized MultithreadedTaskDispatcher with 12 workers.
 -> (artifact id: 'e2c8be75fb4e10a4c27f556a8ae98419') in 0.036799 seconds
Number of updated asset objects reloaded before import = 0
Number of asset objects unloaded after import = 3
========================================================================
Received Import Request.
  Time since last request: 0.000038 seconds.
  path: Assets/Tiles/main_lev_build_1566.asset
  artifactKey: Guid(e2dabcabbe14a0945bec7c2aba24becf) Importer(815301076,1909f56bfc062723c751e8b465ee728b)
Start importing Assets/Tiles/main_lev_build_1566.asset using Guid(e2dabcabbe14a0945bec7c2aba24becf) Importer(815301076,1909f56bfc062723c751e8b465ee728b) [PhysX] Initialized MultithreadedTaskDispatcher with 12 workers.
 -> (artifact id: 'eb9b319ed94e6364414f3fedcf78fb8a') in 0.044740 seconds
Number of updated asset objects reloaded before import = 0
Number of asset objects unloaded after import = 3
========================================================================
Received Import Request.
  Time since last request: 0.000033 seconds.
  path: Assets/Tiles/main_lev_build_1602.asset
  artifactKey: Guid(7dabb9646c0e991449dddeb601d40eff) Importer(815301076,1909f56bfc062723c751e8b465ee728b)
Start importing Assets/Tiles/main_lev_build_1602.asset using Guid(7dabb9646c0e991449dddeb601d40eff) Importer(815301076,1909f56bfc062723c751e8b465ee728b) [PhysX] Initialized MultithreadedTaskDispatcher with 12 workers.
 -> (artifact id: 'd641f594d27c25afcfd64f18ca059412') in 0.049255 seconds
Number of updated asset objects reloaded before import = 0
Number of asset objects unloaded after import = 3
========================================================================
Received Import Request.
  Time since last request: 0.000030 seconds.
  path: Assets/Tiles/main_lev_build_913.asset
  artifactKey: Guid(0a2365113326d504cb089cfd541280e5) Importer(815301076,1909f56bfc062723c751e8b465ee728b)
Start importing Assets/Tiles/main_lev_build_913.asset using Guid(0a2365113326d504cb089cfd541280e5) Importer(815301076,1909f56bfc062723c751e8b465ee728b) [PhysX] Initialized MultithreadedTaskDispatcher with 12 workers.
 -> (artifact id: 'cca7f1d9b787df3bfce582c20bde56cf') in 0.044447 seconds
Number of updated asset objects reloaded before import = 0
Number of asset objects unloaded after import = 3
========================================================================
Received Import Request.
  Time since last request: 0.000028 seconds.
  path: Assets/Tiles/main_lev_build_1535.asset
  artifactKey: Guid(b2f20055bb9cca049a4cd51d2dbc44b6) Importer(815301076,1909f56bfc062723c751e8b465ee728b)
Start importing Assets/Tiles/main_lev_build_1535.asset using Guid(b2f20055bb9cca049a4cd51d2dbc44b6) Importer(815301076,1909f56bfc062723c751e8b465ee728b) [PhysX] Initialized MultithreadedTaskDispatcher with 12 workers.
 -> (artifact id: '9fe7798c33e055b1070b51206aa4344d') in 0.030126 seconds
Number of updated asset objects reloaded before import = 0
Number of asset objects unloaded after import = 3
========================================================================
Received Import Request.
  Time since last request: 0.000045 seconds.
  path: Assets/Tiles/main_lev_build_1363.asset
  artifactKey: Guid(b95996216eaafda4792616b937ecdb4e) Importer(815301076,1909f56bfc062723c751e8b465ee728b)
Start importing Assets/Tiles/main_lev_build_1363.asset using Guid(b95996216eaafda4792616b937ecdb4e) Importer(815301076,1909f56bfc062723c751e8b465ee728b) [PhysX] Initialized MultithreadedTaskDispatcher with 12 workers.
 -> (artifact id: '6e3d95d5cbacb913a67fee13d7f93488') in 0.060390 seconds
Number of updated asset objects reloaded before import = 0
Number of asset objects unloaded after import = 3
========================================================================
Received Import Request.
  Time since last request: 0.000032 seconds.
  path: Assets/Tiles/main_lev_build_1526.asset
  artifactKey: Guid(e9823b594fc3bda4486293b2700c3a5c) Importer(815301076,1909f56bfc062723c751e8b465ee728b)
Start importing Assets/Tiles/main_lev_build_1526.asset using Guid(e9823b594fc3bda4486293b2700c3a5c) Importer(815301076,1909f56bfc062723c751e8b465ee728b) [PhysX] Initialized MultithreadedTaskDispatcher with 12 workers.
 -> (artifact id: 'a11f9f9d036e4a23c0f51ba8a4a2353d') in 0.041514 seconds
Number of updated asset objects reloaded before import = 0
Number of asset objects unloaded after import = 3
========================================================================
Received Import Request.
  Time since last request: 0.000036 seconds.
  path: Assets/Tiles/main_lev_build_1271.asset
  artifactKey: Guid(528f1fbb8987ff241b3e5e2765a333cb) Importer(815301076,1909f56bfc062723c751e8b465ee728b)
Start importing Assets/Tiles/main_lev_build_1271.asset using Guid(528f1fbb8987ff241b3e5e2765a333cb) Importer(815301076,1909f56bfc062723c751e8b465ee728b) [PhysX] Initialized MultithreadedTaskDispatcher with 12 workers.
 -> (artifact id: '5a99e6925a249435ce189539fa96db47') in 0.064517 seconds
Number of updated asset objects reloaded before import = 0
Number of asset objects unloaded after import = 3
========================================================================
Received Import Request.
  Time since last request: 0.000027 seconds.
  path: Assets/Tiles/main_lev_build_1120.asset
  artifactKey: Guid(efbef4b4c55231c4ab4d9de266ba764a) Importer(815301076,1909f56bfc062723c751e8b465ee728b)
Start importing Assets/Tiles/main_lev_build_1120.asset using Guid(efbef4b4c55231c4ab4d9de266ba764a) Importer(815301076,1909f56bfc062723c751e8b465ee728b) [PhysX] Initialized MultithreadedTaskDispatcher with 12 workers.
 -> (artifact id: 'dd9cd5a50189dccdc6faf913aa95b040') in 0.059433 seconds
Number of updated asset objects reloaded before import = 0
Number of asset objects unloaded after import = 3
========================================================================
Received Import Request.
  Time since last request: 0.000044 seconds.
  path: Assets/Tiles/main_lev_build_1059.asset
  artifactKey: Guid(0b9ab5e090cc8d0408079dcdca5601cb) Importer(815301076,1909f56bfc062723c751e8b465ee728b)
Start importing Assets/Tiles/main_lev_build_1059.asset using Guid(0b9ab5e090cc8d0408079dcdca5601cb) Importer(815301076,1909f56bfc062723c751e8b465ee728b) [PhysX] Initialized MultithreadedTaskDispatcher with 12 workers.
 -> (artifact id: '8cf5a6fb5a8b52754d92a7297bef3f9d') in 0.061498 seconds
Number of updated asset objects reloaded before import = 0
Number of asset objects unloaded after import = 3
========================================================================
Received Import Request.
  Time since last request: 0.000050 seconds.
  path: Assets/Tiles/main_lev_build_1590.asset
  artifactKey: Guid(b8587e7b93b53f74992a33b74cf4da3f) Importer(815301076,1909f56bfc062723c751e8b465ee728b)
Start importing Assets/Tiles/main_lev_build_1590.asset using Guid(b8587e7b93b53f74992a33b74cf4da3f) Importer(815301076,1909f56bfc062723c751e8b465ee728b) [PhysX] Initialized MultithreadedTaskDispatcher with 12 workers.
 -> (artifact id: '6afc343be3dc10fd70e36f9b17a30eea') in 0.050468 seconds
Number of updated asset objects reloaded before import = 0
Number of asset objects unloaded after import = 3
========================================================================
Received Import Request.
  Time since last request: 0.000028 seconds.
  path: Assets/Tiles/main_lev_build_918.asset
  artifactKey: Guid(1d90e0bbf25481949877f2aff88fb25e) Importer(815301076,1909f56bfc062723c751e8b465ee728b)
Start importing Assets/Tiles/main_lev_build_918.asset using Guid(1d90e0bbf25481949877f2aff88fb25e) Importer(815301076,1909f56bfc062723c751e8b465ee728b) [PhysX] Initialized MultithreadedTaskDispatcher with 12 workers.
 -> (artifact id: 'aa409fd1dc94cdd608d6f6f9c4bbf37b') in 0.062886 seconds
Number of updated asset objects reloaded before import = 0
Number of asset objects unloaded after import = 3
========================================================================
Received Import Request.
  Time since last request: 0.000031 seconds.
  path: Assets/Tiles/main_lev_build_1681.asset
  artifactKey: Guid(9c85098c24f153446a35d4a3c5a4c357) Importer(815301076,1909f56bfc062723c751e8b465ee728b)
Start importing Assets/Tiles/main_lev_build_1681.asset using Guid(9c85098c24f153446a35d4a3c5a4c357) Importer(815301076,1909f56bfc062723c751e8b465ee728b) [PhysX] Initialized MultithreadedTaskDispatcher with 12 workers.
 -> (artifact id: '655350fa20c297d5f5714eee809f454e') in 0.061083 seconds
Number of updated asset objects reloaded before import = 0
Number of asset objects unloaded after import = 3
========================================================================
Received Import Request.
  Time since last request: 0.000037 seconds.
  path: Assets/Tiles/main_lev_build_880.asset
  artifactKey: Guid(23a54ce71247f45439d27dc7510210b1) Importer(815301076,1909f56bfc062723c751e8b465ee728b)
Start importing Assets/Tiles/main_lev_build_880.asset using Guid(23a54ce71247f45439d27dc7510210b1) Importer(815301076,1909f56bfc062723c751e8b465ee728b) [PhysX] Initialized MultithreadedTaskDispatcher with 12 workers.
 -> (artifact id: 'c6aff04221f15ec32ebcec81b25603d7') in 0.037802 seconds
Number of updated asset objects reloaded before import = 0
Number of asset objects unloaded after import = 3
========================================================================
Received Import Request.
  Time since last request: 0.000035 seconds.
  path: Assets/Tiles/main_lev_build_1721.asset
  artifactKey: Guid(eae86ea3a35fcf1498f9e7732ba0cba9) Importer(815301076,1909f56bfc062723c751e8b465ee728b)
Start importing Assets/Tiles/main_lev_build_1721.asset using Guid(eae86ea3a35fcf1498f9e7732ba0cba9) Importer(815301076,1909f56bfc062723c751e8b465ee728b) [PhysX] Initialized MultithreadedTaskDispatcher with 12 workers.
 -> (artifact id: '1f540fb67eb9ad1e72fb6e75e74582c7') in 0.279681 seconds
Number of updated asset objects reloaded before import = 0
Number of asset objects unloaded after import = 3
========================================================================
Received Import Request.
  Time since last request: 0.000046 seconds.
  path: Assets/Tiles/main_lev_build_1126.asset
  artifactKey: Guid(1e932e968b7ccbd4ba1792f37f72240c) Importer(815301076,1909f56bfc062723c751e8b465ee728b)
Start importing Assets/Tiles/main_lev_build_1126.asset using Guid(1e932e968b7ccbd4ba1792f37f72240c) Importer(815301076,1909f56bfc062723c751e8b465ee728b) [PhysX] Initialized MultithreadedTaskDispatcher with 12 workers.
 -> (artifact id: '129fd62dd9f569e515f7c3b050ba1278') in 0.041382 seconds
Number of updated asset objects reloaded before import = 0
Number of asset objects unloaded after import = 3
========================================================================
Received Import Request.
  Time since last request: 0.000037 seconds.
  path: Assets/Tiles/main_lev_build_1569.asset
  artifactKey: Guid(f5b8067163a085347852a57a54db7013) Importer(815301076,1909f56bfc062723c751e8b465ee728b)
Start importing Assets/Tiles/main_lev_build_1569.asset using Guid(f5b8067163a085347852a57a54db7013) Importer(815301076,1909f56bfc062723c751e8b465ee728b) [PhysX] Initialized MultithreadedTaskDispatcher with 12 workers.
 -> (artifact id: '51568be39ea6d4ba7192d600dfa56a48') in 0.043158 seconds
Number of updated asset objects reloaded before import = 0
Number of asset objects unloaded after import = 3
========================================================================
Received Import Request.
  Time since last request: 0.000033 seconds.
  path: Assets/Tiles/main_lev_build_1769.asset
  artifactKey: Guid(532348a134922be44a0e6be449474981) Importer(815301076,1909f56bfc062723c751e8b465ee728b)
Start importing Assets/Tiles/main_lev_build_1769.asset using Guid(532348a134922be44a0e6be449474981) Importer(815301076,1909f56bfc062723c751e8b465ee728b) [PhysX] Initialized MultithreadedTaskDispatcher with 12 workers.
 -> (artifact id: '6057cd8e55a4e1db9ccf1a30a0533e39') in 0.045591 seconds
Number of updated asset objects reloaded before import = 0
Number of asset objects unloaded after import = 3
========================================================================
Received Import Request.
  Time since last request: 0.000025 seconds.
  path: Assets/Tiles/main_lev_build_954.asset
  artifactKey: Guid(11eb16c372b509844962d772362e6058) Importer(815301076,1909f56bfc062723c751e8b465ee728b)
Start importing Assets/Tiles/main_lev_build_954.asset using Guid(11eb16c372b509844962d772362e6058) Importer(815301076,1909f56bfc062723c751e8b465ee728b) [PhysX] Initialized MultithreadedTaskDispatcher with 12 workers.
 -> (artifact id: '4f0aaade1ebb43f5d9c71c3901ed76f1') in 0.048612 seconds
Number of updated asset objects reloaded before import = 0
Number of asset objects unloaded after import = 3
========================================================================
Received Import Request.
  Time since last request: 0.000031 seconds.
  path: Assets/Tiles/main_lev_build_1125.asset
  artifactKey: Guid(cfa8684ca620abb4791f5d4731ed1deb) Importer(815301076,1909f56bfc062723c751e8b465ee728b)
Start importing Assets/Tiles/main_lev_build_1125.asset using Guid(cfa8684ca620abb4791f5d4731ed1deb) Importer(815301076,1909f56bfc062723c751e8b465ee728b) [PhysX] Initialized MultithreadedTaskDispatcher with 12 workers.
 -> (artifact id: '73ec74198b3d85b442df517892baf68b') in 0.036600 seconds
Number of updated asset objects reloaded before import = 0
Number of asset objects unloaded after import = 3
========================================================================
Received Import Request.
  Time since last request: 0.000080 seconds.
  path: Assets/Tiles/main_lev_build_1137.asset
  artifactKey: Guid(5b12e17ad9a55f646bdf7f357111a061) Importer(815301076,1909f56bfc062723c751e8b465ee728b)
Start importing Assets/Tiles/main_lev_build_1137.asset using Guid(5b12e17ad9a55f646bdf7f357111a061) Importer(815301076,1909f56bfc062723c751e8b465ee728b) [PhysX] Initialized MultithreadedTaskDispatcher with 12 workers.
 -> (artifact id: 'dcde1554a1df0ae92fe7c1ac6c2eb483') in 0.041001 seconds
Number of updated asset objects reloaded before import = 0
Number of asset objects unloaded after import = 3
========================================================================
Received Import Request.
  Time since last request: 0.000034 seconds.
  path: Assets/Tiles/main_lev_build_1071.asset
  artifactKey: Guid(6247cb992d471a740bc904a8f8001c2f) Importer(815301076,1909f56bfc062723c751e8b465ee728b)
Start importing Assets/Tiles/main_lev_build_1071.asset using Guid(6247cb992d471a740bc904a8f8001c2f) Importer(815301076,1909f56bfc062723c751e8b465ee728b) [PhysX] Initialized MultithreadedTaskDispatcher with 12 workers.
 -> (artifact id: '77e6a8238441dc917133428fb00a8775') in 0.034138 seconds
Number of updated asset objects reloaded before import = 0
Number of asset objects unloaded after import = 3
========================================================================
Received Import Request.
  Time since last request: 0.000029 seconds.
  path: Assets/Tiles/main_lev_build_1748.asset
  artifactKey: Guid(edc749608f6784b46b00d39a9bfa4edb) Importer(815301076,1909f56bfc062723c751e8b465ee728b)
Start importing Assets/Tiles/main_lev_build_1748.asset using Guid(edc749608f6784b46b00d39a9bfa4edb) Importer(815301076,1909f56bfc062723c751e8b465ee728b) [PhysX] Initialized MultithreadedTaskDispatcher with 12 workers.
 -> (artifact id: 'f87039be7ba1492644ea5d8ad037a3dd') in 0.035752 seconds
Number of updated asset objects reloaded before import = 0
Number of asset objects unloaded after import = 3
========================================================================
Received Import Request.
  Time since last request: 0.000076 seconds.
  path: Assets/Tiles/main_lev_build_238.asset
  artifactKey: Guid(2673bc14c1bf14e4590c1ae7d2b3b2f7) Importer(815301076,1909f56bfc062723c751e8b465ee728b)
Start importing Assets/Tiles/main_lev_build_238.asset using Guid(2673bc14c1bf14e4590c1ae7d2b3b2f7) Importer(815301076,1909f56bfc062723c751e8b465ee728b) [PhysX] Initialized MultithreadedTaskDispatcher with 12 workers.
 -> (artifact id: '1e202109315a51113fdedfe08743a983') in 0.027962 seconds
Number of updated asset objects reloaded before import = 0
Number of asset objects unloaded after import = 3
========================================================================
Received Import Request.
  Time since last request: 0.000048 seconds.
  path: Assets/Tiles/main_lev_build_711.asset
  artifactKey: Guid(4391c2656f30eb14fbfa5ec27773f187) Importer(815301076,1909f56bfc062723c751e8b465ee728b)
Start importing Assets/Tiles/main_lev_build_711.asset using Guid(4391c2656f30eb14fbfa5ec27773f187) Importer(815301076,1909f56bfc062723c751e8b465ee728b) [PhysX] Initialized MultithreadedTaskDispatcher with 12 workers.
 -> (artifact id: '883702b303b257d7e33b167b22cb449e') in 0.034776 seconds
Number of updated asset objects reloaded before import = 0
Number of asset objects unloaded after import = 3
========================================================================
Received Import Request.
  Time since last request: 0.000032 seconds.
  path: Assets/Tiles/main_lev_build_1060.asset
  artifactKey: Guid(18f7a8ebe9226404e8bb08478f4ebbf0) Importer(815301076,1909f56bfc062723c751e8b465ee728b)
Start importing Assets/Tiles/main_lev_build_1060.asset using Guid(18f7a8ebe9226404e8bb08478f4ebbf0) Importer(815301076,1909f56bfc062723c751e8b465ee728b) [PhysX] Initialized MultithreadedTaskDispatcher with 12 workers.
 -> (artifact id: '5baea705955cfbb6cb0e5924394fe0cd') in 0.042434 seconds
Number of updated asset objects reloaded before import = 0
Number of asset objects unloaded after import = 3
========================================================================
Received Import Request.
  Time since last request: 0.000040 seconds.
  path: Assets/Tiles/main_lev_build_1350.asset
  artifactKey: Guid(a6f1c62382e46c3488ef7ef23143bf11) Importer(815301076,1909f56bfc062723c751e8b465ee728b)
Start importing Assets/Tiles/main_lev_build_1350.asset using Guid(a6f1c62382e46c3488ef7ef23143bf11) Importer(815301076,1909f56bfc062723c751e8b465ee728b) [PhysX] Initialized MultithreadedTaskDispatcher with 12 workers.
 -> (artifact id: 'bff35f85b0e357fe52e66470e08bbb9b') in 0.034499 seconds
Number of updated asset objects reloaded before import = 0
Number of asset objects unloaded after import = 3
========================================================================
Received Import Request.
  Time since last request: 0.000033 seconds.
  path: Assets/Tiles/main_lev_build_243.asset
  artifactKey: Guid(8c934083a7a27f44b96d6d4952f24975) Importer(815301076,1909f56bfc062723c751e8b465ee728b)
Start importing Assets/Tiles/main_lev_build_243.asset using Guid(8c934083a7a27f44b96d6d4952f24975) Importer(815301076,1909f56bfc062723c751e8b465ee728b) [PhysX] Initialized MultithreadedTaskDispatcher with 12 workers.
 -> (artifact id: '5ab622693dbbf6ae9ad06b33bc078407') in 0.030687 seconds
Number of updated asset objects reloaded before import = 0
Number of asset objects unloaded after import = 3
========================================================================
Received Import Request.
  Time since last request: 0.000045 seconds.
  path: Assets/Tiles/main_lev_build_382.asset
  artifactKey: Guid(4c1024afe7ca3d748b95fc84b1f80005) Importer(815301076,1909f56bfc062723c751e8b465ee728b)
Start importing Assets/Tiles/main_lev_build_382.asset using Guid(4c1024afe7ca3d748b95fc84b1f80005) Importer(815301076,1909f56bfc062723c751e8b465ee728b) [PhysX] Initialized MultithreadedTaskDispatcher with 12 workers.
 -> (artifact id: 'cdbe98285f9ab5db9b0103c9ac5b6c63') in 0.031618 seconds
Number of updated asset objects reloaded before import = 0
Number of asset objects unloaded after import = 3
========================================================================
Received Import Request.
  Time since last request: 0.000025 seconds.
  path: Assets/Tiles/main_lev_build_1142.asset
  artifactKey: Guid(270913f9d133b6d41abdfed4666c00f2) Importer(815301076,1909f56bfc062723c751e8b465ee728b)
Start importing Assets/Tiles/main_lev_build_1142.asset using Guid(270913f9d133b6d41abdfed4666c00f2) Importer(815301076,1909f56bfc062723c751e8b465ee728b) [PhysX] Initialized MultithreadedTaskDispatcher with 12 workers.
 -> (artifact id: 'ce799fd66763491cba66649a3184473e') in 0.030650 seconds
Number of updated asset objects reloaded before import = 0
Number of asset objects unloaded after import = 3
========================================================================
Received Import Request.
  Time since last request: 0.000061 seconds.
  path: Assets/Tiles/main_lev_build_403.asset
  artifactKey: Guid(bd66abfbe263c954fb3b19a25a0c9138) Importer(815301076,1909f56bfc062723c751e8b465ee728b)
Start importing Assets/Tiles/main_lev_build_403.asset using Guid(bd66abfbe263c954fb3b19a25a0c9138) Importer(815301076,1909f56bfc062723c751e8b465ee728b) [PhysX] Initialized MultithreadedTaskDispatcher with 12 workers.
 -> (artifact id: 'f426f7e0450689e53abe07c704f9a35a') in 0.028871 seconds
Number of updated asset objects reloaded before import = 0
Number of asset objects unloaded after import = 3
========================================================================
Received Import Request.
  Time since last request: 0.000032 seconds.
  path: Assets/Tiles/main_lev_build_130.asset
  artifactKey: Guid(0e61125f70e949f4cb8fe97cdd9443a3) Importer(815301076,1909f56bfc062723c751e8b465ee728b)
Start importing Assets/Tiles/main_lev_build_130.asset using Guid(0e61125f70e949f4cb8fe97cdd9443a3) Importer(815301076,1909f56bfc062723c751e8b465ee728b) [PhysX] Initialized MultithreadedTaskDispatcher with 12 workers.
 -> (artifact id: '184c8007c55fa355bdd847b949b70512') in 0.034492 seconds
Number of updated asset objects reloaded before import = 0
Number of asset objects unloaded after import = 3
========================================================================
Received Import Request.
  Time since last request: 0.000058 seconds.
  path: Assets/Tiles/main_lev_build_660.asset
  artifactKey: Guid(2e09c887d4caeb946a53d0e98e4d10a5) Importer(815301076,1909f56bfc062723c751e8b465ee728b)
Start importing Assets/Tiles/main_lev_build_660.asset using Guid(2e09c887d4caeb946a53d0e98e4d10a5) Importer(815301076,1909f56bfc062723c751e8b465ee728b) [PhysX] Initialized MultithreadedTaskDispatcher with 12 workers.
 -> (artifact id: 'b71bd8b27b515974e8eafac40bb05235') in 0.034241 seconds
Number of updated asset objects reloaded before import = 0
Number of asset objects unloaded after import = 3
========================================================================
Received Import Request.
  Time since last request: 0.000027 seconds.
  path: Assets/Tiles/main_lev_build_226.asset
  artifactKey: Guid(3e59cbb8c7e1768488660f90ed86fc74) Importer(815301076,1909f56bfc062723c751e8b465ee728b)
Start importing Assets/Tiles/main_lev_build_226.asset using Guid(3e59cbb8c7e1768488660f90ed86fc74) Importer(815301076,1909f56bfc062723c751e8b465ee728b) [PhysX] Initialized MultithreadedTaskDispatcher with 12 workers.
 -> (artifact id: '1245255cac94dceb95772c7c5341d415') in 0.034190 seconds
Number of updated asset objects reloaded before import = 0
Number of asset objects unloaded after import = 3
========================================================================
Received Import Request.
  Time since last request: 0.000037 seconds.
  path: Assets/Tiles/main_lev_build_1064.asset
  artifactKey: Guid(dcd5535f8067e324b91c35643df5ed15) Importer(815301076,1909f56bfc062723c751e8b465ee728b)
Start importing Assets/Tiles/main_lev_build_1064.asset using Guid(dcd5535f8067e324b91c35643df5ed15) Importer(815301076,1909f56bfc062723c751e8b465ee728b) [PhysX] Initialized MultithreadedTaskDispatcher with 12 workers.
 -> (artifact id: '1aec9d32d2ded1c40fe4385236878b69') in 0.063927 seconds
Number of updated asset objects reloaded before import = 0
Number of asset objects unloaded after import = 3
========================================================================
Received Import Request.
  Time since last request: 0.000041 seconds.
  path: Assets/Tiles/main_lev_build_173.asset
  artifactKey: Guid(30d84dc8ec3958b4982ac23cde81cf00) Importer(815301076,1909f56bfc062723c751e8b465ee728b)
Start importing Assets/Tiles/main_lev_build_173.asset using Guid(30d84dc8ec3958b4982ac23cde81cf00) Importer(815301076,1909f56bfc062723c751e8b465ee728b) [PhysX] Initialized MultithreadedTaskDispatcher with 12 workers.
 -> (artifact id: '8d783fb797d6f6c255e173194bc9a665') in 0.034512 seconds
Number of updated asset objects reloaded before import = 0
Number of asset objects unloaded after import = 3
========================================================================
Received Import Request.
  Time since last request: 0.000043 seconds.
  path: Assets/Tiles/main_lev_build_311.asset
  artifactKey: Guid(d5eeef31b535e9c42b1334b1a45380d9) Importer(815301076,1909f56bfc062723c751e8b465ee728b)
Start importing Assets/Tiles/main_lev_build_311.asset using Guid(d5eeef31b535e9c42b1334b1a45380d9) Importer(815301076,1909f56bfc062723c751e8b465ee728b) [PhysX] Initialized MultithreadedTaskDispatcher with 12 workers.
 -> (artifact id: 'c496c94758e57cc696f99a23360a6279') in 0.037319 seconds
Number of updated asset objects reloaded before import = 0
Number of asset objects unloaded after import = 3
========================================================================
Received Import Request.
  Time since last request: 0.000026 seconds.
  path: Assets/Tiles/main_lev_build_1117.asset
  artifactKey: Guid(710b06582f7efc14d95e93a27a9f2860) Importer(815301076,1909f56bfc062723c751e8b465ee728b)
Start importing Assets/Tiles/main_lev_build_1117.asset using Guid(710b06582f7efc14d95e93a27a9f2860) Importer(815301076,1909f56bfc062723c751e8b465ee728b) [PhysX] Initialized MultithreadedTaskDispatcher with 12 workers.
 -> (artifact id: 'b0a0bed8354a09aeddfc38f2b9bd4334') in 0.042612 seconds
Number of updated asset objects reloaded before import = 0
Number of asset objects unloaded after import = 3
========================================================================
Received Import Request.
  Time since last request: 0.000030 seconds.
  path: Assets/Tiles/main_lev_build_1041.asset
  artifactKey: Guid(ca83beaf8dac3124282a016f2991e31c) Importer(815301076,1909f56bfc062723c751e8b465ee728b)
Start importing Assets/Tiles/main_lev_build_1041.asset using Guid(ca83beaf8dac3124282a016f2991e31c) Importer(815301076,1909f56bfc062723c751e8b465ee728b) [PhysX] Initialized MultithreadedTaskDispatcher with 12 workers.
 -> (artifact id: 'a1765ca1fbf6e0c0b6c5a0f979c4fd92') in 0.059904 seconds
Number of updated asset objects reloaded before import = 0
Number of asset objects unloaded after import = 3
========================================================================
Received Import Request.
  Time since last request: 0.000038 seconds.
  path: Assets/Tiles/main_lev_build_1280.asset
  artifactKey: Guid(aa84c42375424294cbc743a4cff41536) Importer(815301076,1909f56bfc062723c751e8b465ee728b)
Start importing Assets/Tiles/main_lev_build_1280.asset using Guid(aa84c42375424294cbc743a4cff41536) Importer(815301076,1909f56bfc062723c751e8b465ee728b) [PhysX] Initialized MultithreadedTaskDispatcher with 12 workers.
 -> (artifact id: '62ab20b87eb18adfad939997220c19bf') in 0.028038 seconds
Number of updated asset objects reloaded before import = 0
Number of asset objects unloaded after import = 3
========================================================================
Received Import Request.
  Time since last request: 0.000027 seconds.
  path: Assets/Tiles/main_lev_build_123.asset
  artifactKey: Guid(bf40eb540ce727042a26e250e11ce530) Importer(815301076,1909f56bfc062723c751e8b465ee728b)
Start importing Assets/Tiles/main_lev_build_123.asset using Guid(bf40eb540ce727042a26e250e11ce530) Importer(815301076,1909f56bfc062723c751e8b465ee728b) [PhysX] Initialized MultithreadedTaskDispatcher with 12 workers.
 -> (artifact id: '6c6f9d15dccc29a14fb082dc0969c21b') in 0.043257 seconds
Number of updated asset objects reloaded before import = 0
Number of asset objects unloaded after import = 3
========================================================================
Received Import Request.
  Time since last request: 0.000056 seconds.
  path: Assets/Tiles/main_lev_build_786.asset
  artifactKey: Guid(751041d62c33c4046a5cd54df7163c08) Importer(815301076,1909f56bfc062723c751e8b465ee728b)
Start importing Assets/Tiles/main_lev_build_786.asset using Guid(751041d62c33c4046a5cd54df7163c08) Importer(815301076,1909f56bfc062723c751e8b465ee728b) [PhysX] Initialized MultithreadedTaskDispatcher with 12 workers.
 -> (artifact id: 'f14ef00b614ef64f3ebce60605f947f9') in 0.035484 seconds
Number of updated asset objects reloaded before import = 0
Number of asset objects unloaded after import = 3
========================================================================
Received Import Request.
  Time since last request: 0.000136 seconds.
  path: Assets/Tiles/main_lev_build_1152.asset
  artifactKey: Guid(6a50a35278e2cb041a939ab7f2662601) Importer(815301076,1909f56bfc062723c751e8b465ee728b)
Start importing Assets/Tiles/main_lev_build_1152.asset using Guid(6a50a35278e2cb041a939ab7f2662601) Importer(815301076,1909f56bfc062723c751e8b465ee728b) [PhysX] Initialized MultithreadedTaskDispatcher with 12 workers.
 -> (artifact id: 'b7716ff025c8b85356ab693c06011857') in 0.040515 seconds
Number of updated asset objects reloaded before import = 0
Number of asset objects unloaded after import = 3
========================================================================
Received Import Request.
  Time since last request: 0.000027 seconds.
  path: Assets/Tiles/main_lev_build_1250.asset
  artifactKey: Guid(cf9a1348f5202244bbf6ed9b02ba0eeb) Importer(815301076,1909f56bfc062723c751e8b465ee728b)
Start importing Assets/Tiles/main_lev_build_1250.asset using Guid(cf9a1348f5202244bbf6ed9b02ba0eeb) Importer(815301076,1909f56bfc062723c751e8b465ee728b) [PhysX] Initialized MultithreadedTaskDispatcher with 12 workers.
 -> (artifact id: 'f398cd9cb944dadc0bcc7a9203e86593') in 0.035452 seconds
Number of updated asset objects reloaded before import = 0
Number of asset objects unloaded after import = 3
========================================================================
Received Import Request.
  Time since last request: 0.000039 seconds.
  path: Assets/Tiles/main_lev_build_409.asset
  artifactKey: Guid(05106fcd5a289e24f92e911379005a87) Importer(815301076,1909f56bfc062723c751e8b465ee728b)
Start importing Assets/Tiles/main_lev_build_409.asset using Guid(05106fcd5a289e24f92e911379005a87) Importer(815301076,1909f56bfc062723c751e8b465ee728b) [PhysX] Initialized MultithreadedTaskDispatcher with 12 workers.
 -> (artifact id: 'bb24219f64967b59247830d29335882b') in 0.032139 seconds
Number of updated asset objects reloaded before import = 0
Number of asset objects unloaded after import = 3
========================================================================
Received Import Request.
  Time since last request: 0.000027 seconds.
  path: Assets/Tiles/main_lev_build_1282.asset
  artifactKey: Guid(b7c2eb793f63f9244bc62635f625dbf2) Importer(815301076,1909f56bfc062723c751e8b465ee728b)
Start importing Assets/Tiles/main_lev_build_1282.asset using Guid(b7c2eb793f63f9244bc62635f625dbf2) Importer(815301076,1909f56bfc062723c751e8b465ee728b) [PhysX] Initialized MultithreadedTaskDispatcher with 12 workers.
 -> (artifact id: '874b2cfb28738dab1292f0b414162fae') in 0.027956 seconds
Number of updated asset objects reloaded before import = 0
Number of asset objects unloaded after import = 3
========================================================================
Received Import Request.
  Time since last request: 0.000029 seconds.
  path: Assets/Tiles/main_lev_build_1290.asset
  artifactKey: Guid(557de6f5c38d83548a555a6721d41359) Importer(815301076,1909f56bfc062723c751e8b465ee728b)
Start importing Assets/Tiles/main_lev_build_1290.asset using Guid(557de6f5c38d83548a555a6721d41359) Importer(815301076,1909f56bfc062723c751e8b465ee728b) [PhysX] Initialized MultithreadedTaskDispatcher with 12 workers.
 -> (artifact id: '203cd361b824ed1cc6ad7bcb7b880e29') in 0.032569 seconds
Number of updated asset objects reloaded before import = 0
Number of asset objects unloaded after import = 3
========================================================================
Received Import Request.
  Time since last request: 0.000029 seconds.
  path: Assets/Tiles/Temp.prefab
  artifactKey: Guid(ee729cf0c09c8da409156599dcd3d316) Importer(815301076,1909f56bfc062723c751e8b465ee728b)
Start importing Assets/Tiles/Temp.prefab using Guid(ee729cf0c09c8da409156599dcd3d316) Importer(815301076,1909f56bfc062723c751e8b465ee728b) [PhysX] Initialized MultithreadedTaskDispatcher with 12 workers.
[PhysX] Initialized MultithreadedTaskDispatcher with 12 workers.
 -> (artifact id: '6fe4a5ee3994324a5c0cdc0928a92a8d') in 2.726183 seconds
Number of updated asset objects reloaded before import = 0
Number of asset objects unloaded after import = 3589
========================================================================
Received Import Request.
  Time since last request: 0.000049 seconds.
  path: Assets/Tiles/main_lev_build_268.asset
  artifactKey: Guid(e9b700265ee4c024f8d095a87b0e38e8) Importer(815301076,1909f56bfc062723c751e8b465ee728b)
Start importing Assets/Tiles/main_lev_build_268.asset using Guid(e9b700265ee4c024f8d095a87b0e38e8) Importer(815301076,1909f56bfc062723c751e8b465ee728b) [PhysX] Initialized MultithreadedTaskDispatcher with 12 workers.
 -> (artifact id: '494c8d5f2726c0b39c2aafa45fc76720') in 0.026543 seconds
Number of updated asset objects reloaded before import = 0
Number of asset objects unloaded after import = 3
========================================================================
Received Import Request.
  Time since last request: 0.000050 seconds.
  path: Assets/Tiles/main_lev_build_137.asset
  artifactKey: Guid(16a2980923a185348bf1bd92d39bacd6) Importer(815301076,1909f56bfc062723c751e8b465ee728b)
Start importing Assets/Tiles/main_lev_build_137.asset using Guid(16a2980923a185348bf1bd92d39bacd6) Importer(815301076,1909f56bfc062723c751e8b465ee728b) [PhysX] Initialized MultithreadedTaskDispatcher with 12 workers.
 -> (artifact id: '9b32f2958916bf535ac22a660f2e3473') in 0.028983 seconds
Number of updated asset objects reloaded before import = 0
Number of asset objects unloaded after import = 3
========================================================================
Received Import Request.
  Time since last request: 0.000027 seconds.
  path: Assets/Tiles/main_lev_build_781.asset
  artifactKey: Guid(9735ca78f2e86ae4487903d04b6bbade) Importer(815301076,1909f56bfc062723c751e8b465ee728b)
Start importing Assets/Tiles/main_lev_build_781.asset using Guid(9735ca78f2e86ae4487903d04b6bbade) Importer(815301076,1909f56bfc062723c751e8b465ee728b) [PhysX] Initialized MultithreadedTaskDispatcher with 12 workers.
 -> (artifact id: 'f0eb0fdf542843f4f7e002331202ffc4') in 0.029975 seconds
Number of updated asset objects reloaded before import = 0
Number of asset objects unloaded after import = 3
========================================================================
Received Import Request.
  Time since last request: 0.000031 seconds.
  path: Assets/Tiles/main_lev_build_1086.asset
  artifactKey: Guid(74c1211daf1ab3344abb6bf19aaad77f) Importer(815301076,1909f56bfc062723c751e8b465ee728b)
Start importing Assets/Tiles/main_lev_build_1086.asset using Guid(74c1211daf1ab3344abb6bf19aaad77f) Importer(815301076,1909f56bfc062723c751e8b465ee728b) [PhysX] Initialized MultithreadedTaskDispatcher with 12 workers.
 -> (artifact id: '15ef1363d377180fe5e70451014c4a50') in 0.026915 seconds
Number of updated asset objects reloaded before import = 0
Number of asset objects unloaded after import = 3
========================================================================
Received Import Request.
  Time since last request: 0.000025 seconds.
  path: Assets/Tiles/main_lev_build_1736.asset
  artifactKey: Guid(9c433c52738e9a34c831b0a75a06f55b) Importer(815301076,1909f56bfc062723c751e8b465ee728b)
Start importing Assets/Tiles/main_lev_build_1736.asset using Guid(9c433c52738e9a34c831b0a75a06f55b) Importer(815301076,1909f56bfc062723c751e8b465ee728b) [PhysX] Initialized MultithreadedTaskDispatcher with 12 workers.
 -> (artifact id: '3efebda64d68f8616eada71b3c546e32') in 0.031057 seconds
Number of updated asset objects reloaded before import = 0
Number of asset objects unloaded after import = 3
========================================================================
Received Import Request.
  Time since last request: 0.000039 seconds.
  path: Assets/Tiles/main_lev_build_416.asset
  artifactKey: Guid(4f85364772f77804e9a7a17cef1359a1) Importer(815301076,1909f56bfc062723c751e8b465ee728b)
Start importing Assets/Tiles/main_lev_build_416.asset using Guid(4f85364772f77804e9a7a17cef1359a1) Importer(815301076,1909f56bfc062723c751e8b465ee728b) [PhysX] Initialized MultithreadedTaskDispatcher with 12 workers.
 -> (artifact id: '518e0820f6103abcac6ff3d45d599012') in 0.030345 seconds
Number of updated asset objects reloaded before import = 0
Number of asset objects unloaded after import = 3
========================================================================
Received Import Request.
  Time since last request: 0.000032 seconds.
  path: Assets/Tiles/main_lev_build_1135.asset
  artifactKey: Guid(d7d562f7b1f56d742937b5a079c983f3) Importer(815301076,1909f56bfc062723c751e8b465ee728b)
Start importing Assets/Tiles/main_lev_build_1135.asset using Guid(d7d562f7b1f56d742937b5a079c983f3) Importer(815301076,1909f56bfc062723c751e8b465ee728b) [PhysX] Initialized MultithreadedTaskDispatcher with 12 workers.
 -> (artifact id: 'c72a80b5654bf163dc4d784c0d0e1e24') in 0.030563 seconds
Number of updated asset objects reloaded before import = 0
Number of asset objects unloaded after import = 3
========================================================================
Received Import Request.
  Time since last request: 0.000036 seconds.
  path: Assets/Tiles/main_lev_build_593.asset
  artifactKey: Guid(9caf3e7763e7db440ba3273cc4cf9f2f) Importer(815301076,1909f56bfc062723c751e8b465ee728b)
Start importing Assets/Tiles/main_lev_build_593.asset using Guid(9caf3e7763e7db440ba3273cc4cf9f2f) Importer(815301076,1909f56bfc062723c751e8b465ee728b) [PhysX] Initialized MultithreadedTaskDispatcher with 12 workers.
 -> (artifact id: 'b6a292448b993899f2cbc4730c8779d5') in 0.033298 seconds
Number of updated asset objects reloaded before import = 0
Number of asset objects unloaded after import = 3
========================================================================
Received Import Request.
  Time since last request: 0.000033 seconds.
  path: Assets/Tiles/main_lev_build_1513.asset
  artifactKey: Guid(5f4bed8643feedb4bb1bbe777e0f7d16) Importer(815301076,1909f56bfc062723c751e8b465ee728b)
Start importing Assets/Tiles/main_lev_build_1513.asset using Guid(5f4bed8643feedb4bb1bbe777e0f7d16) Importer(815301076,1909f56bfc062723c751e8b465ee728b) [PhysX] Initialized MultithreadedTaskDispatcher with 12 workers.
 -> (artifact id: '34b06a293fcaf474003bd80ad17ace80') in 0.028247 seconds
Number of updated asset objects reloaded before import = 0
Number of asset objects unloaded after import = 3
========================================================================
Received Import Request.
  Time since last request: 0.000044 seconds.
  path: Assets/Tiles/main_lev_build_1720.asset
  artifactKey: Guid(feea0fdee28c27146824565072147522) Importer(815301076,1909f56bfc062723c751e8b465ee728b)
Start importing Assets/Tiles/main_lev_build_1720.asset using Guid(feea0fdee28c27146824565072147522) Importer(815301076,1909f56bfc062723c751e8b465ee728b) [PhysX] Initialized MultithreadedTaskDispatcher with 12 workers.
 -> (artifact id: 'b1f7c8c6292d603ff57af0937d2badf1') in 0.035089 seconds
Number of updated asset objects reloaded before import = 0
Number of asset objects unloaded after import = 3
========================================================================
Received Import Request.
  Time since last request: 0.000029 seconds.
  path: Assets/Tiles/main_lev_build_493.asset
  artifactKey: Guid(634cd40915002714f8cf66c6c178690f) Importer(815301076,1909f56bfc062723c751e8b465ee728b)
Start importing Assets/Tiles/main_lev_build_493.asset using Guid(634cd40915002714f8cf66c6c178690f) Importer(815301076,1909f56bfc062723c751e8b465ee728b) [PhysX] Initialized MultithreadedTaskDispatcher with 12 workers.
 -> (artifact id: 'dc03e5ff6d92d14ddaacb323ac203fa2') in 0.031308 seconds
Number of updated asset objects reloaded before import = 0
Number of asset objects unloaded after import = 3
========================================================================
Received Import Request.
  Time since last request: 0.000067 seconds.
  path: Assets/Tiles/main_lev_build_900.asset
  artifactKey: Guid(8cb0e83a83d72dc4b88779a9c56c1728) Importer(815301076,1909f56bfc062723c751e8b465ee728b)
Start importing Assets/Tiles/main_lev_build_900.asset using Guid(8cb0e83a83d72dc4b88779a9c56c1728) Importer(815301076,1909f56bfc062723c751e8b465ee728b) [PhysX] Initialized MultithreadedTaskDispatcher with 12 workers.
 -> (artifact id: 'f7a70d20ac2e1cbf6d1ac5f9938549c6') in 0.032185 seconds
Number of updated asset objects reloaded before import = 0
Number of asset objects unloaded after import = 3
========================================================================
Received Import Request.
  Time since last request: 0.000029 seconds.
  path: Assets/Tiles/main_lev_build_135.asset
  artifactKey: Guid(d2d0d3eddbd26d846a667ab4222f2bc1) Importer(815301076,1909f56bfc062723c751e8b465ee728b)
Start importing Assets/Tiles/main_lev_build_135.asset using Guid(d2d0d3eddbd26d846a667ab4222f2bc1) Importer(815301076,1909f56bfc062723c751e8b465ee728b) [PhysX] Initialized MultithreadedTaskDispatcher with 12 workers.
 -> (artifact id: '8e00e50386577462927e97c765f53f7c') in 0.041769 seconds
Number of updated asset objects reloaded before import = 0
Number of asset objects unloaded after import = 3
========================================================================
Received Import Request.
  Time since last request: 0.000028 seconds.
  path: Assets/Tiles/main_lev_build_1707.asset
  artifactKey: Guid(7ca0a17b5b4191d489d3cf6cadfa1c0d) Importer(815301076,1909f56bfc062723c751e8b465ee728b)
Start importing Assets/Tiles/main_lev_build_1707.asset using Guid(7ca0a17b5b4191d489d3cf6cadfa1c0d) Importer(815301076,1909f56bfc062723c751e8b465ee728b) [PhysX] Initialized MultithreadedTaskDispatcher with 12 workers.
 -> (artifact id: '26ca9e69bfd1736335adfa640e6e05cb') in 0.027787 seconds
Number of updated asset objects reloaded before import = 0
Number of asset objects unloaded after import = 3
========================================================================
Received Import Request.
  Time since last request: 0.000036 seconds.
  path: Assets/Tiles/main_lev_build_778.asset
  artifactKey: Guid(876848778ea377a47945c75b1164c6e8) Importer(815301076,1909f56bfc062723c751e8b465ee728b)
Start importing Assets/Tiles/main_lev_build_778.asset using Guid(876848778ea377a47945c75b1164c6e8) Importer(815301076,1909f56bfc062723c751e8b465ee728b) [PhysX] Initialized MultithreadedTaskDispatcher with 12 workers.
 -> (artifact id: 'e500c5457fae3fd917cc130294e08f5d') in 0.029396 seconds
Number of updated asset objects reloaded before import = 0
Number of asset objects unloaded after import = 3
========================================================================
Received Import Request.
  Time since last request: 0.000042 seconds.
  path: Assets/Tiles/main_lev_build_1145.asset
  artifactKey: Guid(22118f8657465994a9c50802ebf1d276) Importer(815301076,1909f56bfc062723c751e8b465ee728b)
Start importing Assets/Tiles/main_lev_build_1145.asset using Guid(22118f8657465994a9c50802ebf1d276) Importer(815301076,1909f56bfc062723c751e8b465ee728b) [PhysX] Initialized MultithreadedTaskDispatcher with 12 workers.
 -> (artifact id: '28d61b6dce4f2d5a38a8e62ccc024fbc') in 0.027223 seconds
Number of updated asset objects reloaded before import = 0
Number of asset objects unloaded after import = 3
========================================================================
Received Import Request.
  Time since last request: 0.000039 seconds.
  path: Assets/Tiles/main_lev_build_241.asset
  artifactKey: Guid(b29a5ed76ddac364dbb09960caa07037) Importer(815301076,1909f56bfc062723c751e8b465ee728b)
Start importing Assets/Tiles/main_lev_build_241.asset using Guid(b29a5ed76ddac364dbb09960caa07037) Importer(815301076,1909f56bfc062723c751e8b465ee728b) [PhysX] Initialized MultithreadedTaskDispatcher with 12 workers.
 -> (artifact id: '1ea31a2e10da0546f78389e7f91f4289') in 0.027491 seconds
Number of updated asset objects reloaded before import = 0
Number of asset objects unloaded after import = 3
========================================================================
Received Import Request.
  Time since last request: 0.000031 seconds.
  path: Assets/Tiles/main_lev_build_1039.asset
  artifactKey: Guid(53bee130f1b1d854e84e3efd9e8d399c) Importer(815301076,1909f56bfc062723c751e8b465ee728b)
Start importing Assets/Tiles/main_lev_build_1039.asset using Guid(53bee130f1b1d854e84e3efd9e8d399c) Importer(815301076,1909f56bfc062723c751e8b465ee728b) [PhysX] Initialized MultithreadedTaskDispatcher with 12 workers.
 -> (artifact id: 'b8a0622cbadffc9d8a76638484036139') in 0.030928 seconds
Number of updated asset objects reloaded before import = 0
Number of asset objects unloaded after import = 3
========================================================================
Received Import Request.
  Time since last request: 0.000037 seconds.
  path: Assets/Tiles/main_lev_build_248.asset
  artifactKey: Guid(70ef2c6aebb175748b6f96210a848b4a) Importer(815301076,1909f56bfc062723c751e8b465ee728b)
Start importing Assets/Tiles/main_lev_build_248.asset using Guid(70ef2c6aebb175748b6f96210a848b4a) Importer(815301076,1909f56bfc062723c751e8b465ee728b) [PhysX] Initialized MultithreadedTaskDispatcher with 12 workers.
 -> (artifact id: 'fc3269665baa64023ba13f876f45aa2d') in 0.031449 seconds
Number of updated asset objects reloaded before import = 0
Number of asset objects unloaded after import = 3
========================================================================
Received Import Request.
  Time since last request: 0.000030 seconds.
  path: Assets/Tiles/main_lev_build_530.asset
  artifactKey: Guid(48ab22f76b934fb4eb86602d8cee44d4) Importer(815301076,1909f56bfc062723c751e8b465ee728b)
Start importing Assets/Tiles/main_lev_build_530.asset using Guid(48ab22f76b934fb4eb86602d8cee44d4) Importer(815301076,1909f56bfc062723c751e8b465ee728b) [PhysX] Initialized MultithreadedTaskDispatcher with 12 workers.
 -> (artifact id: '7d66bc451174d5753e9aa04ee7760b4c') in 0.039315 seconds
Number of updated asset objects reloaded before import = 0
Number of asset objects unloaded after import = 3
========================================================================
Received Import Request.
  Time since last request: 0.000031 seconds.
  path: Assets/Tiles/main_lev_build_700.asset
  artifactKey: Guid(d3ff39c6916f7f448aa03679cc155e7a) Importer(815301076,1909f56bfc062723c751e8b465ee728b)
Start importing Assets/Tiles/main_lev_build_700.asset using Guid(d3ff39c6916f7f448aa03679cc155e7a) Importer(815301076,1909f56bfc062723c751e8b465ee728b) [PhysX] Initialized MultithreadedTaskDispatcher with 12 workers.
 -> (artifact id: '40517ec3e476690ddd288e9e83feb82c') in 0.027949 seconds
Number of updated asset objects reloaded before import = 0
Number of asset objects unloaded after import = 3
========================================================================
Received Import Request.
  Time since last request: 0.000032 seconds.
  path: Assets/Tiles/main_lev_build_1005.asset
  artifactKey: Guid(cea4cc2ee2bcedd4d98f87a97b3225b1) Importer(815301076,1909f56bfc062723c751e8b465ee728b)
Start importing Assets/Tiles/main_lev_build_1005.asset using Guid(cea4cc2ee2bcedd4d98f87a97b3225b1) Importer(815301076,1909f56bfc062723c751e8b465ee728b) [PhysX] Initialized MultithreadedTaskDispatcher with 12 workers.
 -> (artifact id: 'ff614f839adc1b85c8bb43f7ce6ae271') in 0.030139 seconds
Number of updated asset objects reloaded before import = 0
Number of asset objects unloaded after import = 3
========================================================================
Received Import Request.
  Time since last request: 0.000028 seconds.
  path: Assets/Tiles/main_lev_build_630.asset
  artifactKey: Guid(f9f9ad2722ddab248bf8c548020e7bb2) Importer(815301076,1909f56bfc062723c751e8b465ee728b)
Start importing Assets/Tiles/main_lev_build_630.asset using Guid(f9f9ad2722ddab248bf8c548020e7bb2) Importer(815301076,1909f56bfc062723c751e8b465ee728b) [PhysX] Initialized MultithreadedTaskDispatcher with 12 workers.
 -> (artifact id: 'ad6a711e32c1828022691227cc96b074') in 0.031356 seconds
Number of updated asset objects reloaded before import = 0
Number of asset objects unloaded after import = 3
========================================================================
Received Import Request.
  Time since last request: 0.000055 seconds.
  path: Assets/Tiles/main_lev_build_304.asset
  artifactKey: Guid(5ec6912f1ace9b549ad77879c6c9f416) Importer(815301076,1909f56bfc062723c751e8b465ee728b)
Start importing Assets/Tiles/main_lev_build_304.asset using Guid(5ec6912f1ace9b549ad77879c6c9f416) Importer(815301076,1909f56bfc062723c751e8b465ee728b) [PhysX] Initialized MultithreadedTaskDispatcher with 12 workers.
 -> (artifact id: '96658ea73fb4a59faf22f55276229815') in 0.060836 seconds
Number of updated asset objects reloaded before import = 0
Number of asset objects unloaded after import = 3
========================================================================
Received Import Request.
  Time since last request: 0.000044 seconds.
  path: Assets/Tiles/main_lev_build_1712.asset
  artifactKey: Guid(59b77712a2d751c4cb98b8d4b86a6b1b) Importer(815301076,1909f56bfc062723c751e8b465ee728b)
Start importing Assets/Tiles/main_lev_build_1712.asset using Guid(59b77712a2d751c4cb98b8d4b86a6b1b) Importer(815301076,1909f56bfc062723c751e8b465ee728b) [PhysX] Initialized MultithreadedTaskDispatcher with 12 workers.
 -> (artifact id: 'df654e1361b7bdf7ff5fdd42cbe3547f') in 0.041014 seconds
Number of updated asset objects reloaded before import = 0
Number of asset objects unloaded after import = 3
========================================================================
Received Import Request.
  Time since last request: 0.000042 seconds.
  path: Assets/Tiles/main_lev_build_394.asset
  artifactKey: Guid(8d8829d7c36dcc74dbfa9efcfddedd29) Importer(815301076,1909f56bfc062723c751e8b465ee728b)
Start importing Assets/Tiles/main_lev_build_394.asset using Guid(8d8829d7c36dcc74dbfa9efcfddedd29) Importer(815301076,1909f56bfc062723c751e8b465ee728b) [PhysX] Initialized MultithreadedTaskDispatcher with 12 workers.
 -> (artifact id: 'a771bf09efc8d59c82d70799befaaf80') in 0.031408 seconds
Number of updated asset objects reloaded before import = 0
Number of asset objects unloaded after import = 3
========================================================================
Received Import Request.
  Time since last request: 0.000031 seconds.
  path: Assets/Tiles/main_lev_build_1079.asset
  artifactKey: Guid(d251cc68899f58c4cb6d13e668022236) Importer(815301076,1909f56bfc062723c751e8b465ee728b)
Start importing Assets/Tiles/main_lev_build_1079.asset using Guid(d251cc68899f58c4cb6d13e668022236) Importer(815301076,1909f56bfc062723c751e8b465ee728b) [PhysX] Initialized MultithreadedTaskDispatcher with 12 workers.
 -> (artifact id: '187199fd1c2fce172b9d06936ac6bd9c') in 0.028098 seconds
Number of updated asset objects reloaded before import = 0
Number of asset objects unloaded after import = 3
========================================================================
Received Import Request.
  Time since last request: 0.000026 seconds.
  path: Assets/Tiles/main_lev_build_609.asset
  artifactKey: Guid(9164f8a23f6a7704ebf55278a598c598) Importer(815301076,1909f56bfc062723c751e8b465ee728b)
Start importing Assets/Tiles/main_lev_build_609.asset using Guid(9164f8a23f6a7704ebf55278a598c598) Importer(815301076,1909f56bfc062723c751e8b465ee728b) [PhysX] Initialized MultithreadedTaskDispatcher with 12 workers.
 -> (artifact id: '22a5fee75e2d7eb151eb023ad38accd2') in 0.027503 seconds
Number of updated asset objects reloaded before import = 0
Number of asset objects unloaded after import = 3
========================================================================
Received Import Request.
  Time since last request: 0.000048 seconds.
  path: Assets/Tiles/main_lev_build_936.asset
  artifactKey: Guid(95b8230d1b47a544284ebae1d916f7dd) Importer(815301076,1909f56bfc062723c751e8b465ee728b)
Start importing Assets/Tiles/main_lev_build_936.asset using Guid(95b8230d1b47a544284ebae1d916f7dd) Importer(815301076,1909f56bfc062723c751e8b465ee728b) [PhysX] Initialized MultithreadedTaskDispatcher with 12 workers.
 -> (artifact id: '58a3f5abcafb2780e3bd36388a493c0a') in 0.027510 seconds
Number of updated asset objects reloaded before import = 0
Number of asset objects unloaded after import = 3
========================================================================
Received Import Request.
  Time since last request: 0.000030 seconds.
  path: Assets/Tiles/main_lev_build_611.asset
  artifactKey: Guid(17af878e2ad5b52438780c4a9a9ce991) Importer(815301076,1909f56bfc062723c751e8b465ee728b)
Start importing Assets/Tiles/main_lev_build_611.asset using Guid(17af878e2ad5b52438780c4a9a9ce991) Importer(815301076,1909f56bfc062723c751e8b465ee728b) [PhysX] Initialized MultithreadedTaskDispatcher with 12 workers.
 -> (artifact id: 'fce68eb5e65c3e3f2275b09b01287cd9') in 0.029141 seconds
Number of updated asset objects reloaded before import = 0
Number of asset objects unloaded after import = 3
========================================================================
Received Import Request.
  Time since last request: 0.000041 seconds.
  path: Assets/Tiles/main_lev_build_1343.asset
  artifactKey: Guid(88c3eafc6e5f84942be7a04422f0941f) Importer(815301076,1909f56bfc062723c751e8b465ee728b)
Start importing Assets/Tiles/main_lev_build_1343.asset using Guid(88c3eafc6e5f84942be7a04422f0941f) Importer(815301076,1909f56bfc062723c751e8b465ee728b) [PhysX] Initialized MultithreadedTaskDispatcher with 12 workers.
 -> (artifact id: '51d2717674a0204c57eeccfeaf0e93ec') in 0.027817 seconds
Number of updated asset objects reloaded before import = 0
Number of asset objects unloaded after import = 3
========================================================================
Received Import Request.
  Time since last request: 0.000039 seconds.
  path: Assets/Tiles/main_lev_build_1073.asset
  artifactKey: Guid(a0a4824e67f0fb94fbfcf7a86fe416dd) Importer(815301076,1909f56bfc062723c751e8b465ee728b)
Start importing Assets/Tiles/main_lev_build_1073.asset using Guid(a0a4824e67f0fb94fbfcf7a86fe416dd) Importer(815301076,1909f56bfc062723c751e8b465ee728b) [PhysX] Initialized MultithreadedTaskDispatcher with 12 workers.
 -> (artifact id: '33c7ef0ce95a0b620240cf563ddf9e25') in 0.032086 seconds
Number of updated asset objects reloaded before import = 0
Number of asset objects unloaded after import = 3
========================================================================
Received Import Request.
  Time since last request: 0.000053 seconds.
  path: Assets/Tiles/main_lev_build_1138.asset
  artifactKey: Guid(c11d0fc74ccdffa41a92bcee15aa2bed) Importer(815301076,1909f56bfc062723c751e8b465ee728b)
Start importing Assets/Tiles/main_lev_build_1138.asset using Guid(c11d0fc74ccdffa41a92bcee15aa2bed) Importer(815301076,1909f56bfc062723c751e8b465ee728b) [PhysX] Initialized MultithreadedTaskDispatcher with 12 workers.
 -> (artifact id: '588bea8870bd179e388f764b274682ed') in 0.038610 seconds
Number of updated asset objects reloaded before import = 0
Number of asset objects unloaded after import = 3
========================================================================
Received Import Request.
  Time since last request: 0.000040 seconds.
  path: Assets/Tiles/main_lev_build_1756.asset
  artifactKey: Guid(38bd7ff62716e454db0c60aebbb34ede) Importer(815301076,1909f56bfc062723c751e8b465ee728b)
Start importing Assets/Tiles/main_lev_build_1756.asset using Guid(38bd7ff62716e454db0c60aebbb34ede) Importer(815301076,1909f56bfc062723c751e8b465ee728b) [PhysX] Initialized MultithreadedTaskDispatcher with 12 workers.
 -> (artifact id: 'daffc35016569683ce8f39fcc5e6d570') in 0.034332 seconds
Number of updated asset objects reloaded before import = 0
Number of asset objects unloaded after import = 3
========================================================================
Received Import Request.
  Time since last request: 0.000034 seconds.
  path: Assets/Tiles/main_lev_build_1013.asset
  artifactKey: Guid(27b664bfe3305f841a1db586530c95bd) Importer(815301076,1909f56bfc062723c751e8b465ee728b)
Start importing Assets/Tiles/main_lev_build_1013.asset using Guid(27b664bfe3305f841a1db586530c95bd) Importer(815301076,1909f56bfc062723c751e8b465ee728b) [PhysX] Initialized MultithreadedTaskDispatcher with 12 workers.
 -> (artifact id: 'ba3987321dbb2bc6c1013890b7ec2908') in 0.038817 seconds
Number of updated asset objects reloaded before import = 0
Number of asset objects unloaded after import = 3
========================================================================
Received Import Request.
  Time since last request: 0.000028 seconds.
  path: Assets/Tiles/main_lev_build_245.asset
  artifactKey: Guid(2fecb19e6e8ff1445a9f7b276715e428) Importer(815301076,1909f56bfc062723c751e8b465ee728b)
Start importing Assets/Tiles/main_lev_build_245.asset using Guid(2fecb19e6e8ff1445a9f7b276715e428) Importer(815301076,1909f56bfc062723c751e8b465ee728b) [PhysX] Initialized MultithreadedTaskDispatcher with 12 workers.
 -> (artifact id: 'b5650dc3e6ff2e3fc9302364b63885bd') in 0.033748 seconds
Number of updated asset objects reloaded before import = 0
Number of asset objects unloaded after import = 3
========================================================================
Received Import Request.
  Time since last request: 0.000030 seconds.
  path: Assets/Tiles/main_lev_build_1087.asset
  artifactKey: Guid(4243b40e32f86ff4483045557e2e9604) Importer(815301076,1909f56bfc062723c751e8b465ee728b)
Start importing Assets/Tiles/main_lev_build_1087.asset using Guid(4243b40e32f86ff4483045557e2e9604) Importer(815301076,1909f56bfc062723c751e8b465ee728b) [PhysX] Initialized MultithreadedTaskDispatcher with 12 workers.
 -> (artifact id: '6f8412975ba99094957412f87ab188c8') in 0.026580 seconds
Number of updated asset objects reloaded before import = 0
Number of asset objects unloaded after import = 3
========================================================================
Received Import Request.
  Time since last request: 0.000027 seconds.
  path: Assets/Tiles/main_lev_build_144.asset
  artifactKey: Guid(e41b23cdb8710254989a0a620da69ff3) Importer(815301076,1909f56bfc062723c751e8b465ee728b)
Start importing Assets/Tiles/main_lev_build_144.asset using Guid(e41b23cdb8710254989a0a620da69ff3) Importer(815301076,1909f56bfc062723c751e8b465ee728b) [PhysX] Initialized MultithreadedTaskDispatcher with 12 workers.
 -> (artifact id: '6c7e1e0ed25134839a794243cf2cf311') in 0.033054 seconds
Number of updated asset objects reloaded before import = 0
Number of asset objects unloaded after import = 3
========================================================================
Received Import Request.
  Time since last request: 0.000036 seconds.
  path: Assets/Tiles/main_lev_build_145.asset
  artifactKey: Guid(4e380f0c0e13582419c93baeabc7b058) Importer(815301076,1909f56bfc062723c751e8b465ee728b)
Start importing Assets/Tiles/main_lev_build_145.asset using Guid(4e380f0c0e13582419c93baeabc7b058) Importer(815301076,1909f56bfc062723c751e8b465ee728b) [PhysX] Initialized MultithreadedTaskDispatcher with 12 workers.
 -> (artifact id: '28d67737f2d50def9e7e72ea6b49a9e0') in 0.039498 seconds
Number of updated asset objects reloaded before import = 0
Number of asset objects unloaded after import = 3
========================================================================
Received Import Request.
  Time since last request: 0.000041 seconds.
  path: Assets/Tiles/main_lev_build_264.asset
  artifactKey: Guid(c173e545e1cf0474d91daa8afcedba44) Importer(815301076,1909f56bfc062723c751e8b465ee728b)
Start importing Assets/Tiles/main_lev_build_264.asset using Guid(c173e545e1cf0474d91daa8afcedba44) Importer(815301076,1909f56bfc062723c751e8b465ee728b) [PhysX] Initialized MultithreadedTaskDispatcher with 12 workers.
 -> (artifact id: '4a91dd705d885b092c0841e10191f362') in 0.028424 seconds
Number of updated asset objects reloaded before import = 0
Number of asset objects unloaded after import = 3
========================================================================
Received Import Request.
  Time since last request: 0.000035 seconds.
  path: Assets/Tiles/main_lev_build_307.asset
  artifactKey: Guid(95a586c5c26423640bc02853303ca276) Importer(815301076,1909f56bfc062723c751e8b465ee728b)
Start importing Assets/Tiles/main_lev_build_307.asset using Guid(95a586c5c26423640bc02853303ca276) Importer(815301076,1909f56bfc062723c751e8b465ee728b) [PhysX] Initialized MultithreadedTaskDispatcher with 12 workers.
 -> (artifact id: '756355c6b7a8d633b06816a1c119cd3f') in 0.026637 seconds
Number of updated asset objects reloaded before import = 0
Number of asset objects unloaded after import = 3
========================================================================
Received Import Request.
  Time since last request: 0.000037 seconds.
  path: Assets/Tiles/main_lev_build_677.asset
  artifactKey: Guid(272815f1b74d6db48a8ec471f6bdf4d0) Importer(815301076,1909f56bfc062723c751e8b465ee728b)
Start importing Assets/Tiles/main_lev_build_677.asset using Guid(272815f1b74d6db48a8ec471f6bdf4d0) Importer(815301076,1909f56bfc062723c751e8b465ee728b) [PhysX] Initialized MultithreadedTaskDispatcher with 12 workers.
 -> (artifact id: 'd5f9a1693c87f6d849e45292b6c1d786') in 0.024817 seconds
Number of updated asset objects reloaded before import = 0
Number of asset objects unloaded after import = 3
========================================================================
Received Import Request.
  Time since last request: 0.000040 seconds.
  path: Assets/Tiles/main_lev_build_853.asset
  artifactKey: Guid(f32d0669061f8e746b826e803b6dcb72) Importer(815301076,1909f56bfc062723c751e8b465ee728b)
Start importing Assets/Tiles/main_lev_build_853.asset using Guid(f32d0669061f8e746b826e803b6dcb72) Importer(815301076,1909f56bfc062723c751e8b465ee728b) [PhysX] Initialized MultithreadedTaskDispatcher with 12 workers.
 -> (artifact id: 'd1879bbde0c790592a78d3549ea6f4c7') in 0.027950 seconds
Number of updated asset objects reloaded before import = 0
Number of asset objects unloaded after import = 3
========================================================================
Received Import Request.
  Time since last request: 0.000026 seconds.
  path: Assets/Tiles/main_lev_build_428.asset
  artifactKey: Guid(9b3c59f83a909d3458422e3ada7520fe) Importer(815301076,1909f56bfc062723c751e8b465ee728b)
Start importing Assets/Tiles/main_lev_build_428.asset using Guid(9b3c59f83a909d3458422e3ada7520fe) Importer(815301076,1909f56bfc062723c751e8b465ee728b) [PhysX] Initialized MultithreadedTaskDispatcher with 12 workers.
 -> (artifact id: '8c2453a51472a19e263a6dc2c82f20af') in 0.028759 seconds
Number of updated asset objects reloaded before import = 0
Number of asset objects unloaded after import = 3
========================================================================
Received Import Request.
  Time since last request: 0.000038 seconds.
  path: Assets/Tiles/main_lev_build_1723.asset
  artifactKey: Guid(774d27008b4e9b54a8e57631ae7ccdb2) Importer(815301076,1909f56bfc062723c751e8b465ee728b)
Start importing Assets/Tiles/main_lev_build_1723.asset using Guid(774d27008b4e9b54a8e57631ae7ccdb2) Importer(815301076,1909f56bfc062723c751e8b465ee728b) [PhysX] Initialized MultithreadedTaskDispatcher with 12 workers.
 -> (artifact id: '3542df4813a3b771d299523ecf6da4bf') in 0.028474 seconds
Number of updated asset objects reloaded before import = 0
Number of asset objects unloaded after import = 3
========================================================================
Received Import Request.
  Time since last request: 0.000035 seconds.
  path: Assets/Tiles/main_lev_build_508.asset
  artifactKey: Guid(d2c42c1c9ab04bc42bea7a46261c0b48) Importer(815301076,1909f56bfc062723c751e8b465ee728b)
Start importing Assets/Tiles/main_lev_build_508.asset using Guid(d2c42c1c9ab04bc42bea7a46261c0b48) Importer(815301076,1909f56bfc062723c751e8b465ee728b) [PhysX] Initialized MultithreadedTaskDispatcher with 12 workers.
 -> (artifact id: 'e982ade31234d228b155574f0c26ac55') in 0.031969 seconds
Number of updated asset objects reloaded before import = 0
Number of asset objects unloaded after import = 3
========================================================================
Received Import Request.
  Time since last request: 0.000034 seconds.
  path: Assets/Tiles/main_lev_build_768.asset
  artifactKey: Guid(ad2dd0f242fcc88419ab792cc0733f4e) Importer(815301076,1909f56bfc062723c751e8b465ee728b)
Start importing Assets/Tiles/main_lev_build_768.asset using Guid(ad2dd0f242fcc88419ab792cc0733f4e) Importer(815301076,1909f56bfc062723c751e8b465ee728b) [PhysX] Initialized MultithreadedTaskDispatcher with 12 workers.
 -> (artifact id: 'fa2e82529bd3073a6f5821bcb459f0a4') in 0.027445 seconds
Number of updated asset objects reloaded before import = 0
Number of asset objects unloaded after import = 3
========================================================================
Received Import Request.
  Time since last request: 0.000045 seconds.
  path: Assets/Tiles/main_lev_build_165.asset
  artifactKey: Guid(977ce64653fb8074399d738595646ce7) Importer(815301076,1909f56bfc062723c751e8b465ee728b)
Start importing Assets/Tiles/main_lev_build_165.asset using Guid(977ce64653fb8074399d738595646ce7) Importer(815301076,1909f56bfc062723c751e8b465ee728b) [PhysX] Initialized MultithreadedTaskDispatcher with 12 workers.
 -> (artifact id: '4b0100accf6ae19efa3d9826220d8b3b') in 0.029722 seconds
Number of updated asset objects reloaded before import = 0
Number of asset objects unloaded after import = 3
========================================================================
Received Import Request.
  Time since last request: 0.000027 seconds.
  path: Assets/Tiles/main_lev_build_147.asset
  artifactKey: Guid(2215d4f9104a37b4382864598f04be65) Importer(815301076,1909f56bfc062723c751e8b465ee728b)
Start importing Assets/Tiles/main_lev_build_147.asset using Guid(2215d4f9104a37b4382864598f04be65) Importer(815301076,1909f56bfc062723c751e8b465ee728b) [PhysX] Initialized MultithreadedTaskDispatcher with 12 workers.
 -> (artifact id: 'fba9fc2ad05f459f77eec410fa7fd18b') in 0.028563 seconds
Number of updated asset objects reloaded before import = 0
Number of asset objects unloaded after import = 3
========================================================================
Received Import Request.
  Time since last request: 0.000035 seconds.
  path: Assets/Tiles/main_lev_build_504.asset
  artifactKey: Guid(a9c1a588543991041a5d9d2e33434d15) Importer(815301076,1909f56bfc062723c751e8b465ee728b)
Start importing Assets/Tiles/main_lev_build_504.asset using Guid(a9c1a588543991041a5d9d2e33434d15) Importer(815301076,1909f56bfc062723c751e8b465ee728b) [PhysX] Initialized MultithreadedTaskDispatcher with 12 workers.
 -> (artifact id: '8e61091d55a3d06268dc443ae768c7f2') in 0.025036 seconds
Number of updated asset objects reloaded before import = 0
Number of asset objects unloaded after import = 3
========================================================================
Received Import Request.
  Time since last request: 0.000025 seconds.
  path: Assets/Tiles/main_lev_build_1069.asset
  artifactKey: Guid(a774a6b2600ef2a4f8af774aec666be7) Importer(815301076,1909f56bfc062723c751e8b465ee728b)
Start importing Assets/Tiles/main_lev_build_1069.asset using Guid(a774a6b2600ef2a4f8af774aec666be7) Importer(815301076,1909f56bfc062723c751e8b465ee728b) [PhysX] Initialized MultithreadedTaskDispatcher with 12 workers.
 -> (artifact id: '5baf868e43a7d30d315a3d3f90df2fdf') in 0.030328 seconds
Number of updated asset objects reloaded before import = 0
Number of asset objects unloaded after import = 3
========================================================================
Received Import Request.
  Time since last request: 0.000033 seconds.
  path: Assets/Tiles/main_lev_build_249.asset
  artifactKey: Guid(627b69622af05d44badd90e721f3b278) Importer(815301076,1909f56bfc062723c751e8b465ee728b)
Start importing Assets/Tiles/main_lev_build_249.asset using Guid(627b69622af05d44badd90e721f3b278) Importer(815301076,1909f56bfc062723c751e8b465ee728b) [PhysX] Initialized MultithreadedTaskDispatcher with 12 workers.
 -> (artifact id: 'faea4e4836413b313e850ea225798151') in 0.033438 seconds
Number of updated asset objects reloaded before import = 0
Number of asset objects unloaded after import = 3
========================================================================
Received Import Request.
  Time since last request: 0.000034 seconds.
  path: Assets/Tiles/main_lev_build_651.asset
  artifactKey: Guid(dd56fd9dfae846342b2c25ddfd88601a) Importer(815301076,1909f56bfc062723c751e8b465ee728b)
Start importing Assets/Tiles/main_lev_build_651.asset using Guid(dd56fd9dfae846342b2c25ddfd88601a) Importer(815301076,1909f56bfc062723c751e8b465ee728b) [PhysX] Initialized MultithreadedTaskDispatcher with 12 workers.
 -> (artifact id: '60e5451a546ed7213eeb65a55a9b309e') in 0.026719 seconds
Number of updated asset objects reloaded before import = 0
Number of asset objects unloaded after import = 3
========================================================================
Received Import Request.
  Time since last request: 0.000035 seconds.
  path: Assets/Tiles/main_lev_build_507.asset
  artifactKey: Guid(cbfe3957d8169834e99874bafb023d14) Importer(815301076,1909f56bfc062723c751e8b465ee728b)
Start importing Assets/Tiles/main_lev_build_507.asset using Guid(cbfe3957d8169834e99874bafb023d14) Importer(815301076,1909f56bfc062723c751e8b465ee728b) [PhysX] Initialized MultithreadedTaskDispatcher with 12 workers.
 -> (artifact id: '68ff09fe182fa32cb441c023e829fbd2') in 0.031530 seconds
Number of updated asset objects reloaded before import = 0
Number of asset objects unloaded after import = 3
========================================================================
Received Import Request.
  Time since last request: 0.000034 seconds.
  path: Assets/Tiles/main_lev_build_1560.asset
  artifactKey: Guid(a8251f237a1b6544f9a618fc6e8f05c1) Importer(815301076,1909f56bfc062723c751e8b465ee728b)
Start importing Assets/Tiles/main_lev_build_1560.asset using Guid(a8251f237a1b6544f9a618fc6e8f05c1) Importer(815301076,1909f56bfc062723c751e8b465ee728b) [PhysX] Initialized MultithreadedTaskDispatcher with 12 workers.
 -> (artifact id: '53fe975b520ebdb41c9090154f39a45f') in 0.030985 seconds
Number of updated asset objects reloaded before import = 0
Number of asset objects unloaded after import = 3
========================================================================
Received Import Request.
  Time since last request: 0.000039 seconds.
  path: Assets/Tiles/main_lev_build_542.asset
  artifactKey: Guid(dc1401eaf53a13c429ea145b46ec1321) Importer(815301076,1909f56bfc062723c751e8b465ee728b)
Start importing Assets/Tiles/main_lev_build_542.asset using Guid(dc1401eaf53a13c429ea145b46ec1321) Importer(815301076,1909f56bfc062723c751e8b465ee728b) [PhysX] Initialized MultithreadedTaskDispatcher with 12 workers.
 -> (artifact id: 'b2206a7cb448e5cb2d3deaf9b36392e9') in 0.032375 seconds
Number of updated asset objects reloaded before import = 0
Number of asset objects unloaded after import = 3
========================================================================
Received Import Request.
  Time since last request: 0.000029 seconds.
  path: Assets/Tiles/main_lev_build_259.asset
  artifactKey: Guid(5982e1b71a1cb9746b9536925edad4c4) Importer(815301076,1909f56bfc062723c751e8b465ee728b)
Start importing Assets/Tiles/main_lev_build_259.asset using Guid(5982e1b71a1cb9746b9536925edad4c4) Importer(815301076,1909f56bfc062723c751e8b465ee728b) [PhysX] Initialized MultithreadedTaskDispatcher with 12 workers.
 -> (artifact id: '8e38f84e8a8d60a20080796061a782f1') in 0.027745 seconds
Number of updated asset objects reloaded before import = 0
Number of asset objects unloaded after import = 3
========================================================================
Received Import Request.
  Time since last request: 0.000038 seconds.
  path: Assets/Tiles/main_lev_build_925.asset
  artifactKey: Guid(f18cc7591661caf498817b643b1631a8) Importer(815301076,1909f56bfc062723c751e8b465ee728b)
Start importing Assets/Tiles/main_lev_build_925.asset using Guid(f18cc7591661caf498817b643b1631a8) Importer(815301076,1909f56bfc062723c751e8b465ee728b) [PhysX] Initialized MultithreadedTaskDispatcher with 12 workers.
 -> (artifact id: 'b9736bcd63cf9e489ad726bc0d161b12') in 0.028519 seconds
Number of updated asset objects reloaded before import = 0
Number of asset objects unloaded after import = 3
========================================================================
Received Import Request.
  Time since last request: 0.000033 seconds.
  path: Assets/Tiles/main_lev_build_1065.asset
  artifactKey: Guid(1676aca2022af7f44834f3748b112a2e) Importer(815301076,1909f56bfc062723c751e8b465ee728b)
Start importing Assets/Tiles/main_lev_build_1065.asset using Guid(1676aca2022af7f44834f3748b112a2e) Importer(815301076,1909f56bfc062723c751e8b465ee728b) [PhysX] Initialized MultithreadedTaskDispatcher with 12 workers.
 -> (artifact id: 'c2568a6e659c8405f9c573c67b114490') in 0.029505 seconds
Number of updated asset objects reloaded before import = 0
Number of asset objects unloaded after import = 3
========================================================================
Received Import Request.
  Time since last request: 0.000032 seconds.
  path: Assets/Tiles/main_lev_build_1786.asset
  artifactKey: Guid(85f419ae9925ab543a539b1a77e55c78) Importer(815301076,1909f56bfc062723c751e8b465ee728b)
Start importing Assets/Tiles/main_lev_build_1786.asset using Guid(85f419ae9925ab543a539b1a77e55c78) Importer(815301076,1909f56bfc062723c751e8b465ee728b) [PhysX] Initialized MultithreadedTaskDispatcher with 12 workers.
 -> (artifact id: '2089a56538bdb1862617163c1dcafcdc') in 0.033230 seconds
Number of updated asset objects reloaded before import = 0
Number of asset objects unloaded after import = 3
========================================================================
Received Import Request.
  Time since last request: 0.000026 seconds.
  path: Assets/Tiles/main_lev_build_887.asset
  artifactKey: Guid(dd54cc97b24cb7742996804cb56fe556) Importer(815301076,1909f56bfc062723c751e8b465ee728b)
Start importing Assets/Tiles/main_lev_build_887.asset using Guid(dd54cc97b24cb7742996804cb56fe556) Importer(815301076,1909f56bfc062723c751e8b465ee728b) [PhysX] Initialized MultithreadedTaskDispatcher with 12 workers.
 -> (artifact id: 'd585bad5bfed0b22cd199d81cd3db9d9') in 0.029967 seconds
Number of updated asset objects reloaded before import = 0
Number of asset objects unloaded after import = 3
========================================================================
Received Import Request.
  Time since last request: 0.000035 seconds.
  path: Assets/Tiles/main_lev_build_1599.asset
  artifactKey: Guid(f1e0205bfe8958347b2134d8dc843952) Importer(815301076,1909f56bfc062723c751e8b465ee728b)
Start importing Assets/Tiles/main_lev_build_1599.asset using Guid(f1e0205bfe8958347b2134d8dc843952) Importer(815301076,1909f56bfc062723c751e8b465ee728b) [PhysX] Initialized MultithreadedTaskDispatcher with 12 workers.
 -> (artifact id: '61c26b7d8d900565ab94b623cbdb4db3') in 0.029215 seconds
Number of updated asset objects reloaded before import = 0
Number of asset objects unloaded after import = 3
========================================================================
Received Import Request.
  Time since last request: 0.000038 seconds.
  path: Assets/Tiles/main_lev_build_1573.asset
  artifactKey: Guid(6aba52ff79f13474ab6d34a2ecce5d4a) Importer(815301076,1909f56bfc062723c751e8b465ee728b)
Start importing Assets/Tiles/main_lev_build_1573.asset using Guid(6aba52ff79f13474ab6d34a2ecce5d4a) Importer(815301076,1909f56bfc062723c751e8b465ee728b) [PhysX] Initialized MultithreadedTaskDispatcher with 12 workers.
 -> (artifact id: 'd0dea8bc30b218a11072a4b3ca06579e') in 0.034693 seconds
Number of updated asset objects reloaded before import = 0
Number of asset objects unloaded after import = 3
========================================================================
Received Import Request.
  Time since last request: 0.000046 seconds.
  path: Assets/Tiles/main_lev_build_942.asset
  artifactKey: Guid(c591b561565e6bd4eaa01c4bcf866aa4) Importer(815301076,1909f56bfc062723c751e8b465ee728b)
Start importing Assets/Tiles/main_lev_build_942.asset using Guid(c591b561565e6bd4eaa01c4bcf866aa4) Importer(815301076,1909f56bfc062723c751e8b465ee728b) [PhysX] Initialized MultithreadedTaskDispatcher with 12 workers.
 -> (artifact id: '17bbff5e3fd0ce38acbf765a8a832923') in 0.030499 seconds
Number of updated asset objects reloaded before import = 0
Number of asset objects unloaded after import = 3
========================================================================
Received Import Request.
  Time since last request: 0.000029 seconds.
  path: Assets/Tiles/main_lev_build_943.asset
  artifactKey: Guid(43002a6c740c1844b8d500b66e51a260) Importer(815301076,1909f56bfc062723c751e8b465ee728b)
Start importing Assets/Tiles/main_lev_build_943.asset using Guid(43002a6c740c1844b8d500b66e51a260) Importer(815301076,1909f56bfc062723c751e8b465ee728b) [PhysX] Initialized MultithreadedTaskDispatcher with 12 workers.
 -> (artifact id: 'faeb353e857840b3292d8c517779ac8b') in 0.031347 seconds
Number of updated asset objects reloaded before import = 0
Number of asset objects unloaded after import = 3
========================================================================
Received Import Request.
  Time since last request: 0.000031 seconds.
  path: Assets/Tiles/main_lev_build_1085.asset
  artifactKey: Guid(e4429645a089d51479da21577de7aa64) Importer(815301076,1909f56bfc062723c751e8b465ee728b)
Start importing Assets/Tiles/main_lev_build_1085.asset using Guid(e4429645a089d51479da21577de7aa64) Importer(815301076,1909f56bfc062723c751e8b465ee728b) [PhysX] Initialized MultithreadedTaskDispatcher with 12 workers.
 -> (artifact id: '0ad0a0a3bc6c8fb345a6418d5dd9dbed') in 0.028535 seconds
Number of updated asset objects reloaded before import = 0
Number of asset objects unloaded after import = 3
========================================================================
Received Import Request.
  Time since last request: 0.000029 seconds.
  path: Assets/Tiles/main_lev_build_133.asset
  artifactKey: Guid(1873eb544da2fa246b2e8136aacb4e18) Importer(815301076,1909f56bfc062723c751e8b465ee728b)
Start importing Assets/Tiles/main_lev_build_133.asset using Guid(1873eb544da2fa246b2e8136aacb4e18) Importer(815301076,1909f56bfc062723c751e8b465ee728b) [PhysX] Initialized MultithreadedTaskDispatcher with 12 workers.
 -> (artifact id: 'af4a772d7407f867dca605ca5f5966a5') in 0.045349 seconds
Number of updated asset objects reloaded before import = 0
Number of asset objects unloaded after import = 3
========================================================================
Received Import Request.
  Time since last request: 0.000033 seconds.
  path: Assets/Tiles/main_lev_build_992.asset
  artifactKey: Guid(e6a3a2c9f07433546902c3606712b2d9) Importer(815301076,1909f56bfc062723c751e8b465ee728b)
Start importing Assets/Tiles/main_lev_build_992.asset using Guid(e6a3a2c9f07433546902c3606712b2d9) Importer(815301076,1909f56bfc062723c751e8b465ee728b) [PhysX] Initialized MultithreadedTaskDispatcher with 12 workers.
 -> (artifact id: 'f6e1d357cee1bd10db50d81189333a8e') in 0.027697 seconds
Number of updated asset objects reloaded before import = 0
Number of asset objects unloaded after import = 3
========================================================================
Received Import Request.
  Time since last request: 0.000037 seconds.
  path: Assets/Tiles/main_lev_build_255.asset
  artifactKey: Guid(0a7fac87ed8b584488f146dc7e11a110) Importer(815301076,1909f56bfc062723c751e8b465ee728b)
Start importing Assets/Tiles/main_lev_build_255.asset using Guid(0a7fac87ed8b584488f146dc7e11a110) Importer(815301076,1909f56bfc062723c751e8b465ee728b) [PhysX] Initialized MultithreadedTaskDispatcher with 12 workers.
 -> (artifact id: 'dcbc1764fc3e2160f6f4f586be9461f7') in 0.027731 seconds
Number of updated asset objects reloaded before import = 0
Number of asset objects unloaded after import = 3
========================================================================
Received Import Request.
  Time since last request: 0.000038 seconds.
  path: Assets/Tiles/main_lev_build_1344.asset
  artifactKey: Guid(9836a6e8fc43e174bae45f7e4b01cf5c) Importer(815301076,1909f56bfc062723c751e8b465ee728b)
Start importing Assets/Tiles/main_lev_build_1344.asset using Guid(9836a6e8fc43e174bae45f7e4b01cf5c) Importer(815301076,1909f56bfc062723c751e8b465ee728b) [PhysX] Initialized MultithreadedTaskDispatcher with 12 workers.
 -> (artifact id: 'c8c9f56777fc3b4fdb56e226513ba150') in 0.053352 seconds
Number of updated asset objects reloaded before import = 0
Number of asset objects unloaded after import = 3
========================================================================
Received Import Request.
  Time since last request: 0.000039 seconds.
  path: Assets/Tiles/main_lev_build_668.asset
  artifactKey: Guid(1f998f881ec89d940bf11c7a89148d01) Importer(815301076,1909f56bfc062723c751e8b465ee728b)
Start importing Assets/Tiles/main_lev_build_668.asset using Guid(1f998f881ec89d940bf11c7a89148d01) Importer(815301076,1909f56bfc062723c751e8b465ee728b) [PhysX] Initialized MultithreadedTaskDispatcher with 12 workers.
 -> (artifact id: '228070914265165abcee777493d8e9dc') in 0.028720 seconds
Number of updated asset objects reloaded before import = 0
Number of asset objects unloaded after import = 3
========================================================================
Received Import Request.
  Time since last request: 0.000049 seconds.
  path: Assets/Tiles/main_lev_build_1499.asset
  artifactKey: Guid(089db81dfc9d0684baf7601b2d5dd499) Importer(815301076,1909f56bfc062723c751e8b465ee728b)
Start importing Assets/Tiles/main_lev_build_1499.asset using Guid(089db81dfc9d0684baf7601b2d5dd499) Importer(815301076,1909f56bfc062723c751e8b465ee728b) [PhysX] Initialized MultithreadedTaskDispatcher with 12 workers.
 -> (artifact id: 'cb3f6c97c19b8a09b3bf4ecb631b388e') in 0.030562 seconds
Number of updated asset objects reloaded before import = 0
Number of asset objects unloaded after import = 3
========================================================================
Received Import Request.
  Time since last request: 0.000034 seconds.
  path: Assets/Tiles/main_lev_build_859.asset
  artifactKey: Guid(83f5b748f28d507458ffaf978e3cae68) Importer(815301076,1909f56bfc062723c751e8b465ee728b)
Start importing Assets/Tiles/main_lev_build_859.asset using Guid(83f5b748f28d507458ffaf978e3cae68) Importer(815301076,1909f56bfc062723c751e8b465ee728b) [PhysX] Initialized MultithreadedTaskDispatcher with 12 workers.
 -> (artifact id: '2170b81d63e2d4da62e2783aa58d1f87') in 0.030725 seconds
Number of updated asset objects reloaded before import = 0
Number of asset objects unloaded after import = 3
========================================================================
Received Import Request.
  Time since last request: 0.000054 seconds.
  path: Assets/Tiles/main_lev_build_181.asset
  artifactKey: Guid(b7d002ee496116e409e99cf5aa932ab0) Importer(815301076,1909f56bfc062723c751e8b465ee728b)
Start importing Assets/Tiles/main_lev_build_181.asset using Guid(b7d002ee496116e409e99cf5aa932ab0) Importer(815301076,1909f56bfc062723c751e8b465ee728b) [PhysX] Initialized MultithreadedTaskDispatcher with 12 workers.
 -> (artifact id: 'f157cd7d7131247e71bb888c6aad9e16') in 0.033707 seconds
Number of updated asset objects reloaded before import = 0
Number of asset objects unloaded after import = 3
========================================================================
Received Import Request.
  Time since last request: 0.000028 seconds.
  path: Assets/Tiles/main_lev_build_265.asset
  artifactKey: Guid(321d0d44ce98f7b41858a4a38e1cee77) Importer(815301076,1909f56bfc062723c751e8b465ee728b)
Start importing Assets/Tiles/main_lev_build_265.asset using Guid(321d0d44ce98f7b41858a4a38e1cee77) Importer(815301076,1909f56bfc062723c751e8b465ee728b) [PhysX] Initialized MultithreadedTaskDispatcher with 12 workers.
 -> (artifact id: 'a61b42bf0c371436d27ba8eac3bc5f55') in 0.044883 seconds
Number of updated asset objects reloaded before import = 0
Number of asset objects unloaded after import = 3
========================================================================
Received Import Request.
  Time since last request: 0.000044 seconds.
  path: Assets/Tiles/main_lev_build_456.asset
  artifactKey: Guid(ef7fb2a08f0f2264cab5d5e14555c46b) Importer(815301076,1909f56bfc062723c751e8b465ee728b)
Start importing Assets/Tiles/main_lev_build_456.asset using Guid(ef7fb2a08f0f2264cab5d5e14555c46b) Importer(815301076,1909f56bfc062723c751e8b465ee728b) [PhysX] Initialized MultithreadedTaskDispatcher with 12 workers.
 -> (artifact id: '1904ae43896b345fc194b0d8a8e9cf3d') in 0.029436 seconds
Number of updated asset objects reloaded before import = 0
Number of asset objects unloaded after import = 3
========================================================================
Received Import Request.
  Time since last request: 0.000056 seconds.
  path: Assets/Tiles/main_lev_build_1074.asset
  artifactKey: Guid(4259892b2d905834ead16db8d7b6528a) Importer(815301076,1909f56bfc062723c751e8b465ee728b)
Start importing Assets/Tiles/main_lev_build_1074.asset using Guid(4259892b2d905834ead16db8d7b6528a) Importer(815301076,1909f56bfc062723c751e8b465ee728b) [PhysX] Initialized MultithreadedTaskDispatcher with 12 workers.
 -> (artifact id: '52d789d31cbf7aa750c47317e8c7e134') in 0.029836 seconds
Number of updated asset objects reloaded before import = 0
Number of asset objects unloaded after import = 3
========================================================================
Received Import Request.
  Time since last request: 0.000038 seconds.
  path: Assets/Tiles/main_lev_build_228.asset
  artifactKey: Guid(52b9b3e3b4bfba84aab539a62e3b995a) Importer(815301076,1909f56bfc062723c751e8b465ee728b)
Start importing Assets/Tiles/main_lev_build_228.asset using Guid(52b9b3e3b4bfba84aab539a62e3b995a) Importer(815301076,1909f56bfc062723c751e8b465ee728b) [PhysX] Initialized MultithreadedTaskDispatcher with 12 workers.
 -> (artifact id: '8cb6152f8fd7ce527936020bf6df2882') in 0.026959 seconds
Number of updated asset objects reloaded before import = 0
Number of asset objects unloaded after import = 3
========================================================================
Received Import Request.
  Time since last request: 0.000049 seconds.
  path: Assets/Tiles/main_lev_build_157.asset
  artifactKey: Guid(54cb48420ac45f94c9f05d3a70d4f44b) Importer(815301076,1909f56bfc062723c751e8b465ee728b)
Start importing Assets/Tiles/main_lev_build_157.asset using Guid(54cb48420ac45f94c9f05d3a70d4f44b) Importer(815301076,1909f56bfc062723c751e8b465ee728b) [PhysX] Initialized MultithreadedTaskDispatcher with 12 workers.
 -> (artifact id: '560ec82f07eb43939995b10dd55d075f') in 0.026301 seconds
Number of updated asset objects reloaded before import = 0
Number of asset objects unloaded after import = 3
========================================================================
Received Import Request.
  Time since last request: 0.000042 seconds.
  path: Assets/Tiles/main_lev_build_933.asset
  artifactKey: Guid(1b8297c8b65c0ba438a809e5920a4e17) Importer(815301076,1909f56bfc062723c751e8b465ee728b)
Start importing Assets/Tiles/main_lev_build_933.asset using Guid(1b8297c8b65c0ba438a809e5920a4e17) Importer(815301076,1909f56bfc062723c751e8b465ee728b) [PhysX] Initialized MultithreadedTaskDispatcher with 12 workers.
 -> (artifact id: '85a724c2e70a953bbdbaa9b0f2ad0e45') in 0.027793 seconds
Number of updated asset objects reloaded before import = 0
Number of asset objects unloaded after import = 3
========================================================================
Received Import Request.
  Time since last request: 0.000030 seconds.
  path: Assets/Tiles/main_lev_build_139.asset
  artifactKey: Guid(5154b40b6d00b2145a800f76c4d702fb) Importer(815301076,1909f56bfc062723c751e8b465ee728b)
Start importing Assets/Tiles/main_lev_build_139.asset using Guid(5154b40b6d00b2145a800f76c4d702fb) Importer(815301076,1909f56bfc062723c751e8b465ee728b) [PhysX] Initialized MultithreadedTaskDispatcher with 12 workers.
 -> (artifact id: 'daa5b8bc9350fd9e3d9e81d524671b16') in 0.030131 seconds
Number of updated asset objects reloaded before import = 0
Number of asset objects unloaded after import = 3
========================================================================
Received Import Request.
  Time since last request: 0.000029 seconds.
  path: Assets/Tiles/main_lev_build_113.asset
  artifactKey: Guid(44c8eae7a7d504042ae1018bf432eb7d) Importer(815301076,1909f56bfc062723c751e8b465ee728b)
Start importing Assets/Tiles/main_lev_build_113.asset using Guid(44c8eae7a7d504042ae1018bf432eb7d) Importer(815301076,1909f56bfc062723c751e8b465ee728b) [PhysX] Initialized MultithreadedTaskDispatcher with 12 workers.
 -> (artifact id: 'e063f1cf2ac4676329296c063d7dc74e') in 0.026295 seconds
Number of updated asset objects reloaded before import = 0
Number of asset objects unloaded after import = 3
========================================================================
Received Import Request.
  Time since last request: 0.000036 seconds.
  path: Assets/Tiles/main_lev_build_482.asset
  artifactKey: Guid(44b9e47299a574a4da2e6483d37bbd5d) Importer(815301076,1909f56bfc062723c751e8b465ee728b)
Start importing Assets/Tiles/main_lev_build_482.asset using Guid(44b9e47299a574a4da2e6483d37bbd5d) Importer(815301076,1909f56bfc062723c751e8b465ee728b) [PhysX] Initialized MultithreadedTaskDispatcher with 12 workers.
 -> (artifact id: '606083bdfe42759069efc4d611bfc068') in 0.027255 seconds
Number of updated asset objects reloaded before import = 0
Number of asset objects unloaded after import = 3
========================================================================
Received Import Request.
  Time since last request: 0.000028 seconds.
  path: Assets/Tiles/main_lev_build_457.asset
  artifactKey: Guid(2fd9dfc7451c25246bb76ee100e24586) Importer(815301076,1909f56bfc062723c751e8b465ee728b)
Start importing Assets/Tiles/main_lev_build_457.asset using Guid(2fd9dfc7451c25246bb76ee100e24586) Importer(815301076,1909f56bfc062723c751e8b465ee728b) [PhysX] Initialized MultithreadedTaskDispatcher with 12 workers.
 -> (artifact id: '2ca255fff5349ac17bbfaddc9bb5a5bd') in 0.031138 seconds
Number of updated asset objects reloaded before import = 0
Number of asset objects unloaded after import = 3
========================================================================
Received Import Request.
  Time since last request: 2.796374 seconds.
  path: Assets/Tiles/main_lev_build_1470.asset
  artifactKey: Guid(9cf571985eada834297f94de3b1f6154) Importer(815301076,1909f56bfc062723c751e8b465ee728b)
Start importing Assets/Tiles/main_lev_build_1470.asset using Guid(9cf571985eada834297f94de3b1f6154) Importer(815301076,1909f56bfc062723c751e8b465ee728b) [PhysX] Initialized MultithreadedTaskDispatcher with 12 workers.
 -> (artifact id: '9832d614a7334ab6e01f18ef0176152c') in 0.030379 seconds
Number of updated asset objects reloaded before import = 0
Number of asset objects unloaded after import = 3
========================================================================
Received Import Request.
  Time since last request: 0.000030 seconds.
  path: Assets/Tiles/main_lev_build_1479.asset
  artifactKey: Guid(abc0526012261374ca110f3b8941b59a) Importer(815301076,1909f56bfc062723c751e8b465ee728b)
Start importing Assets/Tiles/main_lev_build_1479.asset using Guid(abc0526012261374ca110f3b8941b59a) Importer(815301076,1909f56bfc062723c751e8b465ee728b) [PhysX] Initialized MultithreadedTaskDispatcher with 12 workers.
 -> (artifact id: '47a96cefd0ea1576a55d621bf5bde873') in 0.028361 seconds
Number of updated asset objects reloaded before import = 0
Number of asset objects unloaded after import = 3
========================================================================
Received Import Request.
  Time since last request: 0.000029 seconds.
  path: Assets/Tiles/main_lev_build_1474.asset
  artifactKey: Guid(d1d09eeac6f07404b84ba551904267db) Importer(815301076,1909f56bfc062723c751e8b465ee728b)
Start importing Assets/Tiles/main_lev_build_1474.asset using Guid(d1d09eeac6f07404b84ba551904267db) Importer(815301076,1909f56bfc062723c751e8b465ee728b) [PhysX] Initialized MultithreadedTaskDispatcher with 12 workers.
 -> (artifact id: 'ec7f902efb2fa09fdb88fc83c7198c1b') in 0.024118 seconds
Number of updated asset objects reloaded before import = 0
Number of asset objects unloaded after import = 3
========================================================================
Received Import Request.
  Time since last request: 0.000029 seconds.
  path: Assets/Tiles/main_lev_build_1477.asset
  artifactKey: Guid(e8fc7d45061c3bf419569c0e1c6c5070) Importer(815301076,1909f56bfc062723c751e8b465ee728b)
Start importing Assets/Tiles/main_lev_build_1477.asset using Guid(e8fc7d45061c3bf419569c0e1c6c5070) Importer(815301076,1909f56bfc062723c751e8b465ee728b) [PhysX] Initialized MultithreadedTaskDispatcher with 12 workers.
 -> (artifact id: 'a5ac047d085bbff84dfb39e6aa0f0f50') in 0.028468 seconds
Number of updated asset objects reloaded before import = 0
Number of asset objects unloaded after import = 3
========================================================================
Received Import Request.
  Time since last request: 0.000036 seconds.
  path: Assets/Tiles/main_lev_build_1478.asset
  artifactKey: Guid(275a7bdb60ff0ff4a80adea194345028) Importer(815301076,1909f56bfc062723c751e8b465ee728b)
Start importing Assets/Tiles/main_lev_build_1478.asset using Guid(275a7bdb60ff0ff4a80adea194345028) Importer(815301076,1909f56bfc062723c751e8b465ee728b) [PhysX] Initialized MultithreadedTaskDispatcher with 12 workers.
 -> (artifact id: '1bae573d87c542650c3c8e1b1b5d5310') in 0.031265 seconds
Number of updated asset objects reloaded before import = 0
Number of asset objects unloaded after import = 3
========================================================================
Received Import Request.
  Time since last request: 0.472618 seconds.
  path: Assets/Tiles/main_lev_build_1455.asset
  artifactKey: Guid(3e2567e9bc91b5746bf1028de47618ca) Importer(815301076,1909f56bfc062723c751e8b465ee728b)
Start importing Assets/Tiles/main_lev_build_1455.asset using Guid(3e2567e9bc91b5746bf1028de47618ca) Importer(815301076,1909f56bfc062723c751e8b465ee728b) [PhysX] Initialized MultithreadedTaskDispatcher with 12 workers.
 -> (artifact id: '716775a242f191975f1703b876a6505c') in 0.034641 seconds
Number of updated asset objects reloaded before import = 0
Number of asset objects unloaded after import = 3
========================================================================
Received Import Request.
  Time since last request: 0.000027 seconds.
  path: Assets/Tiles/main_lev_build_1467.asset
  artifactKey: Guid(0388deb28831b6a488e279617ecbcfee) Importer(815301076,1909f56bfc062723c751e8b465ee728b)
Start importing Assets/Tiles/main_lev_build_1467.asset using Guid(0388deb28831b6a488e279617ecbcfee) Importer(815301076,1909f56bfc062723c751e8b465ee728b) [PhysX] Initialized MultithreadedTaskDispatcher with 12 workers.
 -> (artifact id: '4d09f87421d3772de7eaa0699c7e4a01') in 0.030696 seconds
Number of updated asset objects reloaded before import = 0
Number of asset objects unloaded after import = 3
========================================================================
Received Import Request.
  Time since last request: 0.000026 seconds.
  path: Assets/Tiles/main_lev_build_1447.asset
  artifactKey: Guid(0a733cfbf4788ab46a7d4b0dc41390f6) Importer(815301076,1909f56bfc062723c751e8b465ee728b)
Start importing Assets/Tiles/main_lev_build_1447.asset using Guid(0a733cfbf4788ab46a7d4b0dc41390f6) Importer(815301076,1909f56bfc062723c751e8b465ee728b) [PhysX] Initialized MultithreadedTaskDispatcher with 12 workers.
 -> (artifact id: '53bc22a4f3b9a37c2c0971ae7546b53f') in 0.024667 seconds
Number of updated asset objects reloaded before import = 0
Number of asset objects unloaded after import = 3
========================================================================
Received Import Request.
  Time since last request: 0.000028 seconds.
  path: Assets/Tiles/main_lev_build_1438.asset
  artifactKey: Guid(c6e6c5ce99c3e464ab7f5c14505dccd3) Importer(815301076,1909f56bfc062723c751e8b465ee728b)
Start importing Assets/Tiles/main_lev_build_1438.asset using Guid(c6e6c5ce99c3e464ab7f5c14505dccd3) Importer(815301076,1909f56bfc062723c751e8b465ee728b) [PhysX] Initialized MultithreadedTaskDispatcher with 12 workers.
 -> (artifact id: '5f51becf97d73ee915f433d016da5096') in 0.036893 seconds
Number of updated asset objects reloaded before import = 0
Number of asset objects unloaded after import = 3
========================================================================
Received Import Request.
  Time since last request: 0.000043 seconds.
  path: Assets/Tiles/main_lev_build_1460.asset
  artifactKey: Guid(21fc01b005714cd418d605f71a5b297a) Importer(815301076,1909f56bfc062723c751e8b465ee728b)
Start importing Assets/Tiles/main_lev_build_1460.asset using Guid(21fc01b005714cd418d605f71a5b297a) Importer(815301076,1909f56bfc062723c751e8b465ee728b) [PhysX] Initialized MultithreadedTaskDispatcher with 12 workers.
 -> (artifact id: '2fc00a0f4ca3b32ea735b6b3cf980891') in 0.026917 seconds
Number of updated asset objects reloaded before import = 0
Number of asset objects unloaded after import = 3
========================================================================
Received Import Request.
  Time since last request: 0.000028 seconds.
  path: Assets/Tiles/main_lev_build_1451.asset
  artifactKey: Guid(8cab814cd2c0a0a43882f035f81145cd) Importer(815301076,1909f56bfc062723c751e8b465ee728b)
Start importing Assets/Tiles/main_lev_build_1451.asset using Guid(8cab814cd2c0a0a43882f035f81145cd) Importer(815301076,1909f56bfc062723c751e8b465ee728b) [PhysX] Initialized MultithreadedTaskDispatcher with 12 workers.
 -> (artifact id: 'bd2e965484ec8e5ae0b9f4e5bf863741') in 0.026422 seconds
Number of updated asset objects reloaded before import = 0
Number of asset objects unloaded after import = 3
========================================================================
Received Import Request.
  Time since last request: 0.000033 seconds.
  path: Assets/Tiles/main_lev_build_1444.asset
  artifactKey: Guid(7195eae10dce2fa4da359c76784d4d8d) Importer(815301076,1909f56bfc062723c751e8b465ee728b)
Start importing Assets/Tiles/main_lev_build_1444.asset using Guid(7195eae10dce2fa4da359c76784d4d8d) Importer(815301076,1909f56bfc062723c751e8b465ee728b) [PhysX] Initialized MultithreadedTaskDispatcher with 12 workers.
 -> (artifact id: 'c154c046af1ec89acd36e8c26b1f6acb') in 0.027801 seconds
Number of updated asset objects reloaded before import = 0
Number of asset objects unloaded after import = 3
========================================================================
Received Import Request.
  Time since last request: 0.000028 seconds.
  path: Assets/Tiles/main_lev_build_1441.asset
  artifactKey: Guid(937b9f374abde2f40826237bbed62fb4) Importer(815301076,1909f56bfc062723c751e8b465ee728b)
Start importing Assets/Tiles/main_lev_build_1441.asset using Guid(937b9f374abde2f40826237bbed62fb4) Importer(815301076,1909f56bfc062723c751e8b465ee728b) [PhysX] Initialized MultithreadedTaskDispatcher with 12 workers.
 -> (artifact id: '0f32750e6ee8239102b6f918f5793297') in 0.024930 seconds
Number of updated asset objects reloaded before import = 0
Number of asset objects unloaded after import = 3
========================================================================
Received Import Request.
  Time since last request: 0.000027 seconds.
  path: Assets/Tiles/main_lev_build_1463.asset
  artifactKey: Guid(6298984bd57c2f146925c1732860d84d) Importer(815301076,1909f56bfc062723c751e8b465ee728b)
Start importing Assets/Tiles/main_lev_build_1463.asset using Guid(6298984bd57c2f146925c1732860d84d) Importer(815301076,1909f56bfc062723c751e8b465ee728b) [PhysX] Initialized MultithreadedTaskDispatcher with 12 workers.
 -> (artifact id: '5fc082a5d717ace022bf303829f6c256') in 0.034247 seconds
Number of updated asset objects reloaded before import = 0
Number of asset objects unloaded after import = 3
========================================================================
Received Import Request.
  Time since last request: 0.000027 seconds.
  path: Assets/Tiles/main_lev_build_1458.asset
  artifactKey: Guid(1bc8119a6d9087649ad0fc4ee6bb8a16) Importer(815301076,1909f56bfc062723c751e8b465ee728b)
Start importing Assets/Tiles/main_lev_build_1458.asset using Guid(1bc8119a6d9087649ad0fc4ee6bb8a16) Importer(815301076,1909f56bfc062723c751e8b465ee728b) [PhysX] Initialized MultithreadedTaskDispatcher with 12 workers.
 -> (artifact id: '970e8e51b9316cb65910e36c3f617e4a') in 0.028947 seconds
Number of updated asset objects reloaded before import = 0
Number of asset objects unloaded after import = 3
========================================================================
Received Import Request.
  Time since last request: 0.346303 seconds.
  path: Assets/Tiles/main_lev_build_1425.asset
  artifactKey: Guid(5819706b1ad728642b01841c07465566) Importer(815301076,1909f56bfc062723c751e8b465ee728b)
Start importing Assets/Tiles/main_lev_build_1425.asset using Guid(5819706b1ad728642b01841c07465566) Importer(815301076,1909f56bfc062723c751e8b465ee728b) [PhysX] Initialized MultithreadedTaskDispatcher with 12 workers.
 -> (artifact id: '7a9a91ee8cba51a0737af9b1f3a8b207') in 0.028446 seconds
Number of updated asset objects reloaded before import = 0
Number of asset objects unloaded after import = 3
========================================================================
Received Import Request.
  Time since last request: 0.000046 seconds.
  path: Assets/Tiles/main_lev_build_1429.asset
  artifactKey: Guid(55fc8562d3e060344ad9a456e1415923) Importer(815301076,1909f56bfc062723c751e8b465ee728b)
Start importing Assets/Tiles/main_lev_build_1429.asset using Guid(55fc8562d3e060344ad9a456e1415923) Importer(815301076,1909f56bfc062723c751e8b465ee728b) [PhysX] Initialized MultithreadedTaskDispatcher with 12 workers.
 -> (artifact id: '526db1bf17f7678ca4eaf44098714078') in 0.026352 seconds
Number of updated asset objects reloaded before import = 0
Number of asset objects unloaded after import = 3
========================================================================
Received Import Request.
  Time since last request: 0.000020 seconds.
  path: Assets/Tiles/main_lev_build_1433.asset
  artifactKey: Guid(5b925a4c86861614da6530c47a023c06) Importer(815301076,1909f56bfc062723c751e8b465ee728b)
Start importing Assets/Tiles/main_lev_build_1433.asset using Guid(5b925a4c86861614da6530c47a023c06) Importer(815301076,1909f56bfc062723c751e8b465ee728b) [PhysX] Initialized MultithreadedTaskDispatcher with 12 workers.
 -> (artifact id: '4b80c8c0ee4be8aaafc75ee08339517f') in 0.027114 seconds
Number of updated asset objects reloaded before import = 0
Number of asset objects unloaded after import = 3
========================================================================
Received Import Request.
  Time since last request: 0.000029 seconds.
  path: Assets/Tiles/main_lev_build_1437.asset
  artifactKey: Guid(e64639278e3869346b547deb2fb08cc3) Importer(815301076,1909f56bfc062723c751e8b465ee728b)
Start importing Assets/Tiles/main_lev_build_1437.asset using Guid(e64639278e3869346b547deb2fb08cc3) Importer(815301076,1909f56bfc062723c751e8b465ee728b) [PhysX] Initialized MultithreadedTaskDispatcher with 12 workers.
 -> (artifact id: '2acd8d63db5ff3555241e07cb6f60bcd') in 0.023727 seconds
Number of updated asset objects reloaded before import = 0
Number of asset objects unloaded after import = 3
========================================================================
Received Import Request.
  Time since last request: 0.000035 seconds.
  path: Assets/Tiles/main_lev_build_1432.asset
  artifactKey: Guid(131436afb962f4345af4433a6dadee1e) Importer(815301076,1909f56bfc062723c751e8b465ee728b)
Start importing Assets/Tiles/main_lev_build_1432.asset using Guid(131436afb962f4345af4433a6dadee1e) Importer(815301076,1909f56bfc062723c751e8b465ee728b) [PhysX] Initialized MultithreadedTaskDispatcher with 12 workers.
 -> (artifact id: 'c712a83d3fd03fda67d73d303cfbe35a') in 0.026244 seconds
Number of updated asset objects reloaded before import = 0
Number of asset objects unloaded after import = 3
========================================================================
Received Import Request.
  Time since last request: 0.025222 seconds.
  path: Assets/Tiles/main_lev_build_1410.asset
  artifactKey: Guid(ddf5bb96217e13c418c60c268cb460fa) Importer(815301076,1909f56bfc062723c751e8b465ee728b)
Start importing Assets/Tiles/main_lev_build_1410.asset using Guid(ddf5bb96217e13c418c60c268cb460fa) Importer(815301076,1909f56bfc062723c751e8b465ee728b) [PhysX] Initialized MultithreadedTaskDispatcher with 12 workers.
 -> (artifact id: 'b43c4122d00b1e2c32b5a96543d41904') in 0.038163 seconds
Number of updated asset objects reloaded before import = 0
Number of asset objects unloaded after import = 3
========================================================================
Received Import Request.
  Time since last request: 0.000035 seconds.
  path: Assets/Tiles/main_lev_build_1422.asset
  artifactKey: Guid(293b9f574be1645429c1ea6da55c8a4f) Importer(815301076,1909f56bfc062723c751e8b465ee728b)
Start importing Assets/Tiles/main_lev_build_1422.asset using Guid(293b9f574be1645429c1ea6da55c8a4f) Importer(815301076,1909f56bfc062723c751e8b465ee728b) [PhysX] Initialized MultithreadedTaskDispatcher with 12 workers.
 -> (artifact id: 'd7f014944641ac253ff4abedae869d14') in 0.031227 seconds
Number of updated asset objects reloaded before import = 0
Number of asset objects unloaded after import = 3
========================================================================
Received Import Request.
  Time since last request: 0.000207 seconds.
  path: Assets/Tiles/main_lev_build_1420.asset
  artifactKey: Guid(239e2a4da4611194fae18780ed7165b1) Importer(815301076,1909f56bfc062723c751e8b465ee728b)
Start importing Assets/Tiles/main_lev_build_1420.asset using Guid(239e2a4da4611194fae18780ed7165b1) Importer(815301076,1909f56bfc062723c751e8b465ee728b) [PhysX] Initialized MultithreadedTaskDispatcher with 12 workers.
 -> (artifact id: '829b635630939f6259cca569a8090c82') in 0.033073 seconds
Number of updated asset objects reloaded before import = 0
Number of asset objects unloaded after import = 3
========================================================================
Received Import Request.
  Time since last request: 0.000029 seconds.
  path: Assets/Tiles/main_lev_build_1412.asset
  artifactKey: Guid(846b67e25f6692b4ab187a32046cdebb) Importer(815301076,1909f56bfc062723c751e8b465ee728b)
Start importing Assets/Tiles/main_lev_build_1412.asset using Guid(846b67e25f6692b4ab187a32046cdebb) Importer(815301076,1909f56bfc062723c751e8b465ee728b) [PhysX] Initialized MultithreadedTaskDispatcher with 12 workers.
 -> (artifact id: '4b3faae8ff691f01376cb20ef8cf44f0') in 0.114560 seconds
Number of updated asset objects reloaded before import = 0
Number of asset objects unloaded after import = 3
========================================================================
Received Import Request.
  Time since last request: 0.000025 seconds.
  path: Assets/Tiles/main_lev_build_1416.asset
  artifactKey: Guid(669ec69251a62e445870bce75baecdc4) Importer(815301076,1909f56bfc062723c751e8b465ee728b)
Start importing Assets/Tiles/main_lev_build_1416.asset using Guid(669ec69251a62e445870bce75baecdc4) Importer(815301076,1909f56bfc062723c751e8b465ee728b) [PhysX] Initialized MultithreadedTaskDispatcher with 12 workers.
 -> (artifact id: 'b0a80e2bfb2e171f9f2c9236bf78886d') in 0.037816 seconds
Number of updated asset objects reloaded before import = 0
Number of asset objects unloaded after import = 3
========================================================================
Received Import Request.
  Time since last request: 0.267830 seconds.
  path: Assets/Tiles/main_lev_build_1395.asset
  artifactKey: Guid(731e9a15e04e4a14db7a1cae78ec104e) Importer(815301076,1909f56bfc062723c751e8b465ee728b)
Start importing Assets/Tiles/main_lev_build_1395.asset using Guid(731e9a15e04e4a14db7a1cae78ec104e) Importer(815301076,1909f56bfc062723c751e8b465ee728b) [PhysX] Initialized MultithreadedTaskDispatcher with 12 workers.
 -> (artifact id: 'c632db286e6cbddffc08097bf66d1cb7') in 0.059005 seconds
Number of updated asset objects reloaded before import = 0
Number of asset objects unloaded after import = 3
========================================================================
Received Import Request.
  Time since last request: 0.000031 seconds.
  path: Assets/Tiles/main_lev_build_1403.asset
  artifactKey: Guid(00d85be716ea5984eb5fd32be5dde978) Importer(815301076,1909f56bfc062723c751e8b465ee728b)
Start importing Assets/Tiles/main_lev_build_1403.asset using Guid(00d85be716ea5984eb5fd32be5dde978) Importer(815301076,1909f56bfc062723c751e8b465ee728b) [PhysX] Initialized MultithreadedTaskDispatcher with 12 workers.
 -> (artifact id: 'bddb669d5af5de0ffa2f38a0792c60a3') in 0.030486 seconds
Number of updated asset objects reloaded before import = 0
Number of asset objects unloaded after import = 3
========================================================================
Received Import Request.
  Time since last request: 0.000025 seconds.
  path: Assets/Tiles/main_lev_build_1398.asset
  artifactKey: Guid(f292f2d6fbf15ba4492a972b628065af) Importer(815301076,1909f56bfc062723c751e8b465ee728b)
Start importing Assets/Tiles/main_lev_build_1398.asset using Guid(f292f2d6fbf15ba4492a972b628065af) Importer(815301076,1909f56bfc062723c751e8b465ee728b) [PhysX] Initialized MultithreadedTaskDispatcher with 12 workers.
 -> (artifact id: 'e8eb60deae36c8308fc9bd7d7c57991a') in 0.027638 seconds
Number of updated asset objects reloaded before import = 0
Number of asset objects unloaded after import = 3
========================================================================
Received Import Request.
  Time since last request: 0.000024 seconds.
  path: Assets/Tiles/main_lev_build_1380.asset
  artifactKey: Guid(1d963a399662eef4288282f8c7b74dea) Importer(815301076,1909f56bfc062723c751e8b465ee728b)
Start importing Assets/Tiles/main_lev_build_1380.asset using Guid(1d963a399662eef4288282f8c7b74dea) Importer(815301076,1909f56bfc062723c751e8b465ee728b) [PhysX] Initialized MultithreadedTaskDispatcher with 12 workers.
 -> (artifact id: 'c2b1d7c5e6ab33526e4b4ef8a4c8e399') in 0.039062 seconds
Number of updated asset objects reloaded before import = 0
Number of asset objects unloaded after import = 3
========================================================================
Received Import Request.
  Time since last request: 0.000031 seconds.
  path: Assets/Tiles/main_lev_build_1379.asset
  artifactKey: Guid(28cf33250caf40e469897ac78ecace7b) Importer(815301076,1909f56bfc062723c751e8b465ee728b)
Start importing Assets/Tiles/main_lev_build_1379.asset using Guid(28cf33250caf40e469897ac78ecace7b) Importer(815301076,1909f56bfc062723c751e8b465ee728b) [PhysX] Initialized MultithreadedTaskDispatcher with 12 workers.
 -> (artifact id: 'b2dda45d5718de1307816a6de78eee32') in 0.032433 seconds
Number of updated asset objects reloaded before import = 0
Number of asset objects unloaded after import = 3
========================================================================
Received Import Request.
  Time since last request: 0.000033 seconds.
  path: Assets/Tiles/main_lev_build_1385.asset
  artifactKey: Guid(40c6ae5ab98ff3d4bb882c480acfc3ef) Importer(815301076,1909f56bfc062723c751e8b465ee728b)
Start importing Assets/Tiles/main_lev_build_1385.asset using Guid(40c6ae5ab98ff3d4bb882c480acfc3ef) Importer(815301076,1909f56bfc062723c751e8b465ee728b) [PhysX] Initialized MultithreadedTaskDispatcher with 12 workers.
 -> (artifact id: 'ecbb10057bbeb01b5b245d300d46ec0d') in 0.033134 seconds
Number of updated asset objects reloaded before import = 0
Number of asset objects unloaded after import = 3
========================================================================
Received Import Request.
  Time since last request: 0.000035 seconds.
  path: Assets/Tiles/main_lev_build_1406.asset
  artifactKey: Guid(09716fb11b228354b958c9a31b5fad15) Importer(815301076,1909f56bfc062723c751e8b465ee728b)
Start importing Assets/Tiles/main_lev_build_1406.asset using Guid(09716fb11b228354b958c9a31b5fad15) Importer(815301076,1909f56bfc062723c751e8b465ee728b) [PhysX] Initialized MultithreadedTaskDispatcher with 12 workers.
 -> (artifact id: '7d2fcb3b0f7b0f075910d9e524f5c8fa') in 0.029319 seconds
Number of updated asset objects reloaded before import = 0
Number of asset objects unloaded after import = 3
========================================================================
Received Import Request.
  Time since last request: 0.000024 seconds.
  path: Assets/Tiles/main_lev_build_1381.asset
  artifactKey: Guid(f9c7f493e183ad143b1ca9214487f51e) Importer(815301076,1909f56bfc062723c751e8b465ee728b)
Start importing Assets/Tiles/main_lev_build_1381.asset using Guid(f9c7f493e183ad143b1ca9214487f51e) Importer(815301076,1909f56bfc062723c751e8b465ee728b) [PhysX] Initialized MultithreadedTaskDispatcher with 12 workers.
 -> (artifact id: '2e67eeac758a5a347b1b749ad5ea9267') in 0.030660 seconds
Number of updated asset objects reloaded before import = 0
Number of asset objects unloaded after import = 3
========================================================================
Received Import Request.
  Time since last request: 0.000028 seconds.
  path: Assets/Tiles/main_lev_build_1399.asset
  artifactKey: Guid(c55c6aebca560b748953836c6c5119e3) Importer(815301076,1909f56bfc062723c751e8b465ee728b)
Start importing Assets/Tiles/main_lev_build_1399.asset using Guid(c55c6aebca560b748953836c6c5119e3) Importer(815301076,1909f56bfc062723c751e8b465ee728b) [PhysX] Initialized MultithreadedTaskDispatcher with 12 workers.
 -> (artifact id: '2f4303771d514aa6b911004b28ad4ebb') in 0.026497 seconds
Number of updated asset objects reloaded before import = 0
Number of asset objects unloaded after import = 3
========================================================================
Received Import Request.
  Time since last request: 0.000025 seconds.
  path: Assets/Tiles/main_lev_build_1404.asset
  artifactKey: Guid(bb0b972a26c3d5e41967cdaa40205e9c) Importer(815301076,1909f56bfc062723c751e8b465ee728b)
Start importing Assets/Tiles/main_lev_build_1404.asset using Guid(bb0b972a26c3d5e41967cdaa40205e9c) Importer(815301076,1909f56bfc062723c751e8b465ee728b) [PhysX] Initialized MultithreadedTaskDispatcher with 12 workers.
 -> (artifact id: '2ecca3905a38601fbf713c83ac8954ef') in 0.025489 seconds
Number of updated asset objects reloaded before import = 0
Number of asset objects unloaded after import = 3
========================================================================
Received Import Request.
  Time since last request: 0.000027 seconds.
  path: Assets/Tiles/main_lev_build_1407.asset
  artifactKey: Guid(1b71ac378ee5ac846b941bb11c5e3b99) Importer(815301076,1909f56bfc062723c751e8b465ee728b)
Start importing Assets/Tiles/main_lev_build_1407.asset using Guid(1b71ac378ee5ac846b941bb11c5e3b99) Importer(815301076,1909f56bfc062723c751e8b465ee728b) [PhysX] Initialized MultithreadedTaskDispatcher with 12 workers.
 -> (artifact id: '6cf48507fc201fc0ae7e7b6c13959df9') in 0.028674 seconds
Number of updated asset objects reloaded before import = 0
Number of asset objects unloaded after import = 3
